transaction_id,timestamp,source_account,destination_account,amount,channel,transaction_type,is_suspicious,pattern_id,pattern_type
TXN000001,2026-06-01 02:21:53,ACC00571,ACC00563,4197.52,CASH_DEPOSIT,cash_deposit,0,,normal
TXN000002,2026-06-01 03:34:36,ACC00245,ACC00407,14933.53,UPI,transfer,0,,normal
TXN000003,2026-06-01 03:48:04,ACC00093,ACC00096,7274.49,UPI,transfer,0,,normal
TXN000004,2026-06-01 04:00:34,ACC00473,ACC00445,5472.44,UPI,transfer,0,,normal
TXN000005,2026-06-01 04:51:05,ACC00624,ACC00488,4377.72,IMPS,transfer,0,,normal
TXN000006,2026-06-01 05:04:04,ACC00529,ACC00220,7081.65,CASH_DEPOSIT,cash_deposit,0,,normal
TXN000007,2026-06-01 05:05:47,ACC00007,ACC00391,11633.95,RTGS,transfer,0,,normal
TXN000008,2026-06-01 05:19:05,ACC00634,ACC00340,47300.16,UPI,transfer,1,STRUCT011,structuring
TXN000009,2026-06-01 06:05:33,ACC00153,ACC00189,1747.05,UPI,transfer,0,,normal
TXN000010,2026-06-01 06:10:05,ACC00258,ACC00017,16302.0,RTGS,transfer,0,,normal
TXN000011,2026-06-01 06:18:33,ACC00634,ACC00008,49500.0,UPI,transfer,1,STRUCT011,structuring
TXN000012,2026-06-01 07:16:02,ACC00571,ACC00519,2057.31,NEFT,transfer,0,,normal
TXN000013,2026-06-01 07:26:01,ACC00442,ACC00282,5918.2,CASH_DEPOSIT,cash_deposit,0,,normal
TXN000014,2026-06-01 07:53:56,ACC00634,ACC00466,49500.0,UPI,transfer,1,STRUCT011,structuring
TXN000015,2026-06-01 08:11:04,ACC00443,ACC00334,741.51,CASH_DEPOSIT,cash_deposit,0,,normal
TXN000016,2026-06-01 08:26:50,ACC00400,ACC00035,9176.82,CASH_DEPOSIT,cash_deposit,0,,normal
TXN000017,2026-06-01 09:31:00,ACC00634,ACC00468,49500.0,UPI,transfer,1,STRUCT011,structuring
TXN000018,2026-06-01 09:53:01,ACC00363,ACC00522,9582.55,UPI,transfer,0,,normal
TXN000019,2026-06-01 09:53:17,ACC00602,ACC00685,5764.55,UPI,transfer,0,,normal
TXN000020,2026-06-01 10:05:30,ACC00009,ACC00661,2481.86,CASH_DEPOSIT,cash_deposit,0,,normal
TXN000021,2026-06-01 10:09:25,ACC00299,ACC00440,1468.95,CASH_DEPOSIT,cash_deposit,0,,normal
TXN000022,2026-06-01 10:21:55,ACC00200,ACC00480,2848.19,UPI,transfer,0,,normal
TXN000023,2026-06-01 10:27:16,ACC00639,ACC00240,3059.22,NEFT,transfer,0,,normal
TXN000024,2026-06-01 10:43:52,ACC00310,ACC00132,578.15,NEFT,transfer,0,,normal
TXN000025,2026-06-01 10:43:55,ACC00151,ACC00116,7656.66,UPI,transfer,0,,normal
TXN000026,2026-06-01 10:50:09,ACC00634,ACC00448,49500.0,IMPS,transfer,1,STRUCT011,structuring
TXN000027,2026-06-01 10:52:50,ACC00255,ACC00688,4414.95,NEFT,transfer,0,,normal
TXN000028,2026-06-01 10:53:45,ACC00675,ACC00228,1112.74,NEFT,transfer,0,,normal
TXN000029,2026-06-01 11:20:04,ACC00634,ACC00564,49366.02,IMPS,transfer,1,STRUCT011,structuring
TXN000030,2026-06-01 11:23:11,ACC00008,ACC00052,4150.09,CASH_DEPOSIT,cash_deposit,0,,normal
TXN000031,2026-06-01 11:24:41,ACC00293,ACC00550,21771.46,IMPS,transfer,0,,normal
TXN000032,2026-06-01 11:37:39,ACC00321,ACC00561,1499.33,UPI,transfer,0,,normal
TXN000033,2026-06-01 11:50:43,ACC00229,ACC00649,1190.32,CASH_DEPOSIT,cash_deposit,0,,normal
TXN000034,2026-06-01 11:53:35,ACC00650,ACC00643,5639.59,RTGS,transfer,0,,normal
TXN000035,2026-06-01 12:12:33,ACC00618,ACC00653,3512.54,NEFT,transfer,0,,normal
TXN000036,2026-06-01 12:31:58,ACC00634,ACC00485,46585.65,IMPS,transfer,1,STRUCT011,structuring
TXN000037,2026-06-01 13:03:34,ACC00409,ACC00446,3633.62,CASH_DEPOSIT,cash_deposit,0,,normal
TXN000038,2026-06-01 13:07:16,ACC00201,ACC00684,6391.9,RTGS,transfer,0,,normal
TXN000039,2026-06-01 13:18:33,ACC00012,ACC00201,3535.98,RTGS,transfer,0,,normal
TXN000040,2026-06-01 13:36:54,ACC00122,ACC00483,1224.55,RTGS,transfer,0,,normal
TXN000041,2026-06-01 13:44:03,ACC00634,ACC00116,49500.0,UPI,transfer,1,STRUCT011,structuring
TXN000042,2026-06-01 13:58:20,ACC00484,ACC00163,17337.69,RTGS,transfer,0,,normal
TXN000043,2026-06-01 14:06:25,ACC00396,ACC00125,2996.29,NEFT,transfer,0,,normal
TXN000044,2026-06-01 15:32:10,ACC00614,ACC00057,3919.8,IMPS,transfer,0,,normal
TXN000045,2026-06-01 15:55:41,ACC00135,ACC00490,6749.83,IMPS,transfer,0,,normal
TXN000046,2026-06-01 15:57:41,ACC00538,ACC00009,3753.14,UPI,transfer,0,,normal
TXN000047,2026-06-01 16:06:10,ACC00634,ACC00056,49500.0,IMPS,transfer,1,STRUCT011,structuring
TXN000048,2026-06-01 16:15:02,ACC00556,ACC00528,4977.37,RTGS,transfer,0,,normal
TXN000049,2026-06-01 16:17:03,ACC00650,ACC00472,6897.67,UPI,transfer,0,,normal
TXN000050,2026-06-01 16:24:14,ACC00557,ACC00268,3217.69,NEFT,transfer,0,,normal
TXN000051,2026-06-01 16:30:59,ACC00163,ACC00207,1605.64,IMPS,transfer,0,,normal
TXN000052,2026-06-01 16:33:28,ACC00570,ACC00392,26144.01,CASH_DEPOSIT,cash_deposit,0,,normal
TXN000053,2026-06-01 16:51:03,ACC00634,ACC00365,49159.2,IMPS,transfer,1,STRUCT011,structuring
TXN000054,2026-06-01 17:01:46,ACC00653,ACC00218,15776.07,NEFT,transfer,0,,normal
TXN000055,2026-06-01 17:02:37,ACC00262,ACC00554,3147.64,UPI,transfer,0,,normal
TXN000056,2026-06-01 17:04:53,ACC00490,ACC00230,5129.18,CASH_DEPOSIT,cash_deposit,0,,normal
TXN000057,2026-06-01 17:07:45,ACC00029,ACC00454,2910.04,UPI,transfer,0,,normal
TXN000058,2026-06-01 17:10:19,ACC00373,ACC00515,9436.18,CASH_DEPOSIT,cash_deposit,0,,normal
TXN000059,2026-06-01 17:14:57,ACC00665,ACC00501,4562.22,CASH_DEPOSIT,cash_deposit,0,,normal
TXN000060,2026-06-01 17:22:11,ACC00320,ACC00077,7149.31,NEFT,transfer,0,,normal
TXN000061,2026-06-01 17:28:43,ACC00212,ACC00391,6120.29,NEFT,transfer,0,,normal
TXN000062,2026-06-01 17:33:28,ACC00488,ACC00179,2179.21,IMPS,transfer,0,,normal
TXN000063,2026-06-01 17:36:04,ACC00441,ACC00109,4134.54,CASH_DEPOSIT,cash_deposit,0,,normal
TXN000064,2026-06-01 17:36:13,ACC00634,ACC00059,49500.0,IMPS,transfer,1,STRUCT011,structuring
TXN000065,2026-06-01 17:44:01,ACC00619,ACC00064,4741.06,IMPS,transfer,0,,normal
TXN000066,2026-06-01 17:49:55,ACC00634,ACC00248,49500.0,IMPS,transfer,1,STRUCT011,structuring
TXN000067,2026-06-01 17:51:12,ACC00489,ACC00393,5665.14,NEFT,transfer,0,,normal
TXN000068,2026-06-01 18:02:46,ACC00670,ACC00324,3610.64,IMPS,transfer,0,,normal
TXN000069,2026-06-01 18:06:44,ACC00052,ACC00292,254.98,UPI,transfer,0,,normal
TXN000070,2026-06-01 18:10:56,ACC00580,ACC00593,3718.39,CASH_DEPOSIT,cash_deposit,0,,normal
TXN000071,2026-06-01 18:12:57,ACC00039,ACC00251,3103.41,CASH_DEPOSIT,cash_deposit,0,,normal
TXN000072,2026-06-01 18:46:26,ACC00214,ACC00550,14466.43,NEFT,transfer,0,,normal
TXN000073,2026-06-01 18:48:15,ACC00698,ACC00141,3532.46,IMPS,transfer,0,,normal
TXN000074,2026-06-01 19:04:34,ACC00339,ACC00241,536.73,UPI,transfer,0,,normal
TXN000075,2026-06-01 19:33:44,ACC00147,ACC00233,7547.9,NEFT,transfer,0,,normal
TXN000076,2026-06-01 19:52:59,ACC00354,ACC00644,8552.1,NEFT,transfer,0,,normal
TXN000077,2026-06-01 19:54:43,ACC00412,ACC00364,568.46,IMPS,transfer,0,,normal
TXN000078,2026-06-01 20:02:04,ACC00566,ACC00056,5396.91,CASH_DEPOSIT,cash_deposit,0,,normal
TXN000079,2026-06-01 20:25:08,ACC00644,ACC00652,7326.43,NEFT,transfer,0,,normal
TXN000080,2026-06-01 20:37:00,ACC00015,ACC00453,6400.87,CASH_DEPOSIT,cash_deposit,0,,normal
TXN000081,2026-06-01 20:41:30,ACC00669,ACC00623,5575.11,NEFT,transfer,0,,normal
TXN000082,2026-06-01 20:47:07,ACC00166,ACC00521,1604.49,CASH_DEPOSIT,cash_deposit,0,,normal
TXN000083,2026-06-01 20:52:23,ACC00581,ACC00158,1207.66,RTGS,transfer,0,,normal
TXN000084,2026-06-01 20:58:57,ACC00401,ACC00589,7113.62,RTGS,transfer,0,,normal
TXN000085,2026-06-01 21:25:45,ACC00002,ACC00542,4730.89,NEFT,transfer,0,,normal
TXN000086,2026-06-01 21:34:26,ACC00634,ACC00347,47417.44,IMPS,transfer,1,STRUCT011,structuring
TXN000087,2026-06-01 21:44:45,ACC00646,ACC00308,857.8,CASH_DEPOSIT,cash_deposit,0,,normal
TXN000088,2026-06-01 21:59:53,ACC00445,ACC00281,2417.15,IMPS,transfer,0,,normal
TXN000089,2026-06-01 22:02:39,ACC00486,ACC00598,2668.71,RTGS,transfer,0,,normal
TXN000090,2026-06-01 22:05:01,ACC00176,ACC00551,700.62,IMPS,transfer,0,,normal
TXN000091,2026-06-01 22:21:13,ACC00138,ACC00511,5791.03,CASH_DEPOSIT,cash_deposit,0,,normal
TXN000092,2026-06-01 22:31:15,ACC00436,ACC00593,7257.2,IMPS,transfer,0,,normal
TXN000093,2026-06-01 22:34:58,ACC00131,ACC00266,1319.82,IMPS,transfer,0,,normal
TXN000094,2026-06-01 22:41:07,ACC00555,ACC00632,2099.66,CASH_DEPOSIT,cash_deposit,0,,normal
TXN000095,2026-06-01 22:48:11,ACC00577,ACC00388,4229.52,NEFT,transfer,0,,normal
TXN000096,2026-06-01 23:04:47,ACC00131,ACC00340,13988.83,CASH_DEPOSIT,cash_deposit,0,,normal
TXN000097,2026-06-01 23:24:48,ACC00406,ACC00497,2219.84,CASH_DEPOSIT,cash_deposit,0,,normal
TXN000098,2026-06-01 23:25:44,ACC00209,ACC00594,3536.06,RTGS,transfer,0,,normal
TXN000099,2026-06-01 23:40:18,ACC00068,ACC00671,4949.76,CASH_DEPOSIT,cash_deposit,0,,normal
TXN000100,2026-06-01 23:45:10,ACC00270,ACC00226,7957.88,UPI,transfer,0,,normal
TXN000101,2026-06-01 23:50:02,ACC00595,ACC00339,787.21,IMPS,transfer,0,,normal
TXN000102,2026-06-01 23:56:03,ACC00213,ACC00049,5644.84,RTGS,transfer,0,,normal
TXN000103,2026-06-02 00:34:24,ACC00573,ACC00333,2437.95,RTGS,transfer,0,,normal
TXN000104,2026-06-02 01:00:44,ACC00647,ACC00658,1716.22,NEFT,transfer,0,,normal
TXN000105,2026-06-02 01:08:34,ACC00114,ACC00228,1763.45,CASH_DEPOSIT,cash_deposit,0,,normal
TXN000106,2026-06-02 01:16:37,ACC00663,ACC00421,6514.86,CASH_DEPOSIT,cash_deposit,0,,normal
TXN000107,2026-06-02 01:38:37,ACC00620,ACC00214,2551.01,IMPS,transfer,0,,normal
TXN000108,2026-06-02 01:43:25,ACC00097,ACC00603,3872.03,UPI,transfer,0,,normal
TXN000109,2026-06-02 01:45:19,ACC00678,ACC00413,2446.31,NEFT,transfer,0,,normal
TXN000110,2026-06-02 01:51:37,ACC00353,ACC00466,1633.51,IMPS,transfer,0,,normal
TXN000111,2026-06-02 02:16:08,ACC00370,ACC00498,14300.97,CASH_DEPOSIT,cash_deposit,0,,normal
TXN000112,2026-06-02 02:18:27,ACC00690,ACC00248,1568.64,UPI,transfer,0,,normal
TXN000113,2026-06-02 02:28:18,ACC00554,ACC00232,4629.19,RTGS,transfer,0,,normal
TXN000114,2026-06-02 02:38:28,ACC00664,ACC00289,9624.34,IMPS,transfer,0,,normal
TXN000115,2026-06-02 02:47:27,ACC00150,ACC00652,2741.42,IMPS,transfer,0,,normal
TXN000116,2026-06-02 02:48:53,ACC00535,ACC00119,8034.3,CASH_DEPOSIT,cash_deposit,0,,normal
TXN000117,2026-06-02 02:55:21,ACC00475,ACC00035,2592.1,RTGS,transfer,0,,normal
TXN000118,2026-06-02 03:10:42,ACC00551,ACC00200,2027.19,UPI,transfer,0,,normal
TXN000119,2026-06-02 03:13:44,ACC00292,ACC00293,1285.75,CASH_DEPOSIT,cash_deposit,0,,normal
TXN000120,2026-06-02 03:13:47,ACC00541,ACC00435,1482.84,RTGS,transfer,0,,normal
TXN000121,2026-06-02 03:14:16,ACC00412,ACC00013,760.91,RTGS,transfer,0,,normal
TXN000122,2026-06-02 03:23:15,ACC00547,ACC00663,25171.49,NEFT,transfer,0,,normal
TXN000123,2026-06-02 03:23:24,ACC00634,ACC00148,49500.0,UPI,transfer,1,STRUCT011,structuring
TXN000124,2026-06-02 03:32:09,ACC00634,ACC00154,49500.0,UPI,transfer,1,STRUCT011,structuring
TXN000125,2026-06-02 03:49:15,ACC00503,ACC00419,4081.18,UPI,transfer,0,,normal
TXN000126,2026-06-02 03:53:40,ACC00618,ACC00249,3517.51,RTGS,transfer,0,,normal
TXN000127,2026-06-02 03:58:38,ACC00496,ACC00088,8265.54,CASH_DEPOSIT,cash_deposit,0,,normal
TXN000128,2026-06-02 03:58:56,ACC00634,ACC00043,49210.35,UPI,transfer,1,STRUCT011,structuring
TXN000129,2026-06-02 03:59:36,ACC00634,ACC00692,49500.0,UPI,transfer,1,STRUCT011,structuring
TXN000130,2026-06-02 04:05:28,ACC00048,ACC00044,27684.68,NEFT,transfer,0,,normal
TXN000131,2026-06-02 04:16:59,ACC00003,ACC00064,1509.48,IMPS,transfer,0,,normal
TXN000132,2026-06-02 04:17:39,ACC00494,ACC00619,6626.79,RTGS,transfer,0,,normal
TXN000133,2026-06-02 04:25:47,ACC00410,ACC00602,6010.04,IMPS,transfer,0,,normal
TXN000134,2026-06-02 04:34:04,ACC00386,ACC00162,26669.56,UPI,transfer,0,,normal
TXN000135,2026-06-02 04:38:43,ACC00083,ACC00382,643.31,CASH_DEPOSIT,cash_deposit,0,,normal
TXN000136,2026-06-02 04:40:00,ACC00416,ACC00110,1272.73,RTGS,transfer,0,,normal
TXN000137,2026-06-02 04:41:50,ACC00324,ACC00135,4433.06,RTGS,transfer,0,,normal
TXN000138,2026-06-02 04:52:20,ACC00592,ACC00631,9179.53,IMPS,transfer,0,,normal
TXN000139,2026-06-02 04:52:23,ACC00510,ACC00670,2563.35,UPI,transfer,0,,normal
TXN000140,2026-06-02 05:35:03,ACC00461,ACC00483,2568.48,CASH_DEPOSIT,cash_deposit,0,,normal
TXN000141,2026-06-02 05:42:25,ACC00625,ACC00229,1834.3,NEFT,transfer,0,,normal
TXN000142,2026-06-02 05:45:48,ACC00676,ACC00500,4750.77,RTGS,transfer,0,,normal
TXN000143,2026-06-02 05:46:53,ACC00679,ACC00138,3167.87,NEFT,transfer,0,,normal
TXN000144,2026-06-02 06:06:03,ACC00546,ACC00384,4590.0,RTGS,transfer,0,,normal
TXN000145,2026-06-02 06:06:29,ACC00405,ACC00120,8641.01,RTGS,transfer,0,,normal
TXN000146,2026-06-02 06:09:33,ACC00402,ACC00164,3562.23,UPI,transfer,0,,normal
TXN000147,2026-06-02 06:25:57,ACC00136,ACC00112,4108.72,CASH_DEPOSIT,cash_deposit,0,,normal
TXN000148,2026-06-02 06:28:23,ACC00529,ACC00549,3468.53,IMPS,transfer,0,,normal
TXN000149,2026-06-02 06:31:14,ACC00634,ACC00593,48007.43,IMPS,transfer,1,STRUCT011,structuring
TXN000150,2026-06-02 06:31:44,ACC00017,ACC00432,908.21,IMPS,transfer,0,,normal
TXN000151,2026-06-02 06:33:47,ACC00634,ACC00500,49500.0,IMPS,transfer,1,STRUCT011,structuring
TXN000152,2026-06-02 06:41:43,ACC00600,ACC00544,3922.54,IMPS,transfer,0,,normal
TXN000153,2026-06-02 06:43:11,ACC00139,ACC00310,3396.5,IMPS,transfer,0,,normal
TXN000154,2026-06-02 06:46:54,ACC00536,ACC00110,28381.33,UPI,transfer,0,,normal
TXN000155,2026-06-02 06:47:49,ACC00227,ACC00150,785.65,CASH_DEPOSIT,cash_deposit,0,,normal
TXN000156,2026-06-02 06:56:31,ACC00027,ACC00448,5691.68,IMPS,transfer,0,,normal
TXN000157,2026-06-02 07:03:31,ACC00128,ACC00571,762.02,CASH_DEPOSIT,cash_deposit,0,,normal
TXN000158,2026-06-02 07:04:28,ACC00366,ACC00086,3084.88,RTGS,transfer,0,,normal
TXN000159,2026-06-02 07:19:42,ACC00621,ACC00215,1873.85,RTGS,transfer,0,,normal
TXN000160,2026-06-02 07:22:34,ACC00637,ACC00329,1440.9,UPI,transfer,0,,normal
TXN000161,2026-06-02 07:23:29,ACC00570,ACC00169,740.89,CASH_DEPOSIT,cash_deposit,0,,normal
TXN000162,2026-06-02 07:32:25,ACC00431,ACC00290,2808.26,UPI,transfer,0,,normal
TXN000163,2026-06-02 07:34:30,ACC00384,ACC00231,3897.56,RTGS,transfer,0,,normal
TXN000164,2026-06-02 07:38:18,ACC00251,ACC00455,1540.01,CASH_DEPOSIT,cash_deposit,0,,normal
TXN000165,2026-06-02 07:54:24,ACC00277,ACC00062,1082.08,CASH_DEPOSIT,cash_deposit,0,,normal
TXN000166,2026-06-02 07:55:18,ACC00599,ACC00105,3240.34,NEFT,transfer,0,,normal
TXN000167,2026-06-02 07:59:11,ACC00497,ACC00483,3843.26,IMPS,transfer,0,,normal
TXN000168,2026-06-02 08:07:39,ACC00450,ACC00198,3406.44,IMPS,transfer,0,,normal
TXN000169,2026-06-02 08:14:23,ACC00325,ACC00047,4935.26,IMPS,transfer,0,,normal
TXN000170,2026-06-02 08:16:08,ACC00634,ACC00437,46111.42,IMPS,transfer,1,STRUCT011,structuring
TXN000171,2026-06-02 08:26:55,ACC00624,ACC00694,849.41,IMPS,transfer,0,,normal
TXN000172,2026-06-02 08:27:05,ACC00256,ACC00117,12040.61,CASH_DEPOSIT,cash_deposit,0,,normal
TXN000173,2026-06-02 08:46:45,ACC00633,ACC00106,13452.31,UPI,transfer,0,,normal
TXN000174,2026-06-02 08:53:08,ACC00121,ACC00404,6278.98,RTGS,transfer,0,,normal
TXN000175,2026-06-02 09:01:28,ACC00686,ACC00136,16778.63,UPI,transfer,0,,normal
TXN000176,2026-06-02 09:13:09,ACC00357,ACC00680,3875.4,RTGS,transfer,0,,normal
TXN000177,2026-06-02 09:23:43,ACC00435,ACC00030,9520.46,UPI,transfer,0,,normal
TXN000178,2026-06-02 09:25:31,ACC00211,ACC00213,2840.52,UPI,transfer,0,,normal
TXN000179,2026-06-02 09:25:41,ACC00619,ACC00257,5958.29,CASH_DEPOSIT,cash_deposit,0,,normal
TXN000180,2026-06-02 09:28:57,ACC00206,ACC00531,9463.84,UPI,transfer,0,,normal
TXN000181,2026-06-02 09:35:06,ACC00634,ACC00322,49500.0,UPI,transfer,1,STRUCT011,structuring
TXN000182,2026-06-02 09:41:15,ACC00217,ACC00612,14003.17,IMPS,transfer,0,,normal
TXN000183,2026-06-02 09:44:49,ACC00634,ACC00646,49126.42,UPI,transfer,1,STRUCT011,structuring
TXN000184,2026-06-02 09:44:55,ACC00614,ACC00337,1958.63,UPI,transfer,0,,normal
TXN000185,2026-06-02 10:06:20,ACC00390,ACC00624,3283.1,NEFT,transfer,0,,normal
TXN000186,2026-06-02 10:10:46,ACC00180,ACC00003,3817.2,RTGS,transfer,0,,normal
TXN000187,2026-06-02 10:22:29,ACC00063,ACC00541,5121.68,CASH_DEPOSIT,cash_deposit,0,,normal
TXN000188,2026-06-02 10:28:04,ACC00014,ACC00660,1582.4,CASH_DEPOSIT,cash_deposit,0,,normal
TXN000189,2026-06-02 10:46:42,ACC00346,ACC00549,15888.87,NEFT,transfer,0,,normal
TXN000190,2026-06-02 10:57:02,ACC00260,ACC00509,2753.56,UPI,transfer,0,,normal
TXN000191,2026-06-02 11:01:55,ACC00634,ACC00415,49500.0,IMPS,transfer,1,STRUCT011,structuring
TXN000192,2026-06-02 11:04:59,ACC00417,ACC00024,2676.75,IMPS,transfer,0,,normal
TXN000193,2026-06-02 11:18:15,ACC00355,ACC00579,10373.8,RTGS,transfer,0,,normal
TXN000194,2026-06-02 11:23:46,ACC00269,ACC00491,4169.46,NEFT,transfer,0,,normal
TXN000195,2026-06-02 11:30:45,ACC00116,ACC00246,959.66,NEFT,transfer,0,,normal
TXN000196,2026-06-02 11:37:07,ACC00227,ACC00060,1711.88,NEFT,transfer,0,,normal
TXN000197,2026-06-02 11:48:51,ACC00123,ACC00436,1256.66,CASH_DEPOSIT,cash_deposit,0,,normal
TXN000198,2026-06-02 11:50:52,ACC00634,ACC00143,49500.0,UPI,transfer,1,STRUCT011,structuring
TXN000199,2026-06-02 11:59:03,ACC00273,ACC00017,2409.11,IMPS,transfer,0,,normal
TXN000200,2026-06-02 12:04:50,ACC00583,ACC00040,5673.69,NEFT,transfer,0,,normal
TXN000201,2026-06-02 12:16:59,ACC00198,ACC00532,4459.28,UPI,transfer,0,,normal
TXN000202,2026-06-02 12:39:10,ACC00361,ACC00408,7749.74,NEFT,transfer,0,,normal
TXN000203,2026-06-02 12:46:04,ACC00420,ACC00271,1964.3,CASH_DEPOSIT,cash_deposit,0,,normal
TXN000204,2026-06-02 13:16:57,ACC00585,ACC00598,9429.81,IMPS,transfer,0,,normal
TXN000205,2026-06-02 13:28:45,ACC00307,ACC00383,6784.91,UPI,transfer,0,,normal
TXN000206,2026-06-02 13:33:37,ACC00391,ACC00150,9433.49,NEFT,transfer,0,,normal
TXN000207,2026-06-02 13:42:20,ACC00373,ACC00083,1668.71,NEFT,transfer,0,,normal
TXN000208,2026-06-02 13:44:40,ACC00332,ACC00061,2013.39,IMPS,transfer,0,,normal
TXN000209,2026-06-02 13:44:54,ACC00634,ACC00432,49500.0,IMPS,transfer,1,STRUCT011,structuring
TXN000210,2026-06-02 13:55:28,ACC00385,ACC00564,1606.97,NEFT,transfer,0,,normal
TXN000211,2026-06-02 13:56:31,ACC00468,ACC00281,4951.74,IMPS,transfer,0,,normal
TXN000212,2026-06-02 14:00:08,ACC00562,ACC00056,3902.77,UPI,transfer,0,,normal
TXN000213,2026-06-02 14:03:21,ACC00429,ACC00461,4760.41,IMPS,transfer,0,,normal
TXN000214,2026-06-02 14:07:52,ACC00414,ACC00470,13920.58,RTGS,transfer,0,,normal
TXN000215,2026-06-02 14:43:44,ACC00326,ACC00666,1662.94,NEFT,transfer,0,,normal
TXN000216,2026-06-02 14:50:59,ACC00322,ACC00697,5391.68,NEFT,transfer,0,,normal
TXN000217,2026-06-02 14:58:09,ACC00094,ACC00380,550.36,RTGS,transfer,0,,normal
TXN000218,2026-06-02 14:58:48,ACC00467,ACC00485,567.6,CASH_DEPOSIT,cash_deposit,0,,normal
TXN000219,2026-06-02 15:09:46,ACC00195,ACC00144,1493.74,CASH_DEPOSIT,cash_deposit,0,,normal
TXN000220,2026-06-02 15:20:58,ACC00611,ACC00459,1851.57,NEFT,transfer,0,,normal
TXN000221,2026-06-02 15:30:58,ACC00466,ACC00387,4805.24,IMPS,transfer,0,,normal
TXN000222,2026-06-02 15:33:16,ACC00289,ACC00106,2162.27,IMPS,transfer,0,,normal
TXN000223,2026-06-02 15:58:11,ACC00620,ACC00533,2673.11,RTGS,transfer,0,,normal
TXN000224,2026-06-02 16:02:13,ACC00664,ACC00693,2403.93,NEFT,transfer,0,,normal
TXN000225,2026-06-02 16:08:06,ACC00631,ACC00096,7729.78,CASH_DEPOSIT,cash_deposit,0,,normal
TXN000226,2026-06-02 16:53:55,ACC00624,ACC00699,4339.26,NEFT,transfer,0,,normal
TXN000227,2026-06-02 17:29:18,ACC00435,ACC00577,6741.5,IMPS,transfer,0,,normal
TXN000228,2026-06-02 17:36:51,ACC00676,ACC00407,7332.1,NEFT,transfer,0,,normal
TXN000229,2026-06-02 17:37:42,ACC00172,ACC00242,5249.88,CASH_DEPOSIT,cash_deposit,0,,normal
TXN000230,2026-06-02 17:40:59,ACC00243,ACC00506,3720.13,NEFT,transfer,0,,normal
TXN000231,2026-06-02 17:57:47,ACC00376,ACC00646,4297.88,IMPS,transfer,0,,normal
TXN000232,2026-06-02 18:28:30,ACC00188,ACC00263,49500.0,UPI,transfer,1,STRUCT006,structuring
TXN000233,2026-06-02 18:28:57,ACC00675,ACC00320,12567.22,IMPS,transfer,0,,normal
TXN000234,2026-06-02 18:37:04,ACC00324,ACC00674,2031.19,RTGS,transfer,0,,normal
TXN000235,2026-06-02 18:46:06,ACC00186,ACC00104,1390.85,UPI,transfer,0,,normal
TXN000236,2026-06-02 19:05:21,ACC00673,ACC00192,5418.49,NEFT,transfer,0,,normal
TXN000237,2026-06-02 19:06:16,ACC00454,ACC00471,862.43,NEFT,transfer,0,,normal
TXN000238,2026-06-02 19:13:33,ACC00239,ACC00074,7365.68,UPI,transfer,0,,normal
TXN000239,2026-06-02 19:28:22,ACC00305,ACC00163,5762.41,IMPS,transfer,0,,normal
TXN000240,2026-06-02 19:38:09,ACC00188,ACC00118,49500.0,IMPS,transfer,1,STRUCT006,structuring
TXN000241,2026-06-02 20:23:52,ACC00474,ACC00590,2290.89,RTGS,transfer,0,,normal
TXN000242,2026-06-02 20:55:59,ACC00586,ACC00392,10531.39,RTGS,transfer,0,,normal
TXN000243,2026-06-02 20:59:22,ACC00589,ACC00301,17507.34,IMPS,transfer,0,,normal
TXN000244,2026-06-02 21:04:57,ACC00286,ACC00466,1242.56,RTGS,transfer,0,,normal
TXN000245,2026-06-02 21:07:49,ACC00028,ACC00197,15223.12,RTGS,transfer,0,,normal
TXN000246,2026-06-02 21:35:09,ACC00182,ACC00412,6876.43,RTGS,transfer,0,,normal
TXN000247,2026-06-02 21:38:38,ACC00547,ACC00659,954.25,UPI,transfer,0,,normal
TXN000248,2026-06-02 21:59:53,ACC00329,ACC00405,2515.12,NEFT,transfer,0,,normal
TXN000249,2026-06-02 22:10:19,ACC00188,ACC00587,49500.0,IMPS,transfer,1,STRUCT006,structuring
TXN000250,2026-06-02 22:12:10,ACC00273,ACC00202,546.65,CASH_DEPOSIT,cash_deposit,0,,normal
TXN000251,2026-06-02 22:17:58,ACC00497,ACC00125,2745.79,IMPS,transfer,0,,normal
TXN000252,2026-06-02 22:19:28,ACC00193,ACC00414,6249.09,RTGS,transfer,0,,normal
TXN000253,2026-06-02 22:26:21,ACC00398,ACC00386,7055.9,RTGS,transfer,0,,normal
TXN000254,2026-06-02 22:27:05,ACC00320,ACC00158,1398.26,RTGS,transfer,0,,normal
TXN000255,2026-06-02 22:31:21,ACC00699,ACC00564,539.89,IMPS,transfer,0,,normal
TXN000256,2026-06-02 22:55:35,ACC00691,ACC00479,967.94,IMPS,transfer,0,,normal
TXN000257,2026-06-02 22:58:57,ACC00433,ACC00411,9452.94,NEFT,transfer,0,,normal
TXN000258,2026-06-02 23:03:40,ACC00250,ACC00437,3835.59,CASH_DEPOSIT,cash_deposit,0,,normal
TXN000259,2026-06-02 23:04:22,ACC00624,ACC00485,7314.69,IMPS,transfer,0,,normal
TXN000260,2026-06-02 23:13:33,ACC00022,ACC00057,991.6,IMPS,transfer,0,,normal
TXN000261,2026-06-02 23:14:20,ACC00366,ACC00510,2755.39,RTGS,transfer,0,,normal
TXN000262,2026-06-02 23:15:09,ACC00242,ACC00178,7382.08,IMPS,transfer,0,,normal
TXN000263,2026-06-02 23:36:54,ACC00076,ACC00091,9910.71,CASH_DEPOSIT,cash_deposit,0,,normal
TXN000264,2026-06-02 23:42:57,ACC00316,ACC00510,16589.29,CASH_DEPOSIT,cash_deposit,0,,normal
TXN000265,2026-06-02 23:51:24,ACC00105,ACC00576,2934.96,UPI,transfer,0,,normal
TXN000266,2026-06-03 00:45:20,ACC00343,ACC00152,4762.87,CASH_DEPOSIT,cash_deposit,0,,normal
TXN000267,2026-06-03 00:51:02,ACC00479,ACC00027,1966.4,NEFT,transfer,0,,normal
TXN000268,2026-06-03 00:52:22,ACC00659,ACC00036,1278.27,IMPS,transfer,0,,normal
TXN000269,2026-06-03 01:08:23,ACC00535,ACC00296,3205.5,CASH_DEPOSIT,cash_deposit,0,,normal
TXN000270,2026-06-03 01:13:18,ACC00570,ACC00530,9966.7,NEFT,transfer,0,,normal
TXN000271,2026-06-03 01:19:52,ACC00308,ACC00571,19182.55,IMPS,transfer,0,,normal
TXN000272,2026-06-03 01:25:50,ACC00401,ACC00582,1530.79,CASH_DEPOSIT,cash_deposit,0,,normal
TXN000273,2026-06-03 01:27:55,ACC00473,ACC00463,9550.88,NEFT,transfer,0,,normal
TXN000274,2026-06-03 01:40:31,ACC00429,ACC00333,4788.84,UPI,transfer,0,,normal
TXN000275,2026-06-03 01:49:37,ACC00588,ACC00536,2314.13,RTGS,transfer,0,,normal
TXN000276,2026-06-03 02:15:48,ACC00397,ACC00232,4047.83,IMPS,transfer,0,,normal
TXN000277,2026-06-03 02:26:38,ACC00358,ACC00598,6564.8,NEFT,transfer,0,,normal
TXN000278,2026-06-03 02:27:56,ACC00130,ACC00281,2335.99,NEFT,transfer,0,,normal
TXN000279,2026-06-03 02:32:07,ACC00482,ACC00136,3378.61,RTGS,transfer,0,,normal
TXN000280,2026-06-03 02:41:54,ACC00216,ACC00471,1409.18,IMPS,transfer,0,,normal
TXN000281,2026-06-03 02:56:42,ACC00188,ACC00524,49500.0,UPI,transfer,1,STRUCT006,structuring
TXN000282,2026-06-03 03:07:17,ACC00382,ACC00413,4068.73,IMPS,transfer,0,,normal
TXN000283,2026-06-03 03:14:34,ACC00230,ACC00294,7892.5,RTGS,transfer,0,,normal
TXN000284,2026-06-03 03:44:14,ACC00381,ACC00412,3597.61,IMPS,transfer,0,,normal
TXN000285,2026-06-03 03:48:22,ACC00461,ACC00295,6342.31,CASH_DEPOSIT,cash_deposit,0,,normal
TXN000286,2026-06-03 03:55:01,ACC00547,ACC00158,8910.65,CASH_DEPOSIT,cash_deposit,0,,normal
TXN000287,2026-06-03 04:04:16,ACC00487,ACC00278,7707.9,NEFT,transfer,0,,normal
TXN000288,2026-06-03 04:20:01,ACC00559,ACC00446,1755.53,IMPS,transfer,0,,normal
TXN000289,2026-06-03 04:27:43,ACC00408,ACC00497,1700.87,UPI,transfer,0,,normal
TXN000290,2026-06-03 04:34:44,ACC00188,ACC00032,49500.0,IMPS,transfer,1,STRUCT006,structuring
TXN000291,2026-06-03 04:38:15,ACC00388,ACC00597,2944.44,RTGS,transfer,0,,normal
TXN000292,2026-06-03 04:40:01,ACC00678,ACC00521,7632.08,UPI,transfer,0,,normal
TXN000293,2026-06-03 04:54:22,ACC00394,ACC00455,3727.84,IMPS,transfer,0,,normal
TXN000294,2026-06-03 05:01:00,ACC00611,ACC00373,2110.17,UPI,transfer,0,,normal
TXN000295,2026-06-03 05:16:32,ACC00188,ACC00672,49500.0,UPI,transfer,1,STRUCT006,structuring
TXN000296,2026-06-03 05:19:03,ACC00024,ACC00680,5881.13,NEFT,transfer,0,,normal
TXN000297,2026-06-03 05:20:19,ACC00343,ACC00027,12749.03,CASH_DEPOSIT,cash_deposit,0,,normal
TXN000298,2026-06-03 05:22:28,ACC00188,ACC00398,49500.0,UPI,transfer,1,STRUCT006,structuring
TXN000299,2026-06-03 05:45:06,ACC00512,ACC00416,1308.54,NEFT,transfer,0,,normal
TXN000300,2026-06-03 05:47:12,ACC00537,ACC00247,5433.87,UPI,transfer,0,,normal
TXN000301,2026-06-03 06:03:07,ACC00631,ACC00695,15789.76,UPI,transfer,0,,normal
TXN000302,2026-06-03 06:21:06,ACC00403,ACC00243,4539.0,RTGS,transfer,0,,normal
TXN000303,2026-06-03 06:23:58,ACC00188,ACC00515,49500.0,IMPS,transfer,1,STRUCT006,structuring
TXN000304,2026-06-03 06:25:39,ACC00209,ACC00555,670.48,UPI,transfer,0,,normal
TXN000305,2026-06-03 06:38:31,ACC00176,ACC00610,1563.62,UPI,transfer,0,,normal
TXN000306,2026-06-03 06:42:09,ACC00279,ACC00600,1355.8,IMPS,transfer,0,,normal
TXN000307,2026-06-03 06:50:12,ACC00234,ACC00629,3587.06,NEFT,transfer,0,,normal
TXN000308,2026-06-03 06:59:15,ACC00390,ACC00398,2985.48,RTGS,transfer,0,,normal
TXN000309,2026-06-03 07:03:45,ACC00681,ACC00651,1746.66,NEFT,transfer,0,,normal
TXN000310,2026-06-03 07:04:33,ACC00485,ACC00260,4922.4,NEFT,transfer,0,,normal
TXN000311,2026-06-03 07:12:45,ACC00681,ACC00185,2972.81,NEFT,transfer,0,,normal
TXN000312,2026-06-03 07:18:18,ACC00690,ACC00001,887.73,CASH_DEPOSIT,cash_deposit,0,,normal
TXN000313,2026-06-03 07:20:27,ACC00661,ACC00621,1002.41,UPI,transfer,0,,normal
TXN000314,2026-06-03 07:44:10,ACC00026,ACC00340,1209.61,NEFT,transfer,0,,normal
TXN000315,2026-06-03 07:54:15,ACC00239,ACC00216,755.81,NEFT,transfer,0,,normal
TXN000316,2026-06-03 07:55:51,ACC00170,ACC00449,7856.31,IMPS,transfer,0,,normal
TXN000317,2026-06-03 08:02:46,ACC00339,ACC00103,3959.38,UPI,transfer,0,,normal
TXN000318,2026-06-03 08:16:40,ACC00022,ACC00458,4711.44,CASH_DEPOSIT,cash_deposit,0,,normal
TXN000319,2026-06-03 08:36:33,ACC00395,ACC00648,2458.88,IMPS,transfer,0,,normal
TXN000320,2026-06-03 08:43:13,ACC00316,ACC00455,8846.16,RTGS,transfer,0,,normal
TXN000321,2026-06-03 08:46:59,ACC00249,ACC00490,7465.59,UPI,transfer,0,,normal
TXN000322,2026-06-03 08:48:55,ACC00564,ACC00380,1858.06,IMPS,transfer,0,,normal
TXN000323,2026-06-03 08:52:11,ACC00317,ACC00196,2420.49,NEFT,transfer,0,,normal
TXN000324,2026-06-03 08:54:46,ACC00188,ACC00297,49500.0,IMPS,transfer,1,STRUCT006,structuring
TXN000325,2026-06-03 09:11:43,ACC00086,ACC00411,4195.93,IMPS,transfer,0,,normal
TXN000326,2026-06-03 09:11:58,ACC00677,ACC00001,1882.45,NEFT,transfer,0,,normal
TXN000327,2026-06-03 09:28:42,ACC00188,ACC00693,49500.0,IMPS,transfer,1,STRUCT006,structuring
TXN000328,2026-06-03 09:29:32,ACC00564,ACC00070,4517.28,IMPS,transfer,0,,normal
TXN000329,2026-06-03 09:30:18,ACC00188,ACC00569,49500.0,IMPS,transfer,1,STRUCT006,structuring
TXN000330,2026-06-03 09:36:38,ACC00213,ACC00105,1492.22,RTGS,transfer,0,,normal
TXN000331,2026-06-03 09:43:37,ACC00345,ACC00549,7250.76,IMPS,transfer,0,,normal
TXN000332,2026-06-03 09:45:06,ACC00444,ACC00527,15981.5,CASH_DEPOSIT,cash_deposit,0,,normal
TXN000333,2026-06-03 09:52:34,ACC00001,ACC00218,1317.03,RTGS,transfer,0,,normal
TXN000334,2026-06-03 09:52:47,ACC00267,ACC00676,7240.71,IMPS,transfer,0,,normal
TXN000335,2026-06-03 10:01:06,ACC00075,ACC00410,3046.49,IMPS,transfer,0,,normal
TXN000336,2026-06-03 10:09:44,ACC00560,ACC00646,1593.65,UPI,transfer,0,,normal
TXN000337,2026-06-03 10:10:01,ACC00487,ACC00020,3960.68,RTGS,transfer,0,,normal
TXN000338,2026-06-03 10:19:02,ACC00188,ACC00601,49500.0,UPI,transfer,1,STRUCT006,structuring
TXN000339,2026-06-03 10:23:43,ACC00013,ACC00251,4617.54,IMPS,transfer,0,,normal
TXN000340,2026-06-03 10:53:57,ACC00483,ACC00645,21380.3,CASH_DEPOSIT,cash_deposit,0,,normal
TXN000341,2026-06-03 11:08:47,ACC00045,ACC00114,7540.38,NEFT,transfer,0,,normal
TXN000342,2026-06-03 11:11:17,ACC00466,ACC00446,1870.96,UPI,transfer,0,,normal
TXN000343,2026-06-03 11:32:13,ACC00198,ACC00262,1406.91,CASH_DEPOSIT,cash_deposit,0,,normal
TXN000344,2026-06-03 11:38:00,ACC00229,ACC00581,2611.33,NEFT,transfer,0,,normal
TXN000345,2026-06-03 11:40:48,ACC00188,ACC00106,49500.0,UPI,transfer,1,STRUCT006,structuring
TXN000346,2026-06-03 11:46:42,ACC00105,ACC00263,4127.34,IMPS,transfer,0,,normal
TXN000347,2026-06-03 12:02:19,ACC00406,ACC00526,6008.3,IMPS,transfer,0,,normal
TXN000348,2026-06-03 12:04:42,ACC00634,ACC00481,500.31,NEFT,transfer,0,,normal
TXN000349,2026-06-03 12:09:58,ACC00280,ACC00095,2127.51,NEFT,transfer,0,,normal
TXN000350,2026-06-03 12:15:46,ACC00013,ACC00382,5510.3,NEFT,transfer,0,,normal
TXN000351,2026-06-03 12:18:03,ACC00297,ACC00172,1516.19,NEFT,transfer,0,,normal
TXN000352,2026-06-03 12:20:02,ACC00325,ACC00177,4490.59,CASH_DEPOSIT,cash_deposit,0,,normal
TXN000353,2026-06-03 12:33:04,ACC00201,ACC00581,2406.01,IMPS,transfer,0,,normal
TXN000354,2026-06-03 12:59:12,ACC00341,ACC00137,6709.16,IMPS,transfer,0,,normal
TXN000355,2026-06-03 13:17:47,ACC00573,ACC00582,6754.14,IMPS,transfer,0,,normal
TXN000356,2026-06-03 13:30:10,ACC00643,ACC00662,8365.26,UPI,transfer,0,,normal
TXN000357,2026-06-03 13:42:10,ACC00414,ACC00035,1033.49,IMPS,transfer,0,,normal
TXN000358,2026-06-03 14:14:16,ACC00633,ACC00500,816.5,RTGS,transfer,0,,normal
TXN000359,2026-06-03 14:14:22,ACC00308,ACC00672,5821.45,RTGS,transfer,0,,normal
TXN000360,2026-06-03 14:14:34,ACC00314,ACC00694,2840.38,IMPS,transfer,0,,normal
TXN000361,2026-06-03 14:14:44,ACC00379,ACC00101,5950.37,RTGS,transfer,0,,normal
TXN000362,2026-06-03 14:16:10,ACC00641,ACC00482,20910.8,RTGS,transfer,0,,normal
TXN000363,2026-06-03 14:32:28,ACC00281,ACC00672,4658.83,IMPS,transfer,0,,normal
TXN000364,2026-06-03 14:40:08,ACC00133,ACC00297,4749.3,IMPS,transfer,0,,normal
TXN000365,2026-06-03 14:41:03,ACC00188,ACC00271,907.68,CASH_DEPOSIT,cash_deposit,0,,normal
TXN000366,2026-06-03 14:44:14,ACC00696,ACC00185,2121.11,IMPS,transfer,0,,normal
TXN000367,2026-06-03 14:56:55,ACC00429,ACC00557,2267.37,CASH_DEPOSIT,cash_deposit,0,,normal
TXN000368,2026-06-03 14:57:39,ACC00340,ACC00090,5711.38,IMPS,transfer,0,,normal
TXN000369,2026-06-03 15:18:08,ACC00547,ACC00228,14240.89,RTGS,transfer,0,,normal
TXN000370,2026-06-03 15:22:34,ACC00583,ACC00500,5159.7,RTGS,transfer,0,,normal
TXN000371,2026-06-03 15:23:05,ACC00150,ACC00141,1200.78,RTGS,transfer,0,,normal
TXN000372,2026-06-03 15:25:33,ACC00367,ACC00069,10777.72,NEFT,transfer,0,,normal
TXN000373,2026-06-03 15:33:02,ACC00544,ACC00538,5605.8,CASH_DEPOSIT,cash_deposit,0,,normal
TXN000374,2026-06-03 15:42:33,ACC00443,ACC00432,4120.04,NEFT,transfer,0,,normal
TXN000375,2026-06-03 15:44:39,ACC00034,ACC00256,9774.17,NEFT,transfer,0,,normal
TXN000376,2026-06-03 15:45:59,ACC00025,ACC00518,7001.37,UPI,transfer,0,,normal
TXN000377,2026-06-03 15:56:00,ACC00220,ACC00439,3284.26,NEFT,transfer,0,,normal
TXN000378,2026-06-03 16:17:01,ACC00017,ACC00589,1497.8,UPI,transfer,0,,normal
TXN000379,2026-06-03 16:18:14,ACC00190,ACC00116,1691.91,IMPS,transfer,0,,normal
TXN000380,2026-06-03 16:26:37,ACC00665,ACC00155,33094.85,NEFT,transfer,0,,normal
TXN000381,2026-06-03 16:33:10,ACC00632,ACC00465,7983.11,CASH_DEPOSIT,cash_deposit,0,,normal
TXN000382,2026-06-03 16:33:31,ACC00644,ACC00562,2355.39,RTGS,transfer,0,,normal
TXN000383,2026-06-03 16:38:20,ACC00569,ACC00463,7910.93,CASH_DEPOSIT,cash_deposit,0,,normal
TXN000384,2026-06-03 16:38:22,ACC00340,ACC00244,4494.56,NEFT,transfer,0,,normal
TXN000385,2026-06-03 16:38:48,ACC00699,ACC00050,2557.48,RTGS,transfer,0,,normal
TXN000386,2026-06-03 16:42:41,ACC00549,ACC00196,7790.36,CASH_DEPOSIT,cash_deposit,0,,normal
TXN000387,2026-06-03 16:54:31,ACC00038,ACC00122,7538.01,IMPS,transfer,0,,normal
TXN000388,2026-06-03 17:00:43,ACC00240,ACC00421,2500.81,RTGS,transfer,0,,normal
TXN000389,2026-06-03 17:04:49,ACC00009,ACC00380,5581.26,UPI,transfer,0,,normal
TXN000390,2026-06-03 17:07:23,ACC00188,ACC00140,49500.0,IMPS,transfer,1,STRUCT006,structuring
TXN000391,2026-06-03 17:13:14,ACC00346,ACC00578,4069.16,UPI,transfer,0,,normal
TXN000392,2026-06-03 17:14:23,ACC00396,ACC00546,2782.38,IMPS,transfer,0,,normal
TXN000393,2026-06-03 17:25:05,ACC00111,ACC00425,2318.64,CASH_DEPOSIT,cash_deposit,0,,normal
TXN000394,2026-06-03 17:40:57,ACC00655,ACC00046,851.27,UPI,transfer,0,,normal
TXN000395,2026-06-03 17:47:14,ACC00366,ACC00168,2432.31,NEFT,transfer,0,,normal
TXN000396,2026-06-03 18:16:20,ACC00224,ACC00003,3498.73,CASH_DEPOSIT,cash_deposit,0,,normal
TXN000397,2026-06-03 18:17:49,ACC00483,ACC00634,2470.03,IMPS,transfer,0,,normal
TXN000398,2026-06-03 18:26:30,ACC00020,ACC00156,13437.91,IMPS,transfer,0,,normal
TXN000399,2026-06-03 18:31:01,ACC00462,ACC00635,6747.7,UPI,transfer,0,,normal
TXN000400,2026-06-03 18:53:20,ACC00188,ACC00526,49500.0,UPI,transfer,1,STRUCT006,structuring
TXN000401,2026-06-03 19:19:46,ACC00439,ACC00349,1131.96,RTGS,transfer,0,,normal
TXN000402,2026-06-03 19:21:57,ACC00449,ACC00290,6355.84,UPI,transfer,0,,normal
TXN000403,2026-06-03 19:41:59,ACC00033,ACC00583,1329.3,RTGS,transfer,0,,normal
TXN000404,2026-06-03 19:44:26,ACC00100,ACC00014,4503.13,IMPS,transfer,0,,normal
TXN000405,2026-06-03 20:27:23,ACC00075,ACC00330,943.48,IMPS,transfer,0,,normal
TXN000406,2026-06-03 20:41:04,ACC00550,ACC00582,2354.99,IMPS,transfer,0,,normal
TXN000407,2026-06-03 20:47:13,ACC00482,ACC00224,3446.92,RTGS,transfer,0,,normal
TXN000408,2026-06-03 20:55:06,ACC00457,ACC00499,2271.05,IMPS,transfer,0,,normal
TXN000409,2026-06-03 21:02:04,ACC00188,ACC00348,49500.0,IMPS,transfer,1,STRUCT006,structuring
TXN000410,2026-06-03 21:29:15,ACC00580,ACC00642,10548.11,RTGS,transfer,0,,normal
TXN000411,2026-06-03 21:30:58,ACC00065,ACC00600,1699.07,NEFT,transfer,0,,normal
TXN000412,2026-06-03 21:32:34,ACC00006,ACC00414,4994.28,IMPS,transfer,0,,normal
TXN000413,2026-06-03 21:33:30,ACC00589,ACC00228,7093.37,IMPS,transfer,0,,normal
TXN000414,2026-06-03 21:33:36,ACC00188,ACC00299,49500.0,UPI,transfer,1,STRUCT006,structuring
TXN000415,2026-06-03 21:50:04,ACC00224,ACC00340,2355.21,RTGS,transfer,0,,normal
TXN000416,2026-06-03 21:52:20,ACC00286,ACC00259,3917.32,UPI,transfer,0,,normal
TXN000417,2026-06-03 21:53:02,ACC00188,ACC00418,49500.0,IMPS,transfer,1,STRUCT006,structuring
TXN000418,2026-06-03 21:58:16,ACC00629,ACC00586,2651.26,NEFT,transfer,0,,normal
TXN000419,2026-06-03 22:11:48,ACC00188,ACC00466,49500.0,UPI,transfer,1,STRUCT006,structuring
TXN000420,2026-06-03 22:16:44,ACC00586,ACC00134,4909.23,IMPS,transfer,0,,normal
TXN000421,2026-06-03 22:26:21,ACC00114,ACC00169,1004.51,IMPS,transfer,0,,normal
TXN000422,2026-06-03 22:37:00,ACC00081,ACC00072,1793.04,NEFT,transfer,0,,normal
TXN000423,2026-06-03 22:38:24,ACC00188,ACC00290,49500.0,UPI,transfer,1,STRUCT006,structuring
TXN000424,2026-06-03 22:51:48,ACC00167,ACC00596,11243.65,IMPS,transfer,0,,normal
TXN000425,2026-06-03 22:58:19,ACC00269,ACC00350,1826.78,CASH_DEPOSIT,cash_deposit,0,,normal
TXN000426,2026-06-03 23:10:03,ACC00233,ACC00452,13631.03,IMPS,transfer,0,,normal
TXN000427,2026-06-03 23:19:56,ACC00289,ACC00166,2663.86,NEFT,transfer,0,,normal
TXN000428,2026-06-03 23:31:15,ACC00167,ACC00002,8232.87,CASH_DEPOSIT,cash_deposit,0,,normal
TXN000429,2026-06-03 23:42:44,ACC00059,ACC00079,8601.93,NEFT,transfer,0,,normal
TXN000430,2026-06-04 00:08:26,ACC00630,ACC00077,3497.68,CASH_DEPOSIT,cash_deposit,0,,normal
TXN000431,2026-06-04 00:50:00,ACC00063,ACC00571,5732.23,IMPS,transfer,0,,normal
TXN000432,2026-06-04 00:50:31,ACC00282,ACC00606,16813.91,NEFT,transfer,0,,normal
TXN000433,2026-06-04 00:51:33,ACC00188,ACC00303,49500.0,IMPS,transfer,1,STRUCT006,structuring
TXN000434,2026-06-04 00:53:03,ACC00664,ACC00429,11882.29,CASH_DEPOSIT,cash_deposit,0,,normal
TXN000435,2026-06-04 00:53:32,ACC00431,ACC00066,1530.9,UPI,transfer,0,,normal
TXN000436,2026-06-04 01:07:44,ACC00118,ACC00488,4689.62,IMPS,transfer,0,,normal
TXN000437,2026-06-04 01:20:17,ACC00683,ACC00494,1699.82,CASH_DEPOSIT,cash_deposit,0,,normal
TXN000438,2026-06-04 01:32:13,ACC00188,ACC00335,49500.0,IMPS,transfer,1,STRUCT006,structuring
TXN000439,2026-06-04 01:40:02,ACC00579,ACC00180,4338.82,UPI,transfer,0,,normal
TXN000440,2026-06-04 01:40:51,ACC00630,ACC00128,1588.74,RTGS,transfer,0,,normal
TXN000441,2026-06-04 01:45:48,ACC00422,ACC00462,4867.1,CASH_DEPOSIT,cash_deposit,0,,normal
TXN000442,2026-06-04 01:49:46,ACC00064,ACC00453,6092.45,RTGS,transfer,0,,normal
TXN000443,2026-06-04 02:10:30,ACC00042,ACC00001,2128.2,IMPS,transfer,0,,normal
TXN000444,2026-06-04 02:23:26,ACC00444,ACC00282,638.12,CASH_DEPOSIT,cash_deposit,0,,normal
TXN000445,2026-06-04 02:32:38,ACC00136,ACC00318,6269.25,IMPS,transfer,0,,normal
TXN000446,2026-06-04 02:37:14,ACC00281,ACC00326,425.56,IMPS,transfer,0,,normal
TXN000447,2026-06-04 02:41:16,ACC00566,ACC00494,6125.29,IMPS,transfer,0,,normal
TXN000448,2026-06-04 02:44:06,ACC00287,ACC00006,9109.12,CASH_DEPOSIT,cash_deposit,0,,normal
TXN000449,2026-06-04 02:54:56,ACC00334,ACC00325,1776.85,NEFT,transfer,0,,normal
TXN000450,2026-06-04 02:58:13,ACC00375,ACC00683,13743.09,IMPS,transfer,0,,normal
TXN000451,2026-06-04 02:58:46,ACC00188,ACC00270,49500.0,IMPS,transfer,1,STRUCT006,structuring
TXN000452,2026-06-04 03:00:55,ACC00188,ACC00016,49500.0,IMPS,transfer,1,STRUCT006,structuring
TXN000453,2026-06-04 03:02:08,ACC00525,ACC00414,1014.46,IMPS,transfer,0,,normal
TXN000454,2026-06-04 03:09:10,ACC00233,ACC00567,2261.09,CASH_DEPOSIT,cash_deposit,0,,normal
TXN000455,2026-06-04 03:10:00,ACC00699,ACC00399,3309.39,IMPS,transfer,0,,normal
TXN000456,2026-06-04 03:13:54,ACC00489,ACC00561,1446.11,CASH_DEPOSIT,cash_deposit,0,,normal
TXN000457,2026-06-04 03:32:15,ACC00281,ACC00641,12538.05,UPI,transfer,0,,normal
TXN000458,2026-06-04 03:50:31,ACC00224,ACC00473,22296.81,NEFT,transfer,0,,normal
TXN000459,2026-06-04 03:53:17,ACC00449,ACC00293,3059.56,UPI,transfer,0,,normal
TXN000460,2026-06-04 03:55:12,ACC00444,ACC00599,3204.98,CASH_DEPOSIT,cash_deposit,0,,normal
TXN000461,2026-06-04 04:06:11,ACC00190,ACC00129,843.04,UPI,transfer,0,,normal
TXN000462,2026-06-04 04:06:42,ACC00479,ACC00598,10519.43,UPI,transfer,0,,normal
TXN000463,2026-06-04 04:36:51,ACC00336,ACC00254,8083.43,IMPS,transfer,0,,normal
TXN000464,2026-06-04 04:41:45,ACC00433,ACC00069,3124.82,NEFT,transfer,0,,normal
TXN000465,2026-06-04 04:56:14,ACC00532,ACC00270,3976.05,UPI,transfer,0,,normal
TXN000466,2026-06-04 05:23:05,ACC00489,ACC00152,8375.83,NEFT,transfer,0,,normal
TXN000467,2026-06-04 05:33:35,ACC00411,ACC00668,1780.4,NEFT,transfer,0,,normal
TXN000468,2026-06-04 05:41:13,ACC00578,ACC00267,9012.97,IMPS,transfer,0,,normal
TXN000469,2026-06-04 05:41:17,ACC00068,ACC00021,947.68,CASH_DEPOSIT,cash_deposit,0,,normal
TXN000470,2026-06-04 06:12:03,ACC00105,ACC00402,7734.45,RTGS,transfer,0,,normal
TXN000471,2026-06-04 06:12:13,ACC00108,ACC00111,4176.69,CASH_DEPOSIT,cash_deposit,0,,normal
TXN000472,2026-06-04 06:20:26,ACC00239,ACC00576,2778.26,IMPS,transfer,0,,normal
TXN000473,2026-06-04 06:28:20,ACC00605,ACC00312,2023.02,CASH_DEPOSIT,cash_deposit,0,,normal
TXN000474,2026-06-04 06:38:53,ACC00073,ACC00629,10340.84,IMPS,transfer,0,,normal
TXN000475,2026-06-04 06:38:58,ACC00171,ACC00611,6072.02,RTGS,transfer,0,,normal
TXN000476,2026-06-04 06:46:10,ACC00681,ACC00013,3508.13,IMPS,transfer,0,,normal
TXN000477,2026-06-04 06:48:33,ACC00698,ACC00005,1142.71,UPI,transfer,0,,normal
TXN000478,2026-06-04 07:01:27,ACC00615,ACC00680,3107.27,IMPS,transfer,0,,normal
TXN000479,2026-06-04 07:13:39,ACC00018,ACC00602,1406.84,UPI,transfer,0,,normal
TXN000480,2026-06-04 07:14:10,ACC00485,ACC00219,5991.22,RTGS,transfer,0,,normal
TXN000481,2026-06-04 07:26:43,ACC00038,ACC00348,1335.9,UPI,transfer,0,,normal
TXN000482,2026-06-04 07:30:40,ACC00507,ACC00285,2620.83,UPI,transfer,0,,normal
TXN000483,2026-06-04 07:32:30,ACC00123,ACC00468,1335.31,IMPS,transfer,0,,normal
TXN000484,2026-06-04 07:50:32,ACC00578,ACC00115,6220.01,CASH_DEPOSIT,cash_deposit,0,,normal
TXN000485,2026-06-04 08:01:02,ACC00362,ACC00109,2240.31,RTGS,transfer,0,,normal
TXN000486,2026-06-04 08:08:15,ACC00118,ACC00033,9527.27,IMPS,transfer,0,,normal
TXN000487,2026-06-04 08:08:37,ACC00043,ACC00682,12798.51,IMPS,transfer,0,,normal
TXN000488,2026-06-04 08:12:10,ACC00067,ACC00504,410.04,IMPS,transfer,0,,normal
TXN000489,2026-06-04 08:14:55,ACC00305,ACC00465,13814.82,RTGS,transfer,0,,normal
TXN000490,2026-06-04 08:21:00,ACC00372,ACC00011,13074.96,UPI,transfer,0,,normal
TXN000491,2026-06-04 08:21:10,ACC00262,ACC00654,6242.25,NEFT,transfer,0,,normal
TXN000492,2026-06-04 08:25:17,ACC00377,ACC00652,3189.2,CASH_DEPOSIT,cash_deposit,0,,normal
TXN000493,2026-06-04 08:35:51,ACC00636,ACC00660,5941.98,CASH_DEPOSIT,cash_deposit,0,,normal
TXN000494,2026-06-04 08:49:55,ACC00026,ACC00452,1742.81,CASH_DEPOSIT,cash_deposit,0,,normal
TXN000495,2026-06-04 08:58:28,ACC00621,ACC00493,4021.79,RTGS,transfer,0,,normal
TXN000496,2026-06-04 09:06:17,ACC00273,ACC00146,11161.34,NEFT,transfer,0,,normal
TXN000497,2026-06-04 09:08:03,ACC00178,ACC00566,2098.52,RTGS,transfer,0,,normal
TXN000498,2026-06-04 09:18:32,ACC00503,ACC00455,2412.52,CASH_DEPOSIT,cash_deposit,0,,normal
TXN000499,2026-06-04 09:25:20,ACC00640,ACC00095,1217.23,UPI,transfer,0,,normal
TXN000500,2026-06-04 09:25:29,ACC00485,ACC00543,2482.0,NEFT,transfer,0,,normal
TXN000501,2026-06-04 09:31:08,ACC00547,ACC00617,4380.46,RTGS,transfer,0,,normal
TXN000502,2026-06-04 10:23:13,ACC00640,ACC00588,3588.72,IMPS,transfer,0,,normal
TXN000503,2026-06-04 10:40:35,ACC00344,ACC00286,12056.86,CASH_DEPOSIT,cash_deposit,0,,normal
TXN000504,2026-06-04 10:56:04,ACC00591,ACC00616,7049.39,RTGS,transfer,0,,normal
TXN000505,2026-06-04 10:57:45,ACC00299,ACC00386,5677.15,IMPS,transfer,0,,normal
TXN000506,2026-06-04 11:41:13,ACC00227,ACC00328,1705.84,IMPS,transfer,0,,normal
TXN000507,2026-06-04 12:21:43,ACC00155,ACC00451,4818.31,NEFT,transfer,0,,normal
TXN000508,2026-06-04 12:24:14,ACC00171,ACC00109,10637.43,NEFT,transfer,0,,normal
TXN000509,2026-06-04 12:37:26,ACC00276,ACC00578,2698.43,UPI,transfer,0,,normal
TXN000510,2026-06-04 12:50:13,ACC00213,ACC00144,1570.05,CASH_DEPOSIT,cash_deposit,0,,normal
TXN000511,2026-06-04 12:54:46,ACC00627,ACC00008,4237.74,CASH_DEPOSIT,cash_deposit,0,,normal
TXN000512,2026-06-04 12:56:59,ACC00577,ACC00492,3753.76,IMPS,transfer,0,,normal
TXN000513,2026-06-04 13:20:44,ACC00125,ACC00013,904.54,IMPS,transfer,0,,normal
TXN000514,2026-06-04 13:30:16,ACC00149,ACC00184,5136.82,NEFT,transfer,0,,normal
TXN000515,2026-06-04 13:41:17,ACC00136,ACC00490,3077.26,UPI,transfer,0,,normal
TXN000516,2026-06-04 13:48:13,ACC00224,ACC00419,1786.84,NEFT,transfer,0,,normal
TXN000517,2026-06-04 13:57:48,ACC00671,ACC00556,4077.74,CASH_DEPOSIT,cash_deposit,0,,normal
TXN000518,2026-06-04 14:05:17,ACC00444,ACC00654,6423.95,CASH_DEPOSIT,cash_deposit,0,,normal
TXN000519,2026-06-04 14:22:12,ACC00034,ACC00097,3746.06,UPI,transfer,0,,normal
TXN000520,2026-06-04 14:31:11,ACC00046,ACC00673,3354.41,NEFT,transfer,0,,normal
TXN000521,2026-06-04 14:51:17,ACC00592,ACC00683,9082.14,IMPS,transfer,0,,normal
TXN000522,2026-06-04 14:55:43,ACC00247,ACC00212,1720.29,RTGS,transfer,0,,normal
TXN000523,2026-06-04 15:23:09,ACC00609,ACC00161,7971.85,IMPS,transfer,0,,normal
TXN000524,2026-06-04 15:44:43,ACC00384,ACC00380,5355.53,NEFT,transfer,0,,normal
TXN000525,2026-06-04 15:55:08,ACC00428,ACC00052,2339.27,IMPS,transfer,0,,normal
TXN000526,2026-06-04 16:09:59,ACC00120,ACC00265,2629.85,IMPS,transfer,0,,normal
TXN000527,2026-06-04 16:11:50,ACC00010,ACC00444,1943.75,NEFT,transfer,0,,normal
TXN000528,2026-06-04 16:29:36,ACC00084,ACC00095,20559.97,RTGS,transfer,0,,normal
TXN000529,2026-06-04 16:44:49,ACC00680,ACC00574,2780.64,CASH_DEPOSIT,cash_deposit,0,,normal
TXN000530,2026-06-04 16:54:30,ACC00299,ACC00194,534.14,IMPS,transfer,0,,normal
TXN000531,2026-06-04 17:02:26,ACC00224,ACC00593,6098.6,UPI,transfer,0,,normal
TXN000532,2026-06-04 17:21:06,ACC00073,ACC00312,1983.38,CASH_DEPOSIT,cash_deposit,0,,normal
TXN000533,2026-06-04 17:59:58,ACC00350,ACC00633,3610.99,RTGS,transfer,0,,normal
TXN000534,2026-06-04 18:15:16,ACC00560,ACC00564,9651.13,IMPS,transfer,0,,normal
TXN000535,2026-06-04 18:22:41,ACC00327,ACC00650,11258.79,RTGS,transfer,0,,normal
TXN000536,2026-06-04 18:24:09,ACC00289,ACC00366,384.42,NEFT,transfer,0,,normal
TXN000537,2026-06-04 18:29:16,ACC00575,ACC00520,4499.05,IMPS,transfer,0,,normal
TXN000538,2026-06-04 18:34:40,ACC00411,ACC00521,1162.02,IMPS,transfer,0,,normal
TXN000539,2026-06-04 19:02:20,ACC00231,ACC00676,16416.26,RTGS,transfer,0,,normal
TXN000540,2026-06-04 19:09:08,ACC00403,ACC00313,2576.63,IMPS,transfer,0,,normal
TXN000541,2026-06-04 19:11:13,ACC00031,ACC00595,16043.99,IMPS,transfer,0,,normal
TXN000542,2026-06-04 19:14:06,ACC00697,ACC00686,3150.86,UPI,transfer,0,,normal
TXN000543,2026-06-04 19:14:09,ACC00329,ACC00527,1878.5,CASH_DEPOSIT,cash_deposit,0,,normal
TXN000544,2026-06-04 19:17:47,ACC00036,ACC00130,13203.41,NEFT,transfer,0,,normal
TXN000545,2026-06-04 19:21:28,ACC00403,ACC00004,4595.78,NEFT,transfer,0,,normal
TXN000546,2026-06-04 19:22:32,ACC00305,ACC00641,3842.64,IMPS,transfer,0,,normal
TXN000547,2026-06-04 19:26:36,ACC00389,ACC00071,2791.82,UPI,transfer,0,,normal
TXN000548,2026-06-04 19:45:43,ACC00241,ACC00474,5437.69,IMPS,transfer,0,,normal
TXN000549,2026-06-04 19:46:03,ACC00112,ACC00046,6797.67,RTGS,transfer,0,,normal
TXN000550,2026-06-04 20:16:06,ACC00667,ACC00179,3919.78,NEFT,transfer,0,,normal
TXN000551,2026-06-04 20:21:04,ACC00207,ACC00077,418.51,CASH_DEPOSIT,cash_deposit,0,,normal
TXN000552,2026-06-04 20:21:12,ACC00378,ACC00630,1421.76,NEFT,transfer,0,,normal
TXN000553,2026-06-04 20:27:55,ACC00106,ACC00036,6227.92,NEFT,transfer,0,,normal
TXN000554,2026-06-04 21:28:33,ACC00018,ACC00328,820.82,NEFT,transfer,0,,normal
TXN000555,2026-06-04 21:37:38,ACC00057,ACC00364,2916.34,CASH_DEPOSIT,cash_deposit,0,,normal
TXN000556,2026-06-04 21:38:35,ACC00288,ACC00130,14055.35,NEFT,transfer,0,,normal
TXN000557,2026-06-04 21:50:02,ACC00593,ACC00128,1248.49,UPI,transfer,0,,normal
TXN000558,2026-06-04 22:16:31,ACC00343,ACC00151,7923.05,IMPS,transfer,0,,normal
TXN000559,2026-06-04 22:18:15,ACC00400,ACC00367,3379.75,NEFT,transfer,0,,normal
TXN000560,2026-06-04 22:24:57,ACC00667,ACC00339,3778.79,NEFT,transfer,0,,normal
TXN000561,2026-06-04 22:41:34,ACC00677,ACC00176,2916.96,CASH_DEPOSIT,cash_deposit,0,,normal
TXN000562,2026-06-04 22:46:19,ACC00498,ACC00562,2153.07,UPI,transfer,0,,normal
TXN000563,2026-06-04 23:03:29,ACC00184,ACC00147,3053.59,RTGS,transfer,0,,normal
TXN000564,2026-06-04 23:06:55,ACC00411,ACC00504,2832.55,UPI,transfer,0,,normal
TXN000565,2026-06-04 23:24:38,ACC00578,ACC00559,1236.76,RTGS,transfer,0,,normal
TXN000566,2026-06-04 23:33:21,ACC00082,ACC00301,4670.04,UPI,transfer,0,,normal
TXN000567,2026-06-04 23:43:07,ACC00474,ACC00028,2369.25,RTGS,transfer,0,,normal
TXN000568,2026-06-04 23:47:51,ACC00413,ACC00241,1288.29,CASH_DEPOSIT,cash_deposit,0,,normal
TXN000569,2026-06-04 23:49:30,ACC00340,ACC00039,12499.98,NEFT,transfer,0,,normal
TXN000570,2026-06-05 00:01:04,ACC00253,ACC00249,4150.44,NEFT,transfer,0,,normal
TXN000571,2026-06-05 00:02:03,ACC00454,ACC00223,14312.74,UPI,transfer,0,,normal
TXN000572,2026-06-05 00:08:23,ACC00609,ACC00285,16281.31,UPI,transfer,0,,normal
TXN000573,2026-06-05 00:08:52,ACC00322,ACC00083,4518.27,NEFT,transfer,0,,normal
TXN000574,2026-06-05 00:21:44,ACC00297,ACC00316,3076.34,UPI,transfer,0,,normal
TXN000575,2026-06-05 00:38:32,ACC00201,ACC00171,3509.31,IMPS,transfer,0,,normal
TXN000576,2026-06-05 00:45:40,ACC00398,ACC00227,5206.47,CASH_DEPOSIT,cash_deposit,0,,normal
TXN000577,2026-06-05 00:45:44,ACC00599,ACC00394,759.0,CASH_DEPOSIT,cash_deposit,0,,normal
TXN000578,2026-06-05 01:07:55,ACC00087,ACC00079,4523.84,RTGS,transfer,0,,normal
TXN000579,2026-06-05 01:11:22,ACC00559,ACC00272,565.93,UPI,transfer,0,,normal
TXN000580,2026-06-05 01:12:11,ACC00090,ACC00107,5122.84,RTGS,transfer,0,,normal
TXN000581,2026-06-05 01:26:30,ACC00071,ACC00360,3539.12,NEFT,transfer,0,,normal
TXN000582,2026-06-05 01:27:46,ACC00176,ACC00109,9291.53,IMPS,transfer,0,,normal
TXN000583,2026-06-05 01:34:59,ACC00492,ACC00250,2637.1,UPI,transfer,0,,normal
TXN000584,2026-06-05 01:39:29,ACC00684,ACC00057,2849.26,UPI,transfer,0,,normal
TXN000585,2026-06-05 01:41:13,ACC00342,ACC00173,6823.4,CASH_DEPOSIT,cash_deposit,0,,normal
TXN000586,2026-06-05 01:54:57,ACC00472,ACC00056,6461.34,UPI,transfer,0,,normal
TXN000587,2026-06-05 02:07:51,ACC00322,ACC00121,4557.79,IMPS,transfer,0,,normal
TXN000588,2026-06-05 02:09:43,ACC00192,ACC00204,8120.71,NEFT,transfer,0,,normal
TXN000589,2026-06-05 02:29:13,ACC00683,ACC00586,9271.92,NEFT,transfer,0,,normal
TXN000590,2026-06-05 02:34:03,ACC00598,ACC00107,2070.65,IMPS,transfer,0,,normal
TXN000591,2026-06-05 02:41:55,ACC00170,ACC00236,20891.46,IMPS,transfer,0,,normal
TXN000592,2026-06-05 02:44:33,ACC00051,ACC00691,3619.64,RTGS,transfer,0,,normal
TXN000593,2026-06-05 03:04:49,ACC00621,ACC00690,26418.31,RTGS,transfer,0,,normal
TXN000594,2026-06-05 03:17:41,ACC00255,ACC00359,3255.64,NEFT,transfer,0,,normal
TXN000595,2026-06-05 03:21:08,ACC00593,ACC00097,8542.09,IMPS,transfer,0,,normal
TXN000596,2026-06-05 03:24:51,ACC00690,ACC00513,4215.47,CASH_DEPOSIT,cash_deposit,0,,normal
TXN000597,2026-06-05 03:26:10,ACC00689,ACC00277,4912.24,UPI,transfer,0,,normal
TXN000598,2026-06-05 03:35:28,ACC00244,ACC00238,12916.25,RTGS,transfer,0,,normal
TXN000599,2026-06-05 03:42:09,ACC00433,ACC00276,2638.47,RTGS,transfer,0,,normal
TXN000600,2026-06-05 03:58:23,ACC00289,ACC00204,1890.1,RTGS,transfer,0,,normal
TXN000601,2026-06-05 04:04:53,ACC00226,ACC00652,4378.97,RTGS,transfer,0,,normal
TXN000602,2026-06-05 04:08:41,ACC00412,ACC00437,576.69,RTGS,transfer,0,,normal
TXN000603,2026-06-05 04:16:35,ACC00608,ACC00256,1839.25,RTGS,transfer,0,,normal
TXN000604,2026-06-05 04:28:58,ACC00424,ACC00330,12472.54,UPI,transfer,0,,normal
TXN000605,2026-06-05 04:33:44,ACC00220,ACC00457,1813.2,RTGS,transfer,0,,normal
TXN000606,2026-06-05 04:46:46,ACC00440,ACC00672,1296.05,IMPS,transfer,0,,normal
TXN000607,2026-06-05 04:50:23,ACC00110,ACC00637,1108.32,NEFT,transfer,0,,normal
TXN000608,2026-06-05 04:54:02,ACC00154,ACC00183,1509.56,IMPS,transfer,0,,normal
TXN000609,2026-06-05 04:59:27,ACC00518,ACC00176,3806.17,RTGS,transfer,0,,normal
TXN000610,2026-06-05 05:10:44,ACC00490,ACC00693,5434.22,RTGS,transfer,0,,normal
TXN000611,2026-06-05 05:16:40,ACC00231,ACC00180,6722.57,CASH_DEPOSIT,cash_deposit,0,,normal
TXN000612,2026-06-05 05:19:24,ACC00682,ACC00351,3434.77,RTGS,transfer,0,,normal
TXN000613,2026-06-05 05:29:48,ACC00242,ACC00506,5762.59,CASH_DEPOSIT,cash_deposit,0,,normal
TXN000614,2026-06-05 05:34:30,ACC00015,ACC00440,10050.88,RTGS,transfer,0,,normal
TXN000615,2026-06-05 05:49:02,ACC00242,ACC00520,2330.2,NEFT,transfer,0,,normal
TXN000616,2026-06-05 06:05:12,ACC00275,ACC00074,8623.05,NEFT,transfer,0,,normal
TXN000617,2026-06-05 06:07:05,ACC00401,ACC00173,2466.37,NEFT,transfer,0,,normal
TXN000618,2026-06-05 06:32:48,ACC00436,ACC00115,11768.21,RTGS,transfer,0,,normal
TXN000619,2026-06-05 06:54:37,ACC00658,ACC00174,8221.15,NEFT,transfer,0,,normal
TXN000620,2026-06-05 07:04:16,ACC00512,ACC00463,2236.52,UPI,transfer,0,,normal
TXN000621,2026-06-05 07:12:15,ACC00655,ACC00312,3462.24,CASH_DEPOSIT,cash_deposit,0,,normal
TXN000622,2026-06-05 07:13:41,ACC00566,ACC00285,11605.89,UPI,transfer,0,,normal
TXN000623,2026-06-05 07:15:13,ACC00209,ACC00448,5446.1,CASH_DEPOSIT,cash_deposit,0,,normal
TXN000624,2026-06-05 07:26:39,ACC00033,ACC00281,1004.03,NEFT,transfer,0,,normal
TXN000625,2026-06-05 07:28:27,ACC00625,ACC00359,1672.61,UPI,transfer,0,,normal
TXN000626,2026-06-05 07:40:11,ACC00193,ACC00469,5332.95,IMPS,transfer,0,,normal
TXN000627,2026-06-05 07:43:37,ACC00331,ACC00128,3611.06,CASH_DEPOSIT,cash_deposit,0,,normal
TXN000628,2026-06-05 07:55:18,ACC00203,ACC00309,4326.09,RTGS,transfer,0,,normal
TXN000629,2026-06-05 07:56:55,ACC00154,ACC00342,1796.71,NEFT,transfer,0,,normal
TXN000630,2026-06-05 08:06:21,ACC00700,ACC00423,11021.82,CASH_DEPOSIT,cash_deposit,0,,normal
TXN000631,2026-06-05 08:12:45,ACC00157,ACC00672,4754.84,RTGS,transfer,0,,normal
TXN000632,2026-06-05 08:14:43,ACC00259,ACC00512,3109.56,IMPS,transfer,0,,normal
TXN000633,2026-06-05 08:21:30,ACC00149,ACC00291,537762.7,IMPS,transfer,1,LAYER009,cyclic_layering
TXN000634,2026-06-05 08:22:53,ACC00662,ACC00455,3845.68,UPI,transfer,0,,normal
TXN000635,2026-06-05 08:34:27,ACC00375,ACC00580,1739.25,UPI,transfer,0,,normal
TXN000636,2026-06-05 08:38:39,ACC00484,ACC00584,2156.29,IMPS,transfer,0,,normal
TXN000637,2026-06-05 08:51:18,ACC00349,ACC00168,634.34,CASH_DEPOSIT,cash_deposit,0,,normal
TXN000638,2026-06-05 09:00:26,ACC00247,ACC00080,2962.61,CASH_DEPOSIT,cash_deposit,0,,normal
TXN000639,2026-06-05 09:00:32,ACC00673,ACC00079,6206.03,IMPS,transfer,0,,normal
TXN000640,2026-06-05 09:09:45,ACC00538,ACC00208,11277.64,IMPS,transfer,0,,normal
TXN000641,2026-06-05 09:20:44,ACC00581,ACC00472,1689.08,UPI,transfer,0,,normal
TXN000642,2026-06-05 09:32:33,ACC00152,ACC00491,1618.73,IMPS,transfer,0,,normal
TXN000643,2026-06-05 09:35:36,ACC00666,ACC00321,2530.86,IMPS,transfer,0,,normal
TXN000644,2026-06-05 09:49:23,ACC00233,ACC00344,809.14,IMPS,transfer,0,,normal
TXN000645,2026-06-05 09:49:38,ACC00585,ACC00539,911906.73,RTGS,transfer,1,LAYER001,cyclic_layering
TXN000646,2026-06-05 09:51:04,ACC00477,ACC00530,6271.11,UPI,transfer,0,,normal
TXN000647,2026-06-05 09:54:24,ACC00176,ACC00165,3955.45,RTGS,transfer,0,,normal
TXN000648,2026-06-05 10:11:09,ACC00175,ACC00180,2190.1,CASH_DEPOSIT,cash_deposit,0,,normal
TXN000649,2026-06-05 10:16:17,ACC00673,ACC00286,974.11,IMPS,transfer,0,,normal
TXN000650,2026-06-05 10:36:39,ACC00498,ACC00287,31242.51,CASH_DEPOSIT,cash_deposit,0,,normal
TXN000651,2026-06-05 10:42:59,ACC00142,ACC00226,1427.71,IMPS,transfer,0,,normal
TXN000652,2026-06-05 10:50:12,ACC00378,ACC00333,4151.62,CASH_DEPOSIT,cash_deposit,0,,normal
TXN000653,2026-06-05 10:56:36,ACC00398,ACC00189,1872.77,UPI,transfer,0,,normal
TXN000654,2026-06-05 11:21:32,ACC00628,ACC00491,613.32,NEFT,transfer,0,,normal
TXN000655,2026-06-05 11:29:06,ACC00158,ACC00030,2207.23,RTGS,transfer,0,,normal
TXN000656,2026-06-05 11:30:41,ACC00493,ACC00352,937.76,CASH_DEPOSIT,cash_deposit,0,,normal
TXN000657,2026-06-05 11:45:34,ACC00369,ACC00037,1653.92,NEFT,transfer,0,,normal
TXN000658,2026-06-05 11:54:29,ACC00687,ACC00675,23953.7,RTGS,transfer,0,,normal
TXN000659,2026-06-05 12:00:30,ACC00013,ACC00422,2819.35,RTGS,transfer,0,,normal
TXN000660,2026-06-05 12:27:47,ACC00191,ACC00438,2929.87,NEFT,transfer,0,,normal
TXN000661,2026-06-05 13:02:55,ACC00097,ACC00555,12960.0,UPI,transfer,0,,normal
TXN000662,2026-06-05 13:06:38,ACC00372,ACC00117,3801.09,NEFT,transfer,0,,normal
TXN000663,2026-06-05 13:10:20,ACC00090,ACC00511,1285.91,NEFT,transfer,0,,normal
TXN000664,2026-06-05 13:12:59,ACC00281,ACC00415,866.72,RTGS,transfer,0,,normal
TXN000665,2026-06-05 13:15:59,ACC00681,ACC00051,10442.04,RTGS,transfer,0,,normal
TXN000666,2026-06-05 13:24:19,ACC00013,ACC00691,1410.29,NEFT,transfer,0,,normal
TXN000667,2026-06-05 13:28:53,ACC00600,ACC00002,49500.0,UPI,transfer,1,STRUCT015,structuring
TXN000668,2026-06-05 13:29:45,ACC00310,ACC00446,2407.18,IMPS,transfer,0,,normal
TXN000669,2026-06-05 13:34:27,ACC00600,ACC00017,49500.0,UPI,transfer,1,STRUCT015,structuring
TXN000670,2026-06-05 13:42:45,ACC00492,ACC00205,2208.37,NEFT,transfer,0,,normal
TXN000671,2026-06-05 13:44:20,ACC00528,ACC00336,5605.47,IMPS,transfer,0,,normal
TXN000672,2026-06-05 13:45:30,ACC00279,ACC00493,243.02,RTGS,transfer,0,,normal
TXN000673,2026-06-05 13:50:26,ACC00358,ACC00556,26290.99,IMPS,transfer,0,,normal
TXN000674,2026-06-05 14:05:22,ACC00106,ACC00027,1711.75,CASH_DEPOSIT,cash_deposit,0,,normal
TXN000675,2026-06-05 14:05:32,ACC00005,ACC00338,520.18,CASH_DEPOSIT,cash_deposit,0,,normal
TXN000676,2026-06-05 14:08:57,ACC00672,ACC00004,4366.86,NEFT,transfer,0,,normal
TXN000677,2026-06-05 14:15:03,ACC00477,ACC00112,7193.32,RTGS,transfer,0,,normal
TXN000678,2026-06-05 14:16:14,ACC00164,ACC00568,6918.4,NEFT,transfer,0,,normal
TXN000679,2026-06-05 14:18:55,ACC00651,ACC00326,2944.99,NEFT,transfer,0,,normal
TXN000680,2026-06-05 14:21:49,ACC00219,ACC00238,11647.59,RTGS,transfer,0,,normal
TXN000681,2026-06-05 14:22:40,ACC00451,ACC00085,8022.81,IMPS,transfer,0,,normal
TXN000682,2026-06-05 14:23:03,ACC00522,ACC00631,24574.59,CASH_DEPOSIT,cash_deposit,0,,normal
TXN000683,2026-06-05 14:29:23,ACC00318,ACC00337,1971.91,NEFT,transfer,0,,normal
TXN000684,2026-06-05 14:39:48,ACC00201,ACC00024,591.91,UPI,transfer,0,,normal
TXN000685,2026-06-05 14:42:09,ACC00624,ACC00398,980.05,NEFT,transfer,0,,normal
TXN000686,2026-06-05 14:49:00,ACC00066,ACC00658,2020.14,UPI,transfer,0,,normal
TXN000687,2026-06-05 15:03:13,ACC00385,ACC00078,4824.87,RTGS,transfer,0,,normal
TXN000688,2026-06-05 15:05:34,ACC00419,ACC00464,14673.16,IMPS,transfer,0,,normal
TXN000689,2026-06-05 15:07:26,ACC00397,ACC00300,3190.18,CASH_DEPOSIT,cash_deposit,0,,normal
TXN000690,2026-06-05 15:09:07,ACC00324,ACC00238,787.95,IMPS,transfer,0,,normal
TXN000691,2026-06-05 15:22:46,ACC00340,ACC00092,3851.04,RTGS,transfer,0,,normal
TXN000692,2026-06-05 15:26:52,ACC00166,ACC00655,16386.5,CASH_DEPOSIT,cash_deposit,0,,normal
TXN000693,2026-06-05 15:27:16,ACC00153,ACC00334,1064.04,CASH_DEPOSIT,cash_deposit,0,,normal
TXN000694,2026-06-05 15:31:27,ACC00597,ACC00277,2287.12,UPI,transfer,0,,normal
TXN000695,2026-06-05 15:37:34,ACC00090,ACC00038,6615.95,CASH_DEPOSIT,cash_deposit,0,,normal
TXN000696,2026-06-05 15:41:24,ACC00339,ACC00579,2284.12,CASH_DEPOSIT,cash_deposit,0,,normal
TXN000697,2026-06-05 15:59:13,ACC00604,ACC00522,7364.06,CASH_DEPOSIT,cash_deposit,0,,normal
TXN000698,2026-06-05 16:04:49,ACC00417,ACC00250,10140.93,UPI,transfer,0,,normal
TXN000699,2026-06-05 16:09:53,ACC00342,ACC00609,15594.44,RTGS,transfer,0,,normal
TXN000700,2026-06-05 16:13:03,ACC00043,ACC00533,3449.44,CASH_DEPOSIT,cash_deposit,0,,normal
TXN000701,2026-06-05 16:16:32,ACC00323,ACC00475,46253.74,CASH_DEPOSIT,cash_deposit,0,,normal
TXN000702,2026-06-05 16:16:40,ACC00558,ACC00094,2444.68,NEFT,transfer,0,,normal
TXN000703,2026-06-05 16:26:11,ACC00232,ACC00175,2128.62,NEFT,transfer,0,,normal
TXN000704,2026-06-05 16:35:09,ACC00131,ACC00660,3097.47,CASH_DEPOSIT,cash_deposit,0,,normal
TXN000705,2026-06-05 16:42:27,ACC00238,ACC00332,19937.37,NEFT,transfer,0,,normal
TXN000706,2026-06-05 16:54:50,ACC00078,ACC00579,6301.69,UPI,transfer,0,,normal
TXN000707,2026-06-05 17:15:39,ACC00600,ACC00280,49500.0,UPI,transfer,1,STRUCT015,structuring
TXN000708,2026-06-05 17:19:23,ACC00210,ACC00129,424.86,IMPS,transfer,0,,normal
TXN000709,2026-06-05 17:32:09,ACC00615,ACC00433,3711.16,IMPS,transfer,0,,normal
TXN000710,2026-06-05 17:35:15,ACC00571,ACC00699,5131.33,UPI,transfer,0,,normal
TXN000711,2026-06-05 18:00:30,ACC00050,ACC00322,2506.33,RTGS,transfer,0,,normal
TXN000712,2026-06-05 18:03:42,ACC00600,ACC00486,49500.0,UPI,transfer,1,STRUCT015,structuring
TXN000713,2026-06-05 18:17:29,ACC00161,ACC00055,1922.73,IMPS,transfer,0,,normal
TXN000714,2026-06-05 18:24:43,ACC00004,ACC00438,1683.96,CASH_DEPOSIT,cash_deposit,0,,normal
TXN000715,2026-06-05 18:27:00,ACC00600,ACC00070,49500.0,IMPS,transfer,1,STRUCT015,structuring
TXN000716,2026-06-05 18:39:20,ACC00409,ACC00642,863.11,UPI,transfer,0,,normal
TXN000717,2026-06-05 18:48:11,ACC00103,ACC00134,2998.27,UPI,transfer,0,,normal
TXN000718,2026-06-05 19:06:57,ACC00526,ACC00681,2532.49,UPI,transfer,0,,normal
TXN000719,2026-06-05 19:09:58,ACC00550,ACC00187,1617.7,CASH_DEPOSIT,cash_deposit,0,,normal
TXN000720,2026-06-05 19:27:35,ACC00683,ACC00615,29502.46,UPI,transfer,0,,normal
TXN000721,2026-06-05 19:33:48,ACC00228,ACC00081,9131.38,IMPS,transfer,0,,normal
TXN000722,2026-06-05 19:36:56,ACC00019,ACC00622,697.34,CASH_DEPOSIT,cash_deposit,0,,normal
TXN000723,2026-06-05 19:41:32,ACC00692,ACC00052,887.96,RTGS,transfer,0,,normal
TXN000724,2026-06-05 19:42:33,ACC00362,ACC00340,594.28,UPI,transfer,0,,normal
TXN000725,2026-06-05 19:50:56,ACC00080,ACC00632,2272.83,UPI,transfer,0,,normal
TXN000726,2026-06-05 20:03:52,ACC00674,ACC00224,24639.36,UPI,transfer,0,,normal
TXN000727,2026-06-05 20:17:10,ACC00630,ACC00547,8076.46,CASH_DEPOSIT,cash_deposit,0,,normal
TXN000728,2026-06-05 20:19:39,ACC00400,ACC00388,13262.97,NEFT,transfer,0,,normal
TXN000729,2026-06-05 20:21:38,ACC00149,ACC00288,3351.72,RTGS,transfer,0,,normal
TXN000730,2026-06-05 20:24:32,ACC00607,ACC00157,2372.7,IMPS,transfer,0,,normal
TXN000731,2026-06-05 20:29:32,ACC00174,ACC00162,3916.58,IMPS,transfer,0,,normal
TXN000732,2026-06-05 20:31:08,ACC00600,ACC00286,49500.0,IMPS,transfer,1,STRUCT015,structuring
TXN000733,2026-06-05 20:36:27,ACC00590,ACC00257,10881.32,UPI,transfer,0,,normal
TXN000734,2026-06-05 20:39:25,ACC00600,ACC00198,49500.0,IMPS,transfer,1,STRUCT015,structuring
TXN000735,2026-06-05 20:59:21,ACC00600,ACC00118,49500.0,UPI,transfer,1,STRUCT015,structuring
TXN000736,2026-06-05 21:25:16,ACC00278,ACC00372,22876.57,IMPS,transfer,0,,normal
TXN000737,2026-06-05 21:49:37,ACC00540,ACC00223,1472.86,CASH_DEPOSIT,cash_deposit,0,,normal
TXN000738,2026-06-05 21:52:35,ACC00600,ACC00609,49500.0,UPI,transfer,1,STRUCT015,structuring
TXN000739,2026-06-05 21:54:16,ACC00700,ACC00043,4024.82,NEFT,transfer,0,,normal
TXN000740,2026-06-05 21:54:50,ACC00338,ACC00656,3049.61,NEFT,transfer,0,,normal
TXN000741,2026-06-05 21:57:01,ACC00192,ACC00230,17399.32,IMPS,transfer,0,,normal
TXN000742,2026-06-05 21:57:13,ACC00166,ACC00139,10123.07,NEFT,transfer,0,,normal
TXN000743,2026-06-05 21:57:22,ACC00582,ACC00115,3507.56,RTGS,transfer,0,,normal
TXN000744,2026-06-05 21:58:28,ACC00568,ACC00236,1819.4,UPI,transfer,0,,normal
TXN000745,2026-06-05 22:08:42,ACC00083,ACC00515,6381.59,UPI,transfer,0,,normal
TXN000746,2026-06-05 22:31:35,ACC00600,ACC00499,49500.0,IMPS,transfer,1,STRUCT015,structuring
TXN000747,2026-06-05 22:32:46,ACC00565,ACC00340,12153.76,RTGS,transfer,0,,normal
TXN000748,2026-06-05 22:34:34,ACC00504,ACC00283,6855.63,RTGS,transfer,0,,normal
TXN000749,2026-06-05 22:41:57,ACC00600,ACC00109,49500.0,UPI,transfer,1,STRUCT015,structuring
TXN000750,2026-06-05 23:03:20,ACC00015,ACC00258,2232.22,CASH_DEPOSIT,cash_deposit,0,,normal
TXN000751,2026-06-05 23:04:32,ACC00290,ACC00630,2141.99,IMPS,transfer,0,,normal
TXN000752,2026-06-05 23:04:44,ACC00091,ACC00579,6634.01,NEFT,transfer,0,,normal
TXN000753,2026-06-05 23:09:32,ACC00676,ACC00606,8622.57,NEFT,transfer,0,,normal
TXN000754,2026-06-05 23:10:20,ACC00671,ACC00029,1736.16,CASH_DEPOSIT,cash_deposit,0,,normal
TXN000755,2026-06-05 23:21:24,ACC00600,ACC00062,49500.0,IMPS,transfer,1,STRUCT015,structuring
TXN000756,2026-06-05 23:34:52,ACC00087,ACC00548,7412.53,RTGS,transfer,0,,normal
TXN000757,2026-06-05 23:44:49,ACC00156,ACC00193,1401.72,CASH_DEPOSIT,cash_deposit,0,,normal
TXN000758,2026-06-05 23:48:22,ACC00606,ACC00027,9833.4,NEFT,transfer,0,,normal
TXN000759,2026-06-05 23:57:33,ACC00600,ACC00267,49500.0,IMPS,transfer,1,STRUCT015,structuring
TXN000760,2026-06-06 00:12:26,ACC00614,ACC00630,235.05,NEFT,transfer,0,,normal
TXN000761,2026-06-06 00:13:35,ACC00140,ACC00599,3166.13,RTGS,transfer,0,,normal
TXN000762,2026-06-06 00:28:00,ACC00294,ACC00079,4748.7,CASH_DEPOSIT,cash_deposit,0,,normal
TXN000763,2026-06-06 00:44:24,ACC00308,ACC00437,2027.2,CASH_DEPOSIT,cash_deposit,0,,normal
TXN000764,2026-06-06 01:09:03,ACC00336,ACC00069,2639.45,CASH_DEPOSIT,cash_deposit,0,,normal
TXN000765,2026-06-06 01:09:59,ACC00671,ACC00452,453.67,IMPS,transfer,0,,normal
TXN000766,2026-06-06 01:27:24,ACC00277,ACC00112,3983.43,NEFT,transfer,0,,normal
TXN000767,2026-06-06 01:30:56,ACC00600,ACC00599,49500.0,UPI,transfer,1,STRUCT015,structuring
TXN000768,2026-06-06 01:32:37,ACC00391,ACC00412,912.49,IMPS,transfer,0,,normal
TXN000769,2026-06-06 01:42:30,ACC00226,ACC00287,3098.5,NEFT,transfer,0,,normal
TXN000770,2026-06-06 01:49:14,ACC00025,ACC00635,8145.19,IMPS,transfer,0,,normal
TXN000771,2026-06-06 01:49:19,ACC00392,ACC00264,2361.97,CASH_DEPOSIT,cash_deposit,0,,normal
TXN000772,2026-06-06 01:54:00,ACC00127,ACC00358,2556.14,IMPS,transfer,0,,normal
TXN000773,2026-06-06 01:55:00,ACC00631,ACC00317,2459.74,IMPS,transfer,0,,normal
TXN000774,2026-06-06 01:59:22,ACC00072,ACC00482,7425.49,NEFT,transfer,0,,normal
TXN000775,2026-06-06 02:11:18,ACC00257,ACC00254,2059.89,NEFT,transfer,0,,normal
TXN000776,2026-06-06 02:19:46,ACC00226,ACC00615,6863.02,RTGS,transfer,0,,normal
TXN000777,2026-06-06 02:24:12,ACC00127,ACC00478,3180.24,NEFT,transfer,0,,normal
TXN000778,2026-06-06 02:25:22,ACC00296,ACC00098,2195.71,UPI,transfer,0,,normal
TXN000779,2026-06-06 02:49:19,ACC00690,ACC00312,793.9,NEFT,transfer,0,,normal
TXN000780,2026-06-06 03:00:17,ACC00320,ACC00133,7084.66,NEFT,transfer,0,,normal
TXN000781,2026-06-06 03:08:09,ACC00449,ACC00292,2766.48,UPI,transfer,0,,normal
TXN000782,2026-06-06 03:32:30,ACC00477,ACC00398,6062.56,IMPS,transfer,0,,normal
TXN000783,2026-06-06 03:38:16,ACC00332,ACC00493,5622.38,UPI,transfer,0,,normal
TXN000784,2026-06-06 03:51:43,ACC00555,ACC00654,17878.47,UPI,transfer,0,,normal
TXN000785,2026-06-06 03:57:28,ACC00580,ACC00688,2575.91,CASH_DEPOSIT,cash_deposit,0,,normal
TXN000786,2026-06-06 04:02:41,ACC00291,ACC00474,509481.14,NEFT,transfer,1,LAYER009,cyclic_layering
TXN000787,2026-06-06 04:05:45,ACC00520,ACC00455,15427.47,IMPS,transfer,0,,normal
TXN000788,2026-06-06 04:07:05,ACC00675,ACC00185,2554.85,RTGS,transfer,0,,normal
TXN000789,2026-06-06 04:18:15,ACC00278,ACC00043,2386.98,IMPS,transfer,0,,normal
TXN000790,2026-06-06 04:20:21,ACC00488,ACC00538,10954.11,RTGS,transfer,0,,normal
TXN000791,2026-06-06 04:29:44,ACC00199,ACC00192,2958.6,RTGS,transfer,0,,normal
TXN000792,2026-06-06 04:30:10,ACC00550,ACC00547,4142.17,CASH_DEPOSIT,cash_deposit,0,,normal
TXN000793,2026-06-06 04:35:22,ACC00527,ACC00284,2089.96,IMPS,transfer,0,,normal
TXN000794,2026-06-06 04:44:12,ACC00296,ACC00079,3772.53,IMPS,transfer,0,,normal
TXN000795,2026-06-06 04:53:53,ACC00548,ACC00374,1890.59,RTGS,transfer,0,,normal
TXN000796,2026-06-06 05:14:59,ACC00069,ACC00664,2699.11,RTGS,transfer,0,,normal
TXN000797,2026-06-06 05:33:08,ACC00557,ACC00130,5390.56,UPI,transfer,0,,normal
TXN000798,2026-06-06 05:37:27,ACC00275,ACC00625,1787.02,UPI,transfer,0,,normal
TXN000799,2026-06-06 06:21:19,ACC00107,ACC00597,2138.98,CASH_DEPOSIT,cash_deposit,0,,normal
TXN000800,2026-06-06 06:42:18,ACC00240,ACC00520,2596.53,NEFT,transfer,0,,normal
TXN000801,2026-06-06 06:43:42,ACC00325,ACC00314,5971.27,RTGS,transfer,0,,normal
TXN000802,2026-06-06 06:48:39,ACC00563,ACC00015,5512.19,NEFT,transfer,0,,normal
TXN000803,2026-06-06 06:49:16,ACC00695,ACC00565,452.81,CASH_DEPOSIT,cash_deposit,0,,normal
TXN000804,2026-06-06 06:59:46,ACC00541,ACC00434,1944.78,NEFT,transfer,0,,normal
TXN000805,2026-06-06 07:01:22,ACC00402,ACC00403,5321.99,NEFT,transfer,0,,normal
TXN000806,2026-06-06 07:03:43,ACC00179,ACC00329,9850.23,IMPS,transfer,0,,normal
TXN000807,2026-06-06 07:07:03,ACC00034,ACC00557,6425.96,NEFT,transfer,0,,normal
TXN000808,2026-06-06 07:18:13,ACC00600,ACC00594,49500.0,IMPS,transfer,1,STRUCT015,structuring
TXN000809,2026-06-06 07:39:43,ACC00266,ACC00690,2689.88,UPI,transfer,0,,normal
TXN000810,2026-06-06 07:54:58,ACC00550,ACC00276,21025.86,RTGS,transfer,0,,normal
TXN000811,2026-06-06 07:58:01,ACC00048,ACC00078,1428.96,CASH_DEPOSIT,cash_deposit,0,,normal
TXN000812,2026-06-06 08:03:34,ACC00411,ACC00180,4107.47,UPI,transfer,0,,normal
TXN000813,2026-06-06 08:18:07,ACC00042,ACC00137,4206.73,CASH_DEPOSIT,cash_deposit,0,,normal
TXN000814,2026-06-06 08:22:11,ACC00340,ACC00690,4524.17,NEFT,transfer,0,,normal
TXN000815,2026-06-06 08:55:28,ACC00532,ACC00099,655.76,UPI,transfer,0,,normal
TXN000816,2026-06-06 09:07:44,ACC00444,ACC00360,9329.29,IMPS,transfer,0,,normal
TXN000817,2026-06-06 09:10:42,ACC00222,ACC00374,7256.25,NEFT,transfer,0,,normal
TXN000818,2026-06-06 09:14:15,ACC00183,ACC00558,6111.98,IMPS,transfer,0,,normal
TXN000819,2026-06-06 09:32:21,ACC00103,ACC00451,8321.59,UPI,transfer,0,,normal
TXN000820,2026-06-06 09:37:59,ACC00270,ACC00578,1731.08,CASH_DEPOSIT,cash_deposit,0,,normal
TXN000821,2026-06-06 09:52:13,ACC00526,ACC00608,1772.18,CASH_DEPOSIT,cash_deposit,0,,normal
TXN000822,2026-06-06 09:52:38,ACC00178,ACC00527,11510.09,NEFT,transfer,0,,normal
TXN000823,2026-06-06 09:53:22,ACC00524,ACC00633,1452.37,UPI,transfer,0,,normal
TXN000824,2026-06-06 10:02:54,ACC00510,ACC00478,8572.41,RTGS,transfer,0,,normal
TXN000825,2026-06-06 10:05:09,ACC00600,ACC00639,49500.0,UPI,transfer,1,STRUCT015,structuring
TXN000826,2026-06-06 10:07:19,ACC00529,ACC00215,1257.81,IMPS,transfer,0,,normal
TXN000827,2026-06-06 10:22:56,ACC00401,ACC00503,365.7,CASH_DEPOSIT,cash_deposit,0,,normal
TXN000828,2026-06-06 10:38:47,ACC00452,ACC00688,6757.17,NEFT,transfer,0,,normal
TXN000829,2026-06-06 10:52:45,ACC00233,ACC00480,1394.89,RTGS,transfer,0,,normal
TXN000830,2026-06-06 10:56:38,ACC00216,ACC00220,3315.59,IMPS,transfer,0,,normal
TXN000831,2026-06-06 10:59:52,ACC00193,ACC00487,2567.23,RTGS,transfer,0,,normal
TXN000832,2026-06-06 11:02:43,ACC00312,ACC00505,2780.24,CASH_DEPOSIT,cash_deposit,0,,normal
TXN000833,2026-06-06 11:13:10,ACC00342,ACC00009,11209.92,RTGS,transfer,0,,normal
TXN000834,2026-06-06 11:17:41,ACC00696,ACC00413,1734.63,CASH_DEPOSIT,cash_deposit,0,,normal
TXN000835,2026-06-06 11:20:32,ACC00425,ACC00436,3144.99,CASH_DEPOSIT,cash_deposit,0,,normal
TXN000836,2026-06-06 11:27:29,ACC00590,ACC00092,2094.96,NEFT,transfer,0,,normal
TXN000837,2026-06-06 11:37:41,ACC00377,ACC00359,4697.32,RTGS,transfer,0,,normal
TXN000838,2026-06-06 11:41:04,ACC00045,ACC00607,5257.03,IMPS,transfer,0,,normal
TXN000839,2026-06-06 11:45:31,ACC00422,ACC00092,718.04,NEFT,transfer,0,,normal
TXN000840,2026-06-06 11:50:35,ACC00495,ACC00500,838.7,UPI,transfer,0,,normal
TXN000841,2026-06-06 11:53:35,ACC00478,ACC00552,4128.57,UPI,transfer,0,,normal
TXN000842,2026-06-06 11:57:00,ACC00128,ACC00545,7035.75,UPI,transfer,0,,normal
TXN000843,2026-06-06 12:02:58,ACC00120,ACC00247,9946.87,UPI,transfer,0,,normal
TXN000844,2026-06-06 12:14:33,ACC00439,ACC00128,2705.17,CASH_DEPOSIT,cash_deposit,0,,normal
TXN000845,2026-06-06 12:30:31,ACC00447,ACC00586,949.41,RTGS,transfer,0,,normal
TXN000846,2026-06-06 12:47:22,ACC00320,ACC00299,1578.27,CASH_DEPOSIT,cash_deposit,0,,normal
TXN000847,2026-06-06 12:57:15,ACC00527,ACC00204,1688.94,UPI,transfer,0,,normal
TXN000848,2026-06-06 13:10:49,ACC00137,ACC00491,7680.13,IMPS,transfer,0,,normal
TXN000849,2026-06-06 13:12:52,ACC00569,ACC00145,1388.85,CASH_DEPOSIT,cash_deposit,0,,normal
TXN000850,2026-06-06 13:17:30,ACC00164,ACC00503,2821.89,NEFT,transfer,0,,normal
TXN000851,2026-06-06 13:45:11,ACC00507,ACC00396,1345.25,CASH_DEPOSIT,cash_deposit,0,,normal
TXN000852,2026-06-06 13:50:49,ACC00046,ACC00360,3169.73,RTGS,transfer,0,,normal
TXN000853,2026-06-06 13:54:47,ACC00030,ACC00038,2869.54,CASH_DEPOSIT,cash_deposit,0,,normal
TXN000854,2026-06-06 13:56:52,ACC00559,ACC00451,2845.93,CASH_DEPOSIT,cash_deposit,0,,normal
TXN000855,2026-06-06 13:57:46,ACC00576,ACC00094,3816.68,NEFT,transfer,0,,normal
TXN000856,2026-06-06 13:58:21,ACC00031,ACC00601,4636.59,UPI,transfer,0,,normal
TXN000857,2026-06-06 14:05:01,ACC00127,ACC00094,20777.76,NEFT,transfer,0,,normal
TXN000858,2026-06-06 14:08:35,ACC00012,ACC00653,4880.58,UPI,transfer,0,,normal
TXN000859,2026-06-06 14:34:44,ACC00548,ACC00075,2171.83,CASH_DEPOSIT,cash_deposit,0,,normal
TXN000860,2026-06-06 15:00:16,ACC00238,ACC00243,7635.05,RTGS,transfer,0,,normal
TXN000861,2026-06-06 15:03:53,ACC00189,ACC00186,4704.52,IMPS,transfer,0,,normal
TXN000862,2026-06-06 15:10:24,ACC00155,ACC00361,12032.29,CASH_DEPOSIT,cash_deposit,0,,normal
TXN000863,2026-06-06 15:15:56,ACC00284,ACC00180,1118.35,IMPS,transfer,0,,normal
TXN000864,2026-06-06 15:25:46,ACC00310,ACC00090,4251.51,UPI,transfer,0,,normal
TXN000865,2026-06-06 15:28:33,ACC00044,ACC00202,6622.53,CASH_DEPOSIT,cash_deposit,0,,normal
TXN000866,2026-06-06 15:33:35,ACC00627,ACC00060,5585.27,CASH_DEPOSIT,cash_deposit,0,,normal
TXN000867,2026-06-06 16:14:18,ACC00679,ACC00436,1872.21,NEFT,transfer,0,,normal
TXN000868,2026-06-06 16:20:31,ACC00333,ACC00700,1868.05,UPI,transfer,0,,normal
TXN000869,2026-06-06 16:30:37,ACC00600,ACC00154,49500.0,IMPS,transfer,1,STRUCT015,structuring
TXN000870,2026-06-06 16:43:14,ACC00234,ACC00101,2417.97,CASH_DEPOSIT,cash_deposit,0,,normal
TXN000871,2026-06-06 16:57:54,ACC00104,ACC00416,2977.61,RTGS,transfer,0,,normal
TXN000872,2026-06-06 16:58:54,ACC00072,ACC00613,4455.55,RTGS,transfer,0,,normal
TXN000873,2026-06-06 17:09:49,ACC00180,ACC00195,2062.57,IMPS,transfer,0,,normal
TXN000874,2026-06-06 17:17:27,ACC00654,ACC00568,1966.49,NEFT,transfer,0,,normal
TXN000875,2026-06-06 17:19:39,ACC00482,ACC00104,9195.52,RTGS,transfer,0,,normal
TXN000876,2026-06-06 17:25:15,ACC00122,ACC00527,16925.84,RTGS,transfer,0,,normal
TXN000877,2026-06-06 17:40:03,ACC00343,ACC00142,1884.71,RTGS,transfer,0,,normal
TXN000878,2026-06-06 17:40:08,ACC00173,ACC00113,2700.85,UPI,transfer,0,,normal
TXN000879,2026-06-06 17:46:25,ACC00600,ACC00358,49500.0,UPI,transfer,1,STRUCT015,structuring
TXN000880,2026-06-06 17:46:28,ACC00588,ACC00499,4474.58,NEFT,transfer,0,,normal
TXN000881,2026-06-06 17:47:41,ACC00600,ACC00308,49500.0,IMPS,transfer,1,STRUCT015,structuring
TXN000882,2026-06-06 17:59:19,ACC00141,ACC00383,2730.27,UPI,transfer,0,,normal
TXN000883,2026-06-06 18:18:53,ACC00345,ACC00651,18677.6,CASH_DEPOSIT,cash_deposit,0,,normal
TXN000884,2026-06-06 18:35:03,ACC00024,ACC00144,3574.2,RTGS,transfer,0,,normal
TXN000885,2026-06-06 18:39:47,ACC00504,ACC00285,4079.3,CASH_DEPOSIT,cash_deposit,0,,normal
TXN000886,2026-06-06 19:06:39,ACC00020,ACC00670,2909.01,RTGS,transfer,0,,normal
TXN000887,2026-06-06 19:16:09,ACC00203,ACC00421,2562.23,CASH_DEPOSIT,cash_deposit,0,,normal
TXN000888,2026-06-06 19:17:42,ACC00600,ACC00150,49500.0,UPI,transfer,1,STRUCT015,structuring
TXN000889,2026-06-06 19:29:05,ACC00057,ACC00573,5184.83,IMPS,transfer,0,,normal
TXN000890,2026-06-06 19:38:15,ACC00001,ACC00389,3766.07,IMPS,transfer,0,,normal
TXN000891,2026-06-06 20:02:54,ACC00310,ACC00180,1752.57,IMPS,transfer,0,,normal
TXN000892,2026-06-06 20:03:21,ACC00619,ACC00589,4489.55,UPI,transfer,0,,normal
TXN000893,2026-06-06 20:06:47,ACC00162,ACC00193,19212.15,CASH_DEPOSIT,cash_deposit,0,,normal
TXN000894,2026-06-06 20:20:01,ACC00367,ACC00096,916.52,CASH_DEPOSIT,cash_deposit,0,,normal
TXN000895,2026-06-06 20:25:40,ACC00517,ACC00162,1881.58,CASH_DEPOSIT,cash_deposit,0,,normal
TXN000896,2026-06-06 20:28:39,ACC00651,ACC00580,13026.89,RTGS,transfer,0,,normal
TXN000897,2026-06-06 20:44:20,ACC00541,ACC00106,6502.09,RTGS,transfer,0,,normal
TXN000898,2026-06-06 20:50:20,ACC00371,ACC00488,8507.0,NEFT,transfer,0,,normal
TXN000899,2026-06-06 20:50:33,ACC00128,ACC00452,1610.67,RTGS,transfer,0,,normal
TXN000900,2026-06-06 21:02:49,ACC00216,ACC00548,1002.84,CASH_DEPOSIT,cash_deposit,0,,normal
TXN000901,2026-06-06 21:07:52,ACC00191,ACC00559,1667.15,NEFT,transfer,0,,normal
TXN000902,2026-06-06 21:14:37,ACC00094,ACC00596,3738.68,UPI,transfer,0,,normal
TXN000903,2026-06-06 21:25:44,ACC00600,ACC00660,49500.0,UPI,transfer,1,STRUCT015,structuring
TXN000904,2026-06-06 21:27:00,ACC00469,ACC00065,4602.7,CASH_DEPOSIT,cash_deposit,0,,normal
TXN000905,2026-06-06 21:52:42,ACC00563,ACC00362,6512.75,IMPS,transfer,0,,normal
TXN000906,2026-06-06 22:09:03,ACC00437,ACC00622,885.12,RTGS,transfer,0,,normal
TXN000907,2026-06-06 22:11:50,ACC00589,ACC00684,3603.41,CASH_DEPOSIT,cash_deposit,0,,normal
TXN000908,2026-06-06 22:15:25,ACC00318,ACC00284,11438.15,RTGS,transfer,0,,normal
TXN000909,2026-06-06 22:17:56,ACC00065,ACC00108,15479.32,CASH_DEPOSIT,cash_deposit,0,,normal
TXN000910,2026-06-06 22:32:34,ACC00115,ACC00473,1973.48,CASH_DEPOSIT,cash_deposit,0,,normal
TXN000911,2026-06-06 22:37:09,ACC00600,ACC00273,49500.0,IMPS,transfer,1,STRUCT015,structuring
TXN000912,2026-06-06 22:46:40,ACC00595,ACC00631,7693.18,RTGS,transfer,0,,normal
TXN000913,2026-06-06 22:58:59,ACC00202,ACC00079,1279.39,IMPS,transfer,0,,normal
TXN000914,2026-06-06 23:25:15,ACC00074,ACC00259,6462.98,CASH_DEPOSIT,cash_deposit,0,,normal
TXN000915,2026-06-06 23:27:44,ACC00563,ACC00534,9175.46,NEFT,transfer,0,,normal
TXN000916,2026-06-06 23:40:59,ACC00530,ACC00600,9143.06,RTGS,transfer,0,,normal
TXN000917,2026-06-06 23:48:02,ACC00667,ACC00048,1473.24,IMPS,transfer,0,,normal
TXN000918,2026-06-06 23:50:15,ACC00353,ACC00061,1566.95,IMPS,transfer,0,,normal
TXN000919,2026-06-06 23:52:40,ACC00448,ACC00297,9214.08,NEFT,transfer,0,,normal
TXN000920,2026-06-06 23:59:04,ACC00175,ACC00581,1041.9,RTGS,transfer,0,,normal
TXN000921,2026-06-07 00:06:56,ACC00142,ACC00075,2427.99,RTGS,transfer,0,,normal
TXN000922,2026-06-07 00:12:42,ACC00684,ACC00495,2829.93,CASH_DEPOSIT,cash_deposit,0,,normal
TXN000923,2026-06-07 00:12:48,ACC00565,ACC00391,3420.09,UPI,transfer,0,,normal
TXN000924,2026-06-07 00:16:15,ACC00062,ACC00160,6289.02,UPI,transfer,0,,normal
TXN000925,2026-06-07 00:17:08,ACC00551,ACC00230,870.33,UPI,transfer,0,,normal
TXN000926,2026-06-07 00:32:53,ACC00034,ACC00544,14760.04,CASH_DEPOSIT,cash_deposit,0,,normal
TXN000927,2026-06-07 00:49:03,ACC00205,ACC00331,6063.82,UPI,transfer,0,,normal
TXN000928,2026-06-07 00:58:06,ACC00192,ACC00610,24010.8,NEFT,transfer,0,,normal
TXN000929,2026-06-07 00:59:24,ACC00391,ACC00104,3298.17,CASH_DEPOSIT,cash_deposit,0,,normal
TXN000930,2026-06-07 01:01:40,ACC00482,ACC00159,20349.36,CASH_DEPOSIT,cash_deposit,0,,normal
TXN000931,2026-06-07 01:07:54,ACC00587,ACC00377,1715.64,RTGS,transfer,0,,normal
TXN000932,2026-06-07 01:11:20,ACC00340,ACC00063,1039.54,CASH_DEPOSIT,cash_deposit,0,,normal
TXN000933,2026-06-07 01:12:28,ACC00590,ACC00098,3693.84,NEFT,transfer,0,,normal
TXN000934,2026-06-07 01:22:33,ACC00394,ACC00411,2476.28,NEFT,transfer,0,,normal
TXN000935,2026-06-07 01:27:40,ACC00027,ACC00617,2663.58,IMPS,transfer,0,,normal
TXN000936,2026-06-07 01:44:44,ACC00674,ACC00389,8134.5,NEFT,transfer,0,,normal
TXN000937,2026-06-07 01:46:51,ACC00397,ACC00576,5157.09,RTGS,transfer,0,,normal
TXN000938,2026-06-07 02:09:13,ACC00653,ACC00118,2242.36,RTGS,transfer,0,,normal
TXN000939,2026-06-07 02:21:08,ACC00245,ACC00367,11384.35,RTGS,transfer,0,,normal
TXN000940,2026-06-07 02:26:30,ACC00217,ACC00198,4459.26,RTGS,transfer,0,,normal
TXN000941,2026-06-07 02:28:13,ACC00490,ACC00140,3153.37,NEFT,transfer,0,,normal
TXN000942,2026-06-07 02:32:52,ACC00125,ACC00614,715.99,NEFT,transfer,0,,normal
TXN000943,2026-06-07 02:33:27,ACC00425,ACC00673,2018.04,CASH_DEPOSIT,cash_deposit,0,,normal
TXN000944,2026-06-07 03:06:30,ACC00575,ACC00661,2346.2,IMPS,transfer,0,,normal
TXN000945,2026-06-07 03:07:51,ACC00582,ACC00593,2171.04,NEFT,transfer,0,,normal
TXN000946,2026-06-07 03:09:55,ACC00456,ACC00534,3123.68,UPI,transfer,0,,normal
TXN000947,2026-06-07 03:12:34,ACC00120,ACC00085,10336.57,CASH_DEPOSIT,cash_deposit,0,,normal
TXN000948,2026-06-07 03:26:00,ACC00433,ACC00023,7221.1,RTGS,transfer,0,,normal
TXN000949,2026-06-07 03:35:36,ACC00612,ACC00620,3425.2,IMPS,transfer,0,,normal
TXN000950,2026-06-07 03:47:58,ACC00125,ACC00259,1748.68,UPI,transfer,0,,normal
TXN000951,2026-06-07 03:53:50,ACC00477,ACC00524,1587.36,NEFT,transfer,0,,normal
TXN000952,2026-06-07 03:55:52,ACC00426,ACC00088,5752.8,IMPS,transfer,0,,normal
TXN000953,2026-06-07 04:06:18,ACC00232,ACC00634,3582.78,IMPS,transfer,0,,normal
TXN000954,2026-06-07 04:09:39,ACC00283,ACC00599,1746.56,UPI,transfer,0,,normal
TXN000955,2026-06-07 04:10:49,ACC00691,ACC00432,2266.75,UPI,transfer,0,,normal
TXN000956,2026-06-07 04:16:39,ACC00582,ACC00143,16274.58,UPI,transfer,0,,normal
TXN000957,2026-06-07 04:21:50,ACC00205,ACC00126,22271.06,IMPS,transfer,0,,normal
TXN000958,2026-06-07 04:44:39,ACC00489,ACC00080,3931.15,RTGS,transfer,0,,normal
TXN000959,2026-06-07 04:50:03,ACC00074,ACC00405,557.12,UPI,transfer,0,,normal
TXN000960,2026-06-07 05:01:55,ACC00335,ACC00176,750.02,UPI,transfer,0,,normal
TXN000961,2026-06-07 05:09:29,ACC00445,ACC00067,3885.67,IMPS,transfer,0,,normal
TXN000962,2026-06-07 05:20:55,ACC00150,ACC00684,4108.24,UPI,transfer,0,,normal
TXN000963,2026-06-07 05:27:58,ACC00255,ACC00546,10740.09,RTGS,transfer,0,,normal
TXN000964,2026-06-07 05:41:46,ACC00363,ACC00231,1694.68,UPI,transfer,0,,normal
TXN000965,2026-06-07 05:45:40,ACC00168,ACC00426,4679.37,RTGS,transfer,0,,normal
TXN000966,2026-06-07 05:46:54,ACC00583,ACC00081,1548.35,UPI,transfer,0,,normal
TXN000967,2026-06-07 05:49:02,ACC00145,ACC00132,3549.65,UPI,transfer,0,,normal
TXN000968,2026-06-07 05:53:06,ACC00285,ACC00259,1734.47,NEFT,transfer,0,,normal
TXN000969,2026-06-07 06:02:52,ACC00416,ACC00017,1456.63,UPI,transfer,0,,normal
TXN000970,2026-06-07 06:03:43,ACC00233,ACC00412,3909.12,IMPS,transfer,0,,normal
TXN000971,2026-06-07 06:05:19,ACC00348,ACC00480,3436.92,CASH_DEPOSIT,cash_deposit,0,,normal
TXN000972,2026-06-07 06:05:24,ACC00248,ACC00301,1514.25,NEFT,transfer,0,,normal
TXN000973,2026-06-07 06:25:40,ACC00417,ACC00224,7750.57,UPI,transfer,0,,normal
TXN000974,2026-06-07 06:27:45,ACC00544,ACC00561,13569.03,RTGS,transfer,0,,normal
TXN000975,2026-06-07 06:45:06,ACC00588,ACC00213,1767.29,NEFT,transfer,0,,normal
TXN000976,2026-06-07 06:53:16,ACC00010,ACC00304,2195.89,NEFT,transfer,0,,normal
TXN000977,2026-06-07 06:58:03,ACC00559,ACC00602,10513.63,CASH_DEPOSIT,cash_deposit,0,,normal
TXN000978,2026-06-07 07:02:41,ACC00033,ACC00428,1708.39,UPI,transfer,0,,normal
TXN000979,2026-06-07 07:06:03,ACC00144,ACC00412,3010.18,IMPS,transfer,0,,normal
TXN000980,2026-06-07 07:06:34,ACC00007,ACC00532,13115.61,UPI,transfer,0,,normal
TXN000981,2026-06-07 07:06:40,ACC00462,ACC00473,2126.58,NEFT,transfer,0,,normal
TXN000982,2026-06-07 07:12:21,ACC00165,ACC00327,1032.7,RTGS,transfer,0,,normal
TXN000983,2026-06-07 07:14:13,ACC00417,ACC00351,5920.99,NEFT,transfer,0,,normal
TXN000984,2026-06-07 07:16:13,ACC00152,ACC00068,3503.29,CASH_DEPOSIT,cash_deposit,0,,normal
TXN000985,2026-06-07 07:22:52,ACC00332,ACC00461,1869.75,RTGS,transfer,0,,normal
TXN000986,2026-06-07 07:34:20,ACC00635,ACC00581,1080.38,UPI,transfer,0,,normal
TXN000987,2026-06-07 07:37:09,ACC00011,ACC00481,4531.03,RTGS,transfer,0,,normal
TXN000988,2026-06-07 08:09:00,ACC00377,ACC00126,1222.45,IMPS,transfer,0,,normal
TXN000989,2026-06-07 08:18:09,ACC00441,ACC00180,13497.23,IMPS,transfer,0,,normal
TXN000990,2026-06-07 08:30:25,ACC00626,ACC00338,2913.24,UPI,transfer,0,,normal
TXN000991,2026-06-07 08:37:43,ACC00550,ACC00496,15737.28,NEFT,transfer,0,,normal
TXN000992,2026-06-07 08:37:45,ACC00455,ACC00337,2502.48,UPI,transfer,0,,normal
TXN000993,2026-06-07 08:40:00,ACC00223,ACC00265,1344.72,NEFT,transfer,0,,normal
TXN000994,2026-06-07 08:41:51,ACC00610,ACC00414,11765.78,RTGS,transfer,0,,normal
TXN000995,2026-06-07 08:52:47,ACC00216,ACC00537,2966.11,NEFT,transfer,0,,normal
TXN000996,2026-06-07 08:56:58,ACC00585,ACC00142,2635.79,RTGS,transfer,0,,normal
TXN000997,2026-06-07 09:00:15,ACC00643,ACC00014,5407.31,UPI,transfer,0,,normal
TXN000998,2026-06-07 09:05:09,ACC00161,ACC00615,5813.19,NEFT,transfer,0,,normal
TXN000999,2026-06-07 09:06:10,ACC00448,ACC00168,2596.84,CASH_DEPOSIT,cash_deposit,0,,normal
TXN001000,2026-06-07 09:19:23,ACC00038,ACC00302,7619.74,UPI,transfer,0,,normal
TXN001001,2026-06-07 09:33:30,ACC00066,ACC00070,12282.3,IMPS,transfer,0,,normal
TXN001002,2026-06-07 09:35:28,ACC00619,ACC00349,2570.26,UPI,transfer,0,,normal
TXN001003,2026-06-07 09:38:15,ACC00662,ACC00236,9997.96,IMPS,transfer,0,,normal
TXN001004,2026-06-07 09:51:19,ACC00321,ACC00123,6398.92,UPI,transfer,0,,normal
TXN001005,2026-06-07 10:13:09,ACC00500,ACC00591,2372.13,UPI,transfer,0,,normal
TXN001006,2026-06-07 10:15:27,ACC00415,ACC00490,2017.29,IMPS,transfer,0,,normal
TXN001007,2026-06-07 10:25:34,ACC00140,ACC00406,4736.02,UPI,transfer,0,,normal
TXN001008,2026-06-07 10:29:15,ACC00570,ACC00271,1545.21,NEFT,transfer,0,,normal
TXN001009,2026-06-07 10:31:13,ACC00614,ACC00654,1058.31,UPI,transfer,0,,normal
TXN001010,2026-06-07 10:38:07,ACC00676,ACC00166,5935.63,IMPS,transfer,0,,normal
TXN001011,2026-06-07 10:56:40,ACC00095,ACC00340,12006.66,UPI,transfer,0,,normal
TXN001012,2026-06-07 10:58:23,ACC00523,ACC00490,7347.99,RTGS,transfer,0,,normal
TXN001013,2026-06-07 11:01:41,ACC00315,ACC00302,4244.66,CASH_DEPOSIT,cash_deposit,0,,normal
TXN001014,2026-06-07 11:05:46,ACC00033,ACC00458,4018.3,CASH_DEPOSIT,cash_deposit,0,,normal
TXN001015,2026-06-07 11:07:44,ACC00611,ACC00354,14048.17,RTGS,transfer,0,,normal
TXN001016,2026-06-07 11:25:18,ACC00170,ACC00527,5068.79,CASH_DEPOSIT,cash_deposit,0,,normal
TXN001017,2026-06-07 11:35:21,ACC00100,ACC00041,7880.2,RTGS,transfer,0,,normal
TXN001018,2026-06-07 11:44:50,ACC00043,ACC00460,1526.6,UPI,transfer,0,,normal
TXN001019,2026-06-07 11:49:55,ACC00171,ACC00381,8268.65,NEFT,transfer,0,,normal
TXN001020,2026-06-07 11:55:42,ACC00095,ACC00123,7214.21,NEFT,transfer,0,,normal
TXN001021,2026-06-07 11:59:32,ACC00047,ACC00040,5524.56,RTGS,transfer,0,,normal
TXN001022,2026-06-07 12:00:22,ACC00585,ACC00457,1449.64,UPI,transfer,0,,normal
TXN001023,2026-06-07 12:02:42,ACC00101,ACC00436,893.06,IMPS,transfer,0,,normal
TXN001024,2026-06-07 12:14:40,ACC00371,ACC00330,23066.17,UPI,transfer,0,,normal
TXN001025,2026-06-07 12:56:21,ACC00044,ACC00676,3040.63,IMPS,transfer,0,,normal
TXN001026,2026-06-07 12:59:56,ACC00158,ACC00235,12643.2,NEFT,transfer,0,,normal
TXN001027,2026-06-07 13:27:23,ACC00380,ACC00040,6986.42,IMPS,transfer,0,,normal
TXN001028,2026-06-07 13:30:59,ACC00575,ACC00210,13458.35,CASH_DEPOSIT,cash_deposit,0,,normal
TXN001029,2026-06-07 13:34:53,ACC00690,ACC00512,5496.78,NEFT,transfer,0,,normal
TXN001030,2026-06-07 13:41:20,ACC00238,ACC00662,1827.95,IMPS,transfer,0,,normal
TXN001031,2026-06-07 13:48:19,ACC00607,ACC00165,2998.6,CASH_DEPOSIT,cash_deposit,0,,normal
TXN001032,2026-06-07 13:51:41,ACC00655,ACC00030,1055.67,CASH_DEPOSIT,cash_deposit,0,,normal
TXN001033,2026-06-07 13:54:13,ACC00515,ACC00343,23614.33,IMPS,transfer,0,,normal
TXN001034,2026-06-07 13:54:28,ACC00678,ACC00674,60229.23,NEFT,transfer,0,,normal
TXN001035,2026-06-07 14:10:51,ACC00017,ACC00034,4300.01,NEFT,transfer,0,,normal
TXN001036,2026-06-07 14:15:12,ACC00022,ACC00102,1655.31,NEFT,transfer,0,,normal
TXN001037,2026-06-07 14:25:50,ACC00551,ACC00465,1713.57,RTGS,transfer,0,,normal
TXN001038,2026-06-07 14:48:33,ACC00520,ACC00506,1646.22,CASH_DEPOSIT,cash_deposit,0,,normal
TXN001039,2026-06-07 14:56:41,ACC00427,ACC00167,615.27,RTGS,transfer,0,,normal
TXN001040,2026-06-07 15:04:12,ACC00017,ACC00163,4230.14,NEFT,transfer,0,,normal
TXN001041,2026-06-07 15:16:18,ACC00294,ACC00385,2625.91,CASH_DEPOSIT,cash_deposit,0,,normal
TXN001042,2026-06-07 15:19:32,ACC00432,ACC00234,2106.11,RTGS,transfer,0,,normal
TXN001043,2026-06-07 15:30:52,ACC00508,ACC00038,8762.49,NEFT,transfer,0,,normal
TXN001044,2026-06-07 15:36:44,ACC00400,ACC00414,1936.89,RTGS,transfer,0,,normal
TXN001045,2026-06-07 15:37:53,ACC00700,ACC00257,914.58,NEFT,transfer,0,,normal
TXN001046,2026-06-07 15:50:29,ACC00004,ACC00483,7659.97,UPI,transfer,0,,normal
TXN001047,2026-06-07 15:53:47,ACC00302,ACC00550,3885.58,IMPS,transfer,0,,normal
TXN001048,2026-06-07 15:57:06,ACC00641,ACC00538,12574.96,UPI,transfer,0,,normal
TXN001049,2026-06-07 16:01:25,ACC00434,ACC00224,15489.27,NEFT,transfer,0,,normal
TXN001050,2026-06-07 16:11:32,ACC00589,ACC00097,5075.17,NEFT,transfer,0,,normal
TXN001051,2026-06-07 16:20:05,ACC00354,ACC00689,8132.78,IMPS,transfer,0,,normal
TXN001052,2026-06-07 16:24:44,ACC00211,ACC00455,7129.17,NEFT,transfer,0,,normal
TXN001053,2026-06-07 16:31:45,ACC00082,ACC00062,30156.88,IMPS,transfer,0,,normal
TXN001054,2026-06-07 16:32:40,ACC00539,ACC00079,866851.74,IMPS,transfer,1,LAYER001,cyclic_layering
TXN001055,2026-06-07 16:32:59,ACC00048,ACC00696,3117.74,IMPS,transfer,0,,normal
TXN001056,2026-06-07 17:01:27,ACC00403,ACC00542,4988.15,UPI,transfer,0,,normal
TXN001057,2026-06-07 17:01:36,ACC00423,ACC00234,4281.52,CASH_DEPOSIT,cash_deposit,0,,normal
TXN001058,2026-06-07 17:02:15,ACC00130,ACC00212,5094.99,RTGS,transfer,0,,normal
TXN001059,2026-06-07 17:06:19,ACC00138,ACC00132,2752.2,IMPS,transfer,0,,normal
TXN001060,2026-06-07 17:09:34,ACC00085,ACC00335,10659.97,NEFT,transfer,0,,normal
TXN001061,2026-06-07 17:14:10,ACC00660,ACC00045,4982.74,NEFT,transfer,0,,normal
TXN001062,2026-06-07 17:15:03,ACC00219,ACC00066,8735.93,NEFT,transfer,0,,normal
TXN001063,2026-06-07 17:15:28,ACC00128,ACC00316,7299.51,IMPS,transfer,0,,normal
TXN001064,2026-06-07 17:22:29,ACC00479,ACC00565,2653.75,UPI,transfer,0,,normal
TXN001065,2026-06-07 17:41:25,ACC00173,ACC00293,6812.75,UPI,transfer,0,,normal
TXN001066,2026-06-07 17:42:45,ACC00168,ACC00409,1947.62,RTGS,transfer,0,,normal
TXN001067,2026-06-07 17:43:21,ACC00591,ACC00678,4509.97,CASH_DEPOSIT,cash_deposit,0,,normal
TXN001068,2026-06-07 17:45:54,ACC00167,ACC00601,2147.86,UPI,transfer,0,,normal
TXN001069,2026-06-07 17:50:01,ACC00659,ACC00424,1482.56,NEFT,transfer,0,,normal
TXN001070,2026-06-07 17:53:35,ACC00030,ACC00436,8671.01,NEFT,transfer,0,,normal
TXN001071,2026-06-07 17:58:49,ACC00300,ACC00483,755.31,NEFT,transfer,0,,normal
TXN001072,2026-06-07 18:19:40,ACC00607,ACC00437,7484.82,UPI,transfer,0,,normal
TXN001073,2026-06-07 18:31:25,ACC00588,ACC00317,1322.01,NEFT,transfer,0,,normal
TXN001074,2026-06-07 18:37:26,ACC00245,ACC00117,1011.63,NEFT,transfer,0,,normal
TXN001075,2026-06-07 18:38:29,ACC00284,ACC00369,3116.54,RTGS,transfer,0,,normal
TXN001076,2026-06-07 18:53:39,ACC00242,ACC00106,2364.82,CASH_DEPOSIT,cash_deposit,0,,normal
TXN001077,2026-06-07 19:02:08,ACC00460,ACC00130,17057.02,NEFT,transfer,0,,normal
TXN001078,2026-06-07 19:16:40,ACC00540,ACC00266,5714.86,IMPS,transfer,0,,normal
TXN001079,2026-06-07 19:30:54,ACC00645,ACC00650,2719.87,RTGS,transfer,0,,normal
TXN001080,2026-06-07 19:37:39,ACC00007,ACC00423,15730.6,UPI,transfer,0,,normal
TXN001081,2026-06-07 19:39:28,ACC00319,ACC00047,11355.65,NEFT,transfer,0,,normal
TXN001082,2026-06-07 19:56:23,ACC00022,ACC00694,6222.59,UPI,transfer,0,,normal
TXN001083,2026-06-07 20:21:21,ACC00495,ACC00576,1322.09,NEFT,transfer,0,,normal
TXN001084,2026-06-07 20:27:55,ACC00023,ACC00090,2121.02,NEFT,transfer,0,,normal
TXN001085,2026-06-07 21:09:13,ACC00075,ACC00213,5430.2,CASH_DEPOSIT,cash_deposit,0,,normal
TXN001086,2026-06-07 21:14:46,ACC00623,ACC00297,8147.12,RTGS,transfer,0,,normal
TXN001087,2026-06-07 21:15:51,ACC00159,ACC00132,3669.85,RTGS,transfer,0,,normal
TXN001088,2026-06-07 21:16:17,ACC00506,ACC00607,2597.05,RTGS,transfer,0,,normal
TXN001089,2026-06-07 21:18:28,ACC00124,ACC00421,2408.77,CASH_DEPOSIT,cash_deposit,0,,normal
TXN001090,2026-06-07 21:40:23,ACC00136,ACC00256,7960.44,IMPS,transfer,0,,normal
TXN001091,2026-06-07 22:01:37,ACC00055,ACC00194,6792.48,UPI,transfer,0,,normal
TXN001092,2026-06-07 22:32:27,ACC00443,ACC00308,1811.14,CASH_DEPOSIT,cash_deposit,0,,normal
TXN001093,2026-06-07 22:54:03,ACC00581,ACC00349,4126.26,UPI,transfer,0,,normal
TXN001094,2026-06-07 22:54:04,ACC00551,ACC00631,5000.31,UPI,transfer,0,,normal
TXN001095,2026-06-07 23:12:01,ACC00388,ACC00561,2474.81,UPI,transfer,0,,normal
TXN001096,2026-06-07 23:26:22,ACC00341,ACC00027,21856.06,UPI,transfer,0,,normal
TXN001097,2026-06-07 23:34:43,ACC00250,ACC00325,3331.41,CASH_DEPOSIT,cash_deposit,0,,normal
TXN001098,2026-06-07 23:39:43,ACC00029,ACC00147,15979.16,UPI,transfer,0,,normal
TXN001099,2026-06-07 23:42:18,ACC00674,ACC00130,10047.89,NEFT,transfer,0,,normal
TXN001100,2026-06-08 00:06:37,ACC00104,ACC00169,14241.28,CASH_DEPOSIT,cash_deposit,0,,normal
TXN001101,2026-06-08 00:24:43,ACC00203,ACC00270,10657.08,IMPS,transfer,0,,normal
TXN001102,2026-06-08 00:25:02,ACC00445,ACC00089,1495.66,CASH_DEPOSIT,cash_deposit,0,,normal
TXN001103,2026-06-08 00:29:38,ACC00466,ACC00101,2223.02,RTGS,transfer,0,,normal
TXN001104,2026-06-08 00:41:15,ACC00562,ACC00456,5499.16,CASH_DEPOSIT,cash_deposit,0,,normal
TXN001105,2026-06-08 00:44:02,ACC00177,ACC00288,3830.92,CASH_DEPOSIT,cash_deposit,0,,normal
TXN001106,2026-06-08 00:57:11,ACC00643,ACC00487,1623.72,RTGS,transfer,0,,normal
TXN001107,2026-06-08 01:22:08,ACC00081,ACC00313,938.94,UPI,transfer,0,,normal
TXN001108,2026-06-08 01:22:37,ACC00698,ACC00670,6606.75,CASH_DEPOSIT,cash_deposit,0,,normal
TXN001109,2026-06-08 01:37:36,ACC00616,ACC00686,5550.74,UPI,transfer,0,,normal
TXN001110,2026-06-08 01:38:09,ACC00461,ACC00526,1550.74,IMPS,transfer,0,,normal
TXN001111,2026-06-08 01:59:14,ACC00401,ACC00484,6325.81,UPI,transfer,0,,normal
TXN001112,2026-06-08 02:04:30,ACC00524,ACC00286,4589.28,UPI,transfer,0,,normal
TXN001113,2026-06-08 02:08:01,ACC00060,ACC00564,5325.13,UPI,transfer,0,,normal
TXN001114,2026-06-08 02:11:24,ACC00427,ACC00419,5618.73,CASH_DEPOSIT,cash_deposit,0,,normal
TXN001115,2026-06-08 02:15:34,ACC00447,ACC00490,13238.42,IMPS,transfer,0,,normal
TXN001116,2026-06-08 02:23:44,ACC00434,ACC00374,11579.88,NEFT,transfer,0,,normal
TXN001117,2026-06-08 02:43:07,ACC00585,ACC00689,9546.91,RTGS,transfer,0,,normal
TXN001118,2026-06-08 02:55:59,ACC00612,ACC00386,2014.14,CASH_DEPOSIT,cash_deposit,0,,normal
TXN001119,2026-06-08 03:00:19,ACC00494,ACC00082,9523.73,NEFT,transfer,0,,normal
TXN001120,2026-06-08 03:02:10,ACC00031,ACC00384,1878.67,NEFT,transfer,0,,normal
TXN001121,2026-06-08 03:15:53,ACC00051,ACC00207,5116.58,RTGS,transfer,0,,normal
TXN001122,2026-06-08 03:18:48,ACC00189,ACC00370,3714.89,UPI,transfer,0,,normal
TXN001123,2026-06-08 03:23:29,ACC00224,ACC00044,9706.81,CASH_DEPOSIT,cash_deposit,0,,normal
TXN001124,2026-06-08 03:33:25,ACC00050,ACC00481,9357.91,CASH_DEPOSIT,cash_deposit,0,,normal
TXN001125,2026-06-08 04:07:41,ACC00112,ACC00472,5669.15,CASH_DEPOSIT,cash_deposit,0,,normal
TXN001126,2026-06-08 04:08:15,ACC00028,ACC00114,4952.16,CASH_DEPOSIT,cash_deposit,0,,normal
TXN001127,2026-06-08 04:10:01,ACC00503,ACC00335,34302.23,CASH_DEPOSIT,cash_deposit,0,,normal
TXN001128,2026-06-08 04:20:05,ACC00085,ACC00009,3766.6,UPI,transfer,0,,normal
TXN001129,2026-06-08 04:24:56,ACC00588,ACC00683,9535.67,RTGS,transfer,0,,normal
TXN001130,2026-06-08 04:26:26,ACC00286,ACC00301,653.09,RTGS,transfer,0,,normal
TXN001131,2026-06-08 04:27:22,ACC00403,ACC00552,2559.55,CASH_DEPOSIT,cash_deposit,0,,normal
TXN001132,2026-06-08 04:27:35,ACC00572,ACC00487,1852.6,NEFT,transfer,0,,normal
TXN001133,2026-06-08 04:29:18,ACC00415,ACC00549,1852.61,IMPS,transfer,0,,normal
TXN001134,2026-06-08 04:43:34,ACC00391,ACC00173,2484.59,CASH_DEPOSIT,cash_deposit,0,,normal
TXN001135,2026-06-08 04:52:46,ACC00409,ACC00611,2067.71,NEFT,transfer,0,,normal
TXN001136,2026-06-08 05:02:26,ACC00616,ACC00020,8617.71,RTGS,transfer,0,,normal
TXN001137,2026-06-08 05:08:03,ACC00579,ACC00467,1082.54,CASH_DEPOSIT,cash_deposit,0,,normal
TXN001138,2026-06-08 05:21:12,ACC00008,ACC00190,5152.0,CASH_DEPOSIT,cash_deposit,0,,normal
TXN001139,2026-06-08 05:29:04,ACC00646,ACC00179,6845.49,UPI,transfer,0,,normal
TXN001140,2026-06-08 05:54:13,ACC00151,ACC00677,11858.32,RTGS,transfer,0,,normal
TXN001141,2026-06-08 05:56:02,ACC00505,ACC00191,2100.85,NEFT,transfer,0,,normal
TXN001142,2026-06-08 05:58:01,ACC00605,ACC00553,4886.81,RTGS,transfer,0,,normal
TXN001143,2026-06-08 05:59:22,ACC00207,ACC00643,6791.66,NEFT,transfer,0,,normal
TXN001144,2026-06-08 06:11:38,ACC00680,ACC00204,4429.08,UPI,transfer,0,,normal
TXN001145,2026-06-08 06:14:43,ACC00682,ACC00661,683.07,IMPS,transfer,0,,normal
TXN001146,2026-06-08 06:15:15,ACC00597,ACC00422,10519.22,CASH_DEPOSIT,cash_deposit,0,,normal
TXN001147,2026-06-08 06:35:03,ACC00239,ACC00093,800.8,NEFT,transfer,0,,normal
TXN001148,2026-06-08 06:37:52,ACC00016,ACC00027,3102.22,CASH_DEPOSIT,cash_deposit,0,,normal
TXN001149,2026-06-08 06:55:23,ACC00100,ACC00016,2160.26,CASH_DEPOSIT,cash_deposit,0,,normal
TXN001150,2026-06-08 06:59:45,ACC00565,ACC00554,737.62,NEFT,transfer,0,,normal
TXN001151,2026-06-08 07:06:37,ACC00030,ACC00093,1801.18,NEFT,transfer,0,,normal
TXN001152,2026-06-08 07:31:15,ACC00096,ACC00651,5868.23,UPI,transfer,0,,normal
TXN001153,2026-06-08 07:31:36,ACC00269,ACC00348,2377.3,RTGS,transfer,0,,normal
TXN001154,2026-06-08 07:40:54,ACC00318,ACC00336,4903.8,CASH_DEPOSIT,cash_deposit,0,,normal
TXN001155,2026-06-08 07:47:43,ACC00051,ACC00190,4869.16,UPI,transfer,0,,normal
TXN001156,2026-06-08 07:57:31,ACC00207,ACC00217,1469.8,CASH_DEPOSIT,cash_deposit,0,,normal
TXN001157,2026-06-08 08:00:40,ACC00251,ACC00600,1077.52,CASH_DEPOSIT,cash_deposit,0,,normal
TXN001158,2026-06-08 08:09:03,ACC00302,ACC00472,732.86,RTGS,transfer,0,,normal
TXN001159,2026-06-08 08:23:47,ACC00382,ACC00552,5095.84,RTGS,transfer,0,,normal
TXN001160,2026-06-08 08:36:21,ACC00211,ACC00371,9948.23,RTGS,transfer,0,,normal
TXN001161,2026-06-08 08:48:22,ACC00417,ACC00307,12190.96,IMPS,transfer,0,,normal
TXN001162,2026-06-08 08:57:39,ACC00683,ACC00158,8919.75,NEFT,transfer,0,,normal
TXN001163,2026-06-08 09:07:41,ACC00363,ACC00243,2094.18,NEFT,transfer,0,,normal
TXN001164,2026-06-08 09:15:26,ACC00221,ACC00336,19908.84,NEFT,transfer,0,,normal
TXN001165,2026-06-08 09:21:42,ACC00001,ACC00068,14563.76,RTGS,transfer,0,,normal
TXN001166,2026-06-08 09:38:16,ACC00288,ACC00326,8197.26,NEFT,transfer,0,,normal
TXN001167,2026-06-08 09:38:54,ACC00486,ACC00269,2505.66,UPI,transfer,0,,normal
TXN001168,2026-06-08 09:45:17,ACC00482,ACC00508,5705.5,RTGS,transfer,0,,normal
TXN001169,2026-06-08 10:00:59,ACC00700,ACC00212,11630.83,IMPS,transfer,0,,normal
TXN001170,2026-06-08 10:35:22,ACC00470,ACC00406,6177.4,IMPS,transfer,0,,normal
TXN001171,2026-06-08 10:40:52,ACC00520,ACC00218,1248.0,UPI,transfer,0,,normal
TXN001172,2026-06-08 10:50:30,ACC00652,ACC00136,1392.77,UPI,transfer,0,,normal
TXN001173,2026-06-08 10:57:28,ACC00152,ACC00247,5612.87,NEFT,transfer,0,,normal
TXN001174,2026-06-08 11:42:00,ACC00246,ACC00096,1381.59,NEFT,transfer,0,,normal
TXN001175,2026-06-08 12:06:05,ACC00664,ACC00105,8325.04,UPI,transfer,0,,normal
TXN001176,2026-06-08 12:08:41,ACC00303,ACC00328,21870.3,UPI,transfer,0,,normal
TXN001177,2026-06-08 12:26:32,ACC00534,ACC00107,1085.16,IMPS,transfer,0,,normal
TXN001178,2026-06-08 12:40:27,ACC00249,ACC00134,2842.36,UPI,transfer,0,,normal
TXN001179,2026-06-08 12:41:44,ACC00232,ACC00624,4765.59,CASH_DEPOSIT,cash_deposit,0,,normal
TXN001180,2026-06-08 13:13:03,ACC00079,ACC00307,10896.13,RTGS,transfer,0,,normal
TXN001181,2026-06-08 13:56:05,ACC00382,ACC00040,1042.77,UPI,transfer,0,,normal
TXN001182,2026-06-08 14:02:18,ACC00033,ACC00055,6848.79,UPI,transfer,0,,normal
TXN001183,2026-06-08 14:17:27,ACC00532,ACC00468,3786.37,IMPS,transfer,0,,normal
TXN001184,2026-06-08 14:27:43,ACC00610,ACC00551,1499.69,NEFT,transfer,0,,normal
TXN001185,2026-06-08 14:36:24,ACC00639,ACC00462,3243.61,UPI,transfer,0,,normal
TXN001186,2026-06-08 14:46:46,ACC00614,ACC00496,3757.09,NEFT,transfer,0,,normal
TXN001187,2026-06-08 15:00:11,ACC00420,ACC00462,5848.16,UPI,transfer,0,,normal
TXN001188,2026-06-08 15:24:09,ACC00615,ACC00644,3074.96,CASH_DEPOSIT,cash_deposit,0,,normal
TXN001189,2026-06-08 15:28:36,ACC00314,ACC00168,5272.3,IMPS,transfer,0,,normal
TXN001190,2026-06-08 15:29:09,ACC00089,ACC00065,2347.56,CASH_DEPOSIT,cash_deposit,0,,normal
TXN001191,2026-06-08 15:50:24,ACC00500,ACC00008,8493.56,IMPS,transfer,0,,normal
TXN001192,2026-06-08 15:54:13,ACC00236,ACC00544,7016.69,IMPS,transfer,0,,normal
TXN001193,2026-06-08 16:03:14,ACC00379,ACC00567,556.78,CASH_DEPOSIT,cash_deposit,0,,normal
TXN001194,2026-06-08 16:14:36,ACC00662,ACC00651,23727.6,NEFT,transfer,0,,normal
TXN001195,2026-06-08 16:21:59,ACC00088,ACC00238,4156.25,RTGS,transfer,0,,normal
TXN001196,2026-06-08 16:23:39,ACC00154,ACC00192,1651.62,UPI,transfer,0,,normal
TXN001197,2026-06-08 16:54:02,ACC00132,ACC00532,9190.19,UPI,transfer,0,,normal
TXN001198,2026-06-08 16:59:21,ACC00560,ACC00252,31904.71,UPI,transfer,0,,normal
TXN001199,2026-06-08 17:05:57,ACC00256,ACC00202,4849.68,UPI,transfer,0,,normal
TXN001200,2026-06-08 17:09:14,ACC00070,ACC00518,5464.91,RTGS,transfer,0,,normal
TXN001201,2026-06-08 17:12:13,ACC00058,ACC00005,2717.94,IMPS,transfer,0,,normal
TXN001202,2026-06-08 17:26:45,ACC00478,ACC00698,7292.61,CASH_DEPOSIT,cash_deposit,0,,normal
TXN001203,2026-06-08 17:44:56,ACC00474,ACC00141,478317.04,IMPS,transfer,1,LAYER009,cyclic_layering
TXN001204,2026-06-08 17:46:01,ACC00116,ACC00504,1404.45,UPI,transfer,0,,normal
TXN001205,2026-06-08 17:46:31,ACC00686,ACC00665,5885.96,RTGS,transfer,0,,normal
TXN001206,2026-06-08 17:57:15,ACC00205,ACC00383,1303.87,UPI,transfer,0,,normal
TXN001207,2026-06-08 18:16:30,ACC00196,ACC00418,2828.63,IMPS,transfer,0,,normal
TXN001208,2026-06-08 18:36:59,ACC00637,ACC00415,1475.73,UPI,transfer,0,,normal
TXN001209,2026-06-08 19:07:00,ACC00295,ACC00571,9729.29,NEFT,transfer,0,,normal
TXN001210,2026-06-08 19:08:46,ACC00405,ACC00492,6734.45,CASH_DEPOSIT,cash_deposit,0,,normal
TXN001211,2026-06-08 19:17:56,ACC00572,ACC00681,5017.2,UPI,transfer,0,,normal
TXN001212,2026-06-08 19:51:01,ACC00482,ACC00267,6150.66,UPI,transfer,0,,normal
TXN001213,2026-06-08 20:18:57,ACC00619,ACC00648,5388.33,NEFT,transfer,0,,normal
TXN001214,2026-06-08 20:21:16,ACC00353,ACC00346,3508.23,RTGS,transfer,0,,normal
TXN001215,2026-06-08 20:24:34,ACC00512,ACC00104,49500.0,UPI,transfer,1,STRUCT010,structuring
TXN001216,2026-06-08 20:25:23,ACC00684,ACC00526,267.85,UPI,transfer,0,,normal
TXN001217,2026-06-08 20:27:16,ACC00171,ACC00377,5938.02,CASH_DEPOSIT,cash_deposit,0,,normal
TXN001218,2026-06-08 20:27:27,ACC00011,ACC00263,2873.12,NEFT,transfer,0,,normal
TXN001219,2026-06-08 20:32:52,ACC00622,ACC00413,4618.52,RTGS,transfer,0,,normal
TXN001220,2026-06-08 20:38:42,ACC00124,ACC00025,3087.23,IMPS,transfer,0,,normal
TXN001221,2026-06-08 20:52:04,ACC00001,ACC00027,9576.59,RTGS,transfer,0,,normal
TXN001222,2026-06-08 20:53:16,ACC00367,ACC00314,4197.22,UPI,transfer,0,,normal
TXN001223,2026-06-08 20:54:21,ACC00397,ACC00189,1484.39,CASH_DEPOSIT,cash_deposit,0,,normal
TXN001224,2026-06-08 21:06:05,ACC00512,ACC00051,47353.58,UPI,transfer,1,STRUCT010,structuring
TXN001225,2026-06-08 21:06:58,ACC00512,ACC00023,45400.73,UPI,transfer,1,STRUCT010,structuring
TXN001226,2026-06-08 21:12:45,ACC00512,ACC00488,49500.0,UPI,transfer,1,STRUCT010,structuring
TXN001227,2026-06-08 21:16:40,ACC00584,ACC00588,1708.82,UPI,transfer,0,,normal
TXN001228,2026-06-08 21:25:52,ACC00182,ACC00516,8332.21,NEFT,transfer,0,,normal
TXN001229,2026-06-08 21:26:36,ACC00332,ACC00017,1110.62,RTGS,transfer,0,,normal
TXN001230,2026-06-08 21:27:48,ACC00471,ACC00412,3648.27,RTGS,transfer,0,,normal
TXN001231,2026-06-08 21:30:21,ACC00294,ACC00114,2679.7,UPI,transfer,0,,normal
TXN001232,2026-06-08 21:35:50,ACC00508,ACC00211,11839.22,NEFT,transfer,0,,normal
TXN001233,2026-06-08 21:53:13,ACC00506,ACC00105,2106.87,RTGS,transfer,0,,normal
TXN001234,2026-06-08 22:09:34,ACC00465,ACC00016,2900.14,CASH_DEPOSIT,cash_deposit,0,,normal
TXN001235,2026-06-08 22:29:52,ACC00039,ACC00298,1096.84,UPI,transfer,0,,normal
TXN001236,2026-06-08 22:30:44,ACC00556,ACC00317,2301.17,UPI,transfer,0,,normal
TXN001237,2026-06-08 22:34:41,ACC00119,ACC00054,9641.06,NEFT,transfer,0,,normal
TXN001238,2026-06-08 22:35:59,ACC00077,ACC00249,6894.07,CASH_DEPOSIT,cash_deposit,0,,normal
TXN001239,2026-06-08 22:37:57,ACC00512,ACC00191,49500.0,UPI,transfer,1,STRUCT010,structuring
TXN001240,2026-06-08 22:46:05,ACC00512,ACC00434,48598.64,IMPS,transfer,1,STRUCT010,structuring
TXN001241,2026-06-08 22:47:54,ACC00119,ACC00213,8592.77,RTGS,transfer,0,,normal
TXN001242,2026-06-08 22:53:46,ACC00510,ACC00402,5104.67,CASH_DEPOSIT,cash_deposit,0,,normal
TXN001243,2026-06-08 23:32:27,ACC00578,ACC00191,9448.48,RTGS,transfer,0,,normal
TXN001244,2026-06-08 23:34:12,ACC00426,ACC00551,7087.68,NEFT,transfer,0,,normal
TXN001245,2026-06-08 23:37:27,ACC00512,ACC00270,49500.0,IMPS,transfer,1,STRUCT010,structuring
TXN001246,2026-06-08 23:38:27,ACC00700,ACC00633,4587.57,IMPS,transfer,0,,normal
TXN001247,2026-06-08 23:40:08,ACC00447,ACC00022,423.57,RTGS,transfer,0,,normal
TXN001248,2026-06-08 23:49:16,ACC00470,ACC00328,6151.58,CASH_DEPOSIT,cash_deposit,0,,normal
TXN001249,2026-06-08 23:54:47,ACC00647,ACC00400,2938.31,NEFT,transfer,0,,normal
TXN001250,2026-06-09 00:13:29,ACC00512,ACC00419,49500.0,UPI,transfer,1,STRUCT010,structuring
TXN001251,2026-06-09 00:15:09,ACC00250,ACC00529,4715.43,CASH_DEPOSIT,cash_deposit,0,,normal
TXN001252,2026-06-09 00:17:13,ACC00586,ACC00534,11004.75,IMPS,transfer,0,,normal
TXN001253,2026-06-09 00:26:51,ACC00548,ACC00433,26033.97,NEFT,transfer,0,,normal
TXN001254,2026-06-09 00:43:28,ACC00076,ACC00351,5339.79,UPI,transfer,0,,normal
TXN001255,2026-06-09 00:48:45,ACC00484,ACC00558,1818.78,NEFT,transfer,0,,normal
TXN001256,2026-06-09 00:50:05,ACC00249,ACC00077,4399.62,CASH_DEPOSIT,cash_deposit,0,,normal
TXN001257,2026-06-09 00:51:47,ACC00335,ACC00426,3932.85,CASH_DEPOSIT,cash_deposit,0,,normal
TXN001258,2026-06-09 00:53:44,ACC00512,ACC00210,49500.0,IMPS,transfer,1,STRUCT010,structuring
TXN001259,2026-06-09 01:08:35,ACC00470,ACC00429,2555.04,NEFT,transfer,0,,normal
TXN001260,2026-06-09 01:13:13,ACC00182,ACC00138,638.63,UPI,transfer,0,,normal
TXN001261,2026-06-09 01:24:43,ACC00480,ACC00318,6692.36,CASH_DEPOSIT,cash_deposit,0,,normal
TXN001262,2026-06-09 01:27:01,ACC00697,ACC00535,9552.06,IMPS,transfer,0,,normal
TXN001263,2026-06-09 01:29:27,ACC00538,ACC00496,5606.39,RTGS,transfer,0,,normal
TXN001264,2026-06-09 01:39:43,ACC00395,ACC00580,1321.54,NEFT,transfer,0,,normal
TXN001265,2026-06-09 01:45:24,ACC00261,ACC00399,5464.91,CASH_DEPOSIT,cash_deposit,0,,normal
TXN001266,2026-06-09 02:04:51,ACC00666,ACC00310,6479.72,NEFT,transfer,0,,normal
TXN001267,2026-06-09 02:12:11,ACC00455,ACC00501,6646.13,IMPS,transfer,0,,normal
TXN001268,2026-06-09 02:27:21,ACC00492,ACC00088,16563.94,UPI,transfer,0,,normal
TXN001269,2026-06-09 02:27:36,ACC00447,ACC00269,3161.11,NEFT,transfer,0,,normal
TXN001270,2026-06-09 02:32:21,ACC00339,ACC00139,5871.84,RTGS,transfer,0,,normal
TXN001271,2026-06-09 02:41:04,ACC00510,ACC00181,4938.51,UPI,transfer,0,,normal
TXN001272,2026-06-09 02:42:16,ACC00596,ACC00094,9205.84,RTGS,transfer,0,,normal
TXN001273,2026-06-09 02:51:09,ACC00579,ACC00485,3211.24,IMPS,transfer,0,,normal
TXN001274,2026-06-09 03:00:59,ACC00512,ACC00675,47439.32,UPI,transfer,1,STRUCT010,structuring
TXN001275,2026-06-09 03:16:23,ACC00145,ACC00257,15890.72,UPI,transfer,0,,normal
TXN001276,2026-06-09 03:22:15,ACC00661,ACC00513,12557.05,RTGS,transfer,0,,normal
TXN001277,2026-06-09 03:24:59,ACC00512,ACC00325,49500.0,UPI,transfer,1,STRUCT010,structuring
TXN001278,2026-06-09 03:45:58,ACC00336,ACC00691,11237.99,NEFT,transfer,0,,normal
TXN001279,2026-06-09 04:17:00,ACC00118,ACC00346,1684.38,UPI,transfer,0,,normal
TXN001280,2026-06-09 04:26:47,ACC00201,ACC00023,1438.33,UPI,transfer,0,,normal
TXN001281,2026-06-09 04:27:43,ACC00509,ACC00415,2579.79,IMPS,transfer,0,,normal
TXN001282,2026-06-09 04:37:00,ACC00512,ACC00578,49500.0,UPI,transfer,1,STRUCT010,structuring
TXN001283,2026-06-09 04:44:48,ACC00629,ACC00054,16461.07,UPI,transfer,0,,normal
TXN001284,2026-06-09 04:55:25,ACC00483,ACC00498,12826.97,IMPS,transfer,0,,normal
TXN001285,2026-06-09 05:25:39,ACC00287,ACC00462,12831.2,CASH_DEPOSIT,cash_deposit,0,,normal
TXN001286,2026-06-09 05:27:19,ACC00475,ACC00482,3074.59,RTGS,transfer,0,,normal
TXN001287,2026-06-09 05:42:40,ACC00494,ACC00275,2573.59,NEFT,transfer,0,,normal
TXN001288,2026-06-09 05:47:55,ACC00043,ACC00595,1633.88,RTGS,transfer,0,,normal
TXN001289,2026-06-09 05:49:20,ACC00593,ACC00649,7785.44,NEFT,transfer,0,,normal
TXN001290,2026-06-09 05:51:09,ACC00241,ACC00152,6242.86,RTGS,transfer,0,,normal
TXN001291,2026-06-09 05:55:00,ACC00021,ACC00173,3195.89,IMPS,transfer,0,,normal
TXN001292,2026-06-09 06:00:37,ACC00658,ACC00255,2224.6,CASH_DEPOSIT,cash_deposit,0,,normal
TXN001293,2026-06-09 06:02:53,ACC00343,ACC00022,1362.49,UPI,transfer,0,,normal
TXN001294,2026-06-09 06:21:33,ACC00280,ACC00205,1456.82,RTGS,transfer,0,,normal
TXN001295,2026-06-09 06:31:46,ACC00468,ACC00626,5977.26,UPI,transfer,0,,normal
TXN001296,2026-06-09 06:40:25,ACC00568,ACC00333,10694.14,NEFT,transfer,0,,normal
TXN001297,2026-06-09 06:40:49,ACC00118,ACC00392,17795.16,IMPS,transfer,0,,normal
TXN001298,2026-06-09 06:56:21,ACC00510,ACC00691,5141.55,CASH_DEPOSIT,cash_deposit,0,,normal
TXN001299,2026-06-09 07:07:38,ACC00189,ACC00681,6609.63,IMPS,transfer,0,,normal
TXN001300,2026-06-09 07:12:59,ACC00653,ACC00343,14707.62,UPI,transfer,0,,normal
TXN001301,2026-06-09 07:21:21,ACC00360,ACC00007,8162.94,RTGS,transfer,0,,normal
TXN001302,2026-06-09 07:37:12,ACC00602,ACC00105,670.31,IMPS,transfer,0,,normal
TXN001303,2026-06-09 07:43:40,ACC00584,ACC00012,12453.42,CASH_DEPOSIT,cash_deposit,0,,normal
TXN001304,2026-06-09 07:49:28,ACC00372,ACC00317,1608.44,RTGS,transfer,0,,normal
TXN001305,2026-06-09 07:52:24,ACC00063,ACC00454,4585.04,IMPS,transfer,0,,normal
TXN001306,2026-06-09 07:53:03,ACC00595,ACC00158,2136.4,CASH_DEPOSIT,cash_deposit,0,,normal
TXN001307,2026-06-09 07:53:13,ACC00512,ACC00421,49500.0,UPI,transfer,1,STRUCT010,structuring
TXN001308,2026-06-09 07:55:48,ACC00443,ACC00237,380.67,IMPS,transfer,0,,normal
TXN001309,2026-06-09 07:58:16,ACC00529,ACC00645,5148.55,UPI,transfer,0,,normal
TXN001310,2026-06-09 08:05:57,ACC00258,ACC00364,2312.61,UPI,transfer,0,,normal
TXN001311,2026-06-09 08:11:12,ACC00334,ACC00187,1714.06,CASH_DEPOSIT,cash_deposit,0,,normal
TXN001312,2026-06-09 08:14:26,ACC00512,ACC00384,49500.0,IMPS,transfer,1,STRUCT010,structuring
TXN001313,2026-06-09 08:42:03,ACC00037,ACC00363,8761.67,CASH_DEPOSIT,cash_deposit,0,,normal
TXN001314,2026-06-09 08:46:40,ACC00234,ACC00602,2706.63,RTGS,transfer,0,,normal
TXN001315,2026-06-09 08:57:34,ACC00623,ACC00656,1544.2,NEFT,transfer,0,,normal
TXN001316,2026-06-09 09:02:28,ACC00591,ACC00509,682.87,RTGS,transfer,0,,normal
TXN001317,2026-06-09 09:05:14,ACC00662,ACC00419,997.4,NEFT,transfer,0,,normal
TXN001318,2026-06-09 09:05:59,ACC00463,ACC00105,1504.45,NEFT,transfer,0,,normal
TXN001319,2026-06-09 09:07:10,ACC00299,ACC00368,2530.72,UPI,transfer,0,,normal
TXN001320,2026-06-09 09:24:21,ACC00491,ACC00322,1996.2,NEFT,transfer,0,,normal
TXN001321,2026-06-09 09:35:23,ACC00137,ACC00267,2605.36,NEFT,transfer,0,,normal
TXN001322,2026-06-09 09:35:30,ACC00556,ACC00274,5383.28,UPI,transfer,0,,normal
TXN001323,2026-06-09 09:35:58,ACC00418,ACC00200,2943.03,IMPS,transfer,0,,normal
TXN001324,2026-06-09 09:39:33,ACC00384,ACC00588,18147.67,IMPS,transfer,0,,normal
TXN001325,2026-06-09 09:47:14,ACC00151,ACC00058,1659.61,CASH_DEPOSIT,cash_deposit,0,,normal
TXN001326,2026-06-09 09:48:55,ACC00131,ACC00675,9679.28,UPI,transfer,0,,normal
TXN001327,2026-06-09 10:04:52,ACC00562,ACC00139,6268.43,RTGS,transfer,0,,normal
TXN001328,2026-06-09 10:17:49,ACC00238,ACC00097,1883.58,NEFT,transfer,0,,normal
TXN001329,2026-06-09 10:19:26,ACC00326,ACC00127,2191.24,UPI,transfer,0,,normal
TXN001330,2026-06-09 10:19:32,ACC00071,ACC00515,9712.46,CASH_DEPOSIT,cash_deposit,0,,normal
TXN001331,2026-06-09 10:30:45,ACC00491,ACC00162,3047.7,CASH_DEPOSIT,cash_deposit,0,,normal
TXN001332,2026-06-09 10:32:27,ACC00587,ACC00576,10924.24,CASH_DEPOSIT,cash_deposit,0,,normal
TXN001333,2026-06-09 10:38:11,ACC00652,ACC00427,1826.73,IMPS,transfer,0,,normal
TXN001334,2026-06-09 10:41:24,ACC00506,ACC00282,32109.27,UPI,transfer,0,,normal
TXN001335,2026-06-09 10:41:59,ACC00375,ACC00376,9496.27,UPI,transfer,0,,normal
TXN001336,2026-06-09 10:43:34,ACC00485,ACC00010,3184.11,CASH_DEPOSIT,cash_deposit,0,,normal
TXN001337,2026-06-09 10:49:46,ACC00505,ACC00647,26019.08,CASH_DEPOSIT,cash_deposit,0,,normal
TXN001338,2026-06-09 10:50:51,ACC00256,ACC00059,2385.61,IMPS,transfer,0,,normal
TXN001339,2026-06-09 10:57:20,ACC00512,ACC00514,48252.22,IMPS,transfer,1,STRUCT010,structuring
TXN001340,2026-06-09 11:06:28,ACC00512,ACC00230,49500.0,UPI,transfer,1,STRUCT010,structuring
TXN001341,2026-06-09 11:10:35,ACC00663,ACC00226,1082.26,UPI,transfer,0,,normal
TXN001342,2026-06-09 11:13:59,ACC00401,ACC00211,3784.72,UPI,transfer,0,,normal
TXN001343,2026-06-09 11:28:08,ACC00117,ACC00472,11019.42,NEFT,transfer,0,,normal
TXN001344,2026-06-09 11:33:07,ACC00098,ACC00575,2388.34,RTGS,transfer,0,,normal
TXN001345,2026-06-09 11:49:55,ACC00690,ACC00110,562.26,RTGS,transfer,0,,normal
TXN001346,2026-06-09 12:02:55,ACC00182,ACC00115,3369.11,NEFT,transfer,0,,normal
TXN001347,2026-06-09 12:20:32,ACC00226,ACC00395,1026.31,CASH_DEPOSIT,cash_deposit,0,,normal
TXN001348,2026-06-09 12:24:31,ACC00364,ACC00178,2566.58,NEFT,transfer,0,,normal
TXN001349,2026-06-09 12:30:05,ACC00680,ACC00347,7307.24,RTGS,transfer,0,,normal
TXN001350,2026-06-09 12:42:23,ACC00564,ACC00038,8911.54,CASH_DEPOSIT,cash_deposit,0,,normal
TXN001351,2026-06-09 12:43:46,ACC00518,ACC00420,2180.9,UPI,transfer,0,,normal
TXN001352,2026-06-09 12:48:18,ACC00081,ACC00043,10056.38,NEFT,transfer,0,,normal
TXN001353,2026-06-09 12:52:31,ACC00695,ACC00449,2598.42,NEFT,transfer,0,,normal
TXN001354,2026-06-09 12:54:17,ACC00512,ACC00328,49500.0,IMPS,transfer,1,STRUCT010,structuring
TXN001355,2026-06-09 13:08:03,ACC00234,ACC00232,1226.63,RTGS,transfer,0,,normal
TXN001356,2026-06-09 13:20:04,ACC00512,ACC00349,49500.0,UPI,transfer,1,STRUCT010,structuring
TXN001357,2026-06-09 13:37:16,ACC00626,ACC00120,3188.78,CASH_DEPOSIT,cash_deposit,0,,normal
TXN001358,2026-06-09 13:41:54,ACC00204,ACC00114,2021.29,RTGS,transfer,0,,normal
TXN001359,2026-06-09 13:50:38,ACC00460,ACC00669,2163.97,IMPS,transfer,0,,normal
TXN001360,2026-06-09 13:55:20,ACC00450,ACC00003,8669.21,UPI,transfer,0,,normal
TXN001361,2026-06-09 13:58:53,ACC00072,ACC00644,1962.78,NEFT,transfer,0,,normal
TXN001362,2026-06-09 13:59:18,ACC00601,ACC00136,4122.73,IMPS,transfer,0,,normal
TXN001363,2026-06-09 14:04:50,ACC00343,ACC00615,6298.17,NEFT,transfer,0,,normal
TXN001364,2026-06-09 14:19:13,ACC00404,ACC00623,8505.85,RTGS,transfer,0,,normal
TXN001365,2026-06-09 14:23:27,ACC00379,ACC00071,3241.75,RTGS,transfer,0,,normal
TXN001366,2026-06-09 14:24:25,ACC00436,ACC00639,1136.65,CASH_DEPOSIT,cash_deposit,0,,normal
TXN001367,2026-06-09 14:32:18,ACC00116,ACC00385,1140.78,NEFT,transfer,0,,normal
TXN001368,2026-06-09 14:33:05,ACC00333,ACC00495,12658.43,CASH_DEPOSIT,cash_deposit,0,,normal
TXN001369,2026-06-09 14:39:39,ACC00163,ACC00177,1550.18,UPI,transfer,0,,normal
TXN001370,2026-06-09 15:07:24,ACC00102,ACC00050,5141.46,RTGS,transfer,0,,normal
TXN001371,2026-06-09 15:10:03,ACC00109,ACC00137,4248.5,IMPS,transfer,0,,normal
TXN001372,2026-06-09 15:26:50,ACC00512,ACC00090,47117.07,IMPS,transfer,1,STRUCT010,structuring
TXN001373,2026-06-09 15:30:50,ACC00591,ACC00157,3928.53,NEFT,transfer,0,,normal
TXN001374,2026-06-09 15:49:37,ACC00476,ACC00672,15870.51,RTGS,transfer,0,,normal
TXN001375,2026-06-09 16:00:13,ACC00302,ACC00460,4447.34,IMPS,transfer,0,,normal
TXN001376,2026-06-09 16:12:13,ACC00513,ACC00116,3004.57,CASH_DEPOSIT,cash_deposit,0,,normal
TXN001377,2026-06-09 16:19:42,ACC00562,ACC00193,4043.72,NEFT,transfer,0,,normal
TXN001378,2026-06-09 16:23:34,ACC00161,ACC00401,1754.95,UPI,transfer,0,,normal
TXN001379,2026-06-09 16:23:46,ACC00558,ACC00403,4388.49,RTGS,transfer,0,,normal
TXN001380,2026-06-09 16:25:58,ACC00628,ACC00266,905.82,NEFT,transfer,0,,normal
TXN001381,2026-06-09 16:34:46,ACC00700,ACC00248,2663.05,IMPS,transfer,0,,normal
TXN001382,2026-06-09 16:39:03,ACC00092,ACC00615,4887.15,RTGS,transfer,0,,normal
TXN001383,2026-06-09 16:39:50,ACC00677,ACC00510,6852.67,IMPS,transfer,0,,normal
TXN001384,2026-06-09 16:46:12,ACC00426,ACC00256,3448.3,RTGS,transfer,0,,normal
TXN001385,2026-06-09 16:50:42,ACC00199,ACC00302,515.73,NEFT,transfer,0,,normal
TXN001386,2026-06-09 17:01:28,ACC00579,ACC00446,3342.25,CASH_DEPOSIT,cash_deposit,0,,normal
TXN001387,2026-06-09 17:26:13,ACC00556,ACC00502,21488.82,NEFT,transfer,0,,normal
TXN001388,2026-06-09 17:43:35,ACC00275,ACC00258,2119.61,RTGS,transfer,0,,normal
TXN001389,2026-06-09 17:47:33,ACC00367,ACC00397,2505.92,UPI,transfer,0,,normal
TXN001390,2026-06-09 17:52:40,ACC00022,ACC00600,1354.5,CASH_DEPOSIT,cash_deposit,0,,normal
TXN001391,2026-06-09 18:02:57,ACC00141,ACC00205,4235.49,CASH_DEPOSIT,cash_deposit,0,,normal
TXN001392,2026-06-09 18:09:21,ACC00254,ACC00212,559.66,IMPS,transfer,0,,normal
TXN001393,2026-06-09 18:17:40,ACC00635,ACC00555,8605.3,IMPS,transfer,0,,normal
TXN001394,2026-06-09 18:18:45,ACC00243,ACC00038,1500.89,IMPS,transfer,0,,normal
TXN001395,2026-06-09 18:31:28,ACC00675,ACC00564,11090.99,RTGS,transfer,0,,normal
TXN001396,2026-06-09 18:35:34,ACC00007,ACC00084,3029.89,NEFT,transfer,0,,normal
TXN001397,2026-06-09 18:47:46,ACC00461,ACC00540,3586.93,NEFT,transfer,0,,normal
TXN001398,2026-06-09 18:56:58,ACC00538,ACC00494,4187.22,UPI,transfer,0,,normal
TXN001399,2026-06-09 19:01:59,ACC00030,ACC00160,1250.38,UPI,transfer,0,,normal
TXN001400,2026-06-09 19:16:08,ACC00392,ACC00384,1090.0,UPI,transfer,0,,normal
TXN001401,2026-06-09 19:22:31,ACC00382,ACC00270,1879.33,UPI,transfer,0,,normal
TXN001402,2026-06-09 19:23:19,ACC00665,ACC00325,5443.54,CASH_DEPOSIT,cash_deposit,0,,normal
TXN001403,2026-06-09 19:39:03,ACC00644,ACC00265,3990.02,IMPS,transfer,0,,normal
TXN001404,2026-06-09 20:08:24,ACC00006,ACC00402,4681.35,CASH_DEPOSIT,cash_deposit,0,,normal
TXN001405,2026-06-09 20:19:40,ACC00068,ACC00317,1474.59,IMPS,transfer,0,,normal
TXN001406,2026-06-09 20:25:32,ACC00017,ACC00115,3253.87,CASH_DEPOSIT,cash_deposit,0,,normal
TXN001407,2026-06-09 20:31:42,ACC00416,ACC00605,3837.33,IMPS,transfer,0,,normal
TXN001408,2026-06-09 20:58:28,ACC00512,ACC00242,49500.0,IMPS,transfer,1,STRUCT010,structuring
TXN001409,2026-06-09 21:05:37,ACC00630,ACC00334,3363.43,NEFT,transfer,0,,normal
TXN001410,2026-06-09 21:10:06,ACC00615,ACC00354,1757.4,NEFT,transfer,0,,normal
TXN001411,2026-06-09 21:23:18,ACC00197,ACC00423,17292.92,RTGS,transfer,0,,normal
TXN001412,2026-06-09 21:25:49,ACC00259,ACC00399,5065.12,RTGS,transfer,0,,normal
TXN001413,2026-06-09 21:27:21,ACC00512,ACC00688,49500.0,IMPS,transfer,1,STRUCT010,structuring
TXN001414,2026-06-09 21:31:02,ACC00146,ACC00165,4317.93,NEFT,transfer,0,,normal
TXN001415,2026-06-09 21:33:42,ACC00625,ACC00496,4339.54,CASH_DEPOSIT,cash_deposit,0,,normal
TXN001416,2026-06-09 21:37:57,ACC00614,ACC00211,5293.43,NEFT,transfer,0,,normal
TXN001417,2026-06-09 21:45:33,ACC00609,ACC00632,2151.34,NEFT,transfer,0,,normal
TXN001418,2026-06-09 22:19:50,ACC00313,ACC00120,2248.9,CASH_DEPOSIT,cash_deposit,0,,normal
TXN001419,2026-06-09 22:23:07,ACC00412,ACC00091,4037.77,NEFT,transfer,0,,normal
TXN001420,2026-06-09 22:34:02,ACC00191,ACC00321,14938.05,NEFT,transfer,0,,normal
TXN001421,2026-06-09 22:35:19,ACC00329,ACC00206,4826.22,NEFT,transfer,0,,normal
TXN001422,2026-06-09 22:41:53,ACC00512,ACC00558,45549.28,UPI,transfer,1,STRUCT010,structuring
TXN001423,2026-06-09 23:03:30,ACC00199,ACC00118,9015.49,UPI,transfer,0,,normal
TXN001424,2026-06-09 23:07:48,ACC00234,ACC00468,2449.81,NEFT,transfer,0,,normal
TXN001425,2026-06-09 23:11:39,ACC00326,ACC00328,2244.23,RTGS,transfer,0,,normal
TXN001426,2026-06-09 23:11:42,ACC00055,ACC00531,1028.3,IMPS,transfer,0,,normal
TXN001427,2026-06-09 23:15:16,ACC00512,ACC00644,49500.0,IMPS,transfer,1,STRUCT010,structuring
TXN001428,2026-06-09 23:15:54,ACC00162,ACC00506,770.15,IMPS,transfer,0,,normal
TXN001429,2026-06-09 23:41:27,ACC00624,ACC00227,1470.75,NEFT,transfer,0,,normal
TXN001430,2026-06-09 23:48:34,ACC00296,ACC00092,2145.3,NEFT,transfer,0,,normal
TXN001431,2026-06-09 23:50:38,ACC00282,ACC00503,5583.95,CASH_DEPOSIT,cash_deposit,0,,normal
TXN001432,2026-06-10 00:18:22,ACC00513,ACC00532,2630.93,NEFT,transfer,0,,normal
TXN001433,2026-06-10 00:24:02,ACC00378,ACC00629,9031.96,UPI,transfer,0,,normal
TXN001434,2026-06-10 00:35:05,ACC00512,ACC00642,49500.0,UPI,transfer,1,STRUCT010,structuring
TXN001435,2026-06-10 00:49:46,ACC00038,ACC00464,3794.87,UPI,transfer,0,,normal
TXN001436,2026-06-10 00:58:22,ACC00053,ACC00469,2201.19,CASH_DEPOSIT,cash_deposit,0,,normal
TXN001437,2026-06-10 01:01:24,ACC00113,ACC00605,2986.88,UPI,transfer,0,,normal
TXN001438,2026-06-10 01:04:53,ACC00631,ACC00602,12282.93,IMPS,transfer,0,,normal
TXN001439,2026-06-10 01:26:35,ACC00148,ACC00351,16717.18,NEFT,transfer,0,,normal
TXN001440,2026-06-10 01:28:02,ACC00128,ACC00039,439.04,UPI,transfer,0,,normal
TXN001441,2026-06-10 01:37:56,ACC00525,ACC00404,4148.73,CASH_DEPOSIT,cash_deposit,0,,normal
TXN001442,2026-06-10 01:38:53,ACC00074,ACC00349,1940.02,CASH_DEPOSIT,cash_deposit,0,,normal
TXN001443,2026-06-10 01:41:36,ACC00512,ACC00193,49206.57,UPI,transfer,1,STRUCT010,structuring
TXN001444,2026-06-10 01:46:09,ACC00637,ACC00482,1636.03,UPI,transfer,0,,normal
TXN001445,2026-06-10 01:50:43,ACC00233,ACC00631,1227.85,CASH_DEPOSIT,cash_deposit,0,,normal
TXN001446,2026-06-10 02:00:37,ACC00657,ACC00142,5698.79,CASH_DEPOSIT,cash_deposit,0,,normal
TXN001447,2026-06-10 02:05:29,ACC00345,ACC00164,13733.61,IMPS,transfer,0,,normal
TXN001448,2026-06-10 02:06:21,ACC00307,ACC00588,2692.65,IMPS,transfer,0,,normal
TXN001449,2026-06-10 02:07:38,ACC00568,ACC00241,2957.34,CASH_DEPOSIT,cash_deposit,0,,normal
TXN001450,2026-06-10 02:10:20,ACC00609,ACC00654,3111.37,CASH_DEPOSIT,cash_deposit,0,,normal
TXN001451,2026-06-10 02:13:47,ACC00191,ACC00138,1057.79,UPI,transfer,0,,normal
TXN001452,2026-06-10 02:22:04,ACC00553,ACC00345,18372.9,UPI,transfer,0,,normal
TXN001453,2026-06-10 02:25:30,ACC00563,ACC00536,8380.24,CASH_DEPOSIT,cash_deposit,0,,normal
TXN001454,2026-06-10 03:00:52,ACC00546,ACC00122,3353.43,IMPS,transfer,0,,normal
TXN001455,2026-06-10 03:11:23,ACC00066,ACC00551,2411.8,UPI,transfer,0,,normal
TXN001456,2026-06-10 03:11:33,ACC00407,ACC00508,3105.42,NEFT,transfer,0,,normal
TXN001457,2026-06-10 03:12:21,ACC00533,ACC00437,3151.07,IMPS,transfer,0,,normal
TXN001458,2026-06-10 03:30:16,ACC00515,ACC00626,4466.37,CASH_DEPOSIT,cash_deposit,0,,normal
TXN001459,2026-06-10 03:42:19,ACC00285,ACC00234,4233.62,RTGS,transfer,0,,normal
TXN001460,2026-06-10 03:49:28,ACC00327,ACC00227,8014.78,CASH_DEPOSIT,cash_deposit,0,,normal
TXN001461,2026-06-10 03:57:12,ACC00497,ACC00140,19220.79,CASH_DEPOSIT,cash_deposit,0,,normal
TXN001462,2026-06-10 04:06:58,ACC00560,ACC00501,2779.83,UPI,transfer,0,,normal
TXN001463,2026-06-10 04:13:36,ACC00424,ACC00470,1159.34,RTGS,transfer,0,,normal
TXN001464,2026-06-10 04:16:05,ACC00608,ACC00404,10397.54,CASH_DEPOSIT,cash_deposit,0,,normal
TXN001465,2026-06-10 04:16:47,ACC00206,ACC00342,1428.21,NEFT,transfer,0,,normal
TXN001466,2026-06-10 04:23:26,ACC00700,ACC00282,2107.21,IMPS,transfer,0,,normal
TXN001467,2026-06-10 04:26:38,ACC00298,ACC00044,2516.27,NEFT,transfer,0,,normal
TXN001468,2026-06-10 04:31:12,ACC00411,ACC00668,2860.28,IMPS,transfer,0,,normal
TXN001469,2026-06-10 04:32:10,ACC00683,ACC00398,3312.73,NEFT,transfer,0,,normal
TXN001470,2026-06-10 04:42:47,ACC00340,ACC00629,387.81,IMPS,transfer,0,,normal
TXN001471,2026-06-10 04:58:59,ACC00566,ACC00306,10312.9,RTGS,transfer,0,,normal
TXN001472,2026-06-10 05:07:39,ACC00587,ACC00569,5540.21,UPI,transfer,0,,normal
TXN001473,2026-06-10 05:28:26,ACC00615,ACC00214,3596.97,IMPS,transfer,0,,normal
TXN001474,2026-06-10 05:28:31,ACC00035,ACC00255,1030.11,IMPS,transfer,0,,normal
TXN001475,2026-06-10 05:34:28,ACC00512,ACC00562,46092.31,UPI,transfer,1,STRUCT010,structuring
TXN001476,2026-06-10 05:38:45,ACC00156,ACC00385,1911.34,CASH_DEPOSIT,cash_deposit,0,,normal
TXN001477,2026-06-10 05:49:01,ACC00576,ACC00279,9842.82,RTGS,transfer,0,,normal
TXN001478,2026-06-10 05:51:45,ACC00479,ACC00224,2747.9,CASH_DEPOSIT,cash_deposit,0,,normal
TXN001479,2026-06-10 05:52:16,ACC00045,ACC00031,4444.41,IMPS,transfer,0,,normal
TXN001480,2026-06-10 05:56:06,ACC00124,ACC00549,12262.01,IMPS,transfer,0,,normal
TXN001481,2026-06-10 05:56:06,ACC00504,ACC00134,2305.55,UPI,transfer,0,,normal
TXN001482,2026-06-10 06:28:45,ACC00693,ACC00136,13438.8,RTGS,transfer,0,,normal
TXN001483,2026-06-10 06:36:55,ACC00226,ACC00690,629.9,RTGS,transfer,0,,normal
TXN001484,2026-06-10 06:47:09,ACC00508,ACC00119,9654.94,UPI,transfer,0,,normal
TXN001485,2026-06-10 06:52:58,ACC00010,ACC00255,2859.69,NEFT,transfer,0,,normal
TXN001486,2026-06-10 06:58:23,ACC00558,ACC00285,1096.82,UPI,transfer,0,,normal
TXN001487,2026-06-10 06:59:32,ACC00699,ACC00374,7896.42,IMPS,transfer,0,,normal
TXN001488,2026-06-10 07:28:00,ACC00423,ACC00053,12419.7,IMPS,transfer,0,,normal
TXN001489,2026-06-10 07:29:29,ACC00215,ACC00327,9831.51,RTGS,transfer,0,,normal
TXN001490,2026-06-10 07:34:15,ACC00032,ACC00228,7559.31,RTGS,transfer,0,,normal
TXN001491,2026-06-10 07:37:16,ACC00127,ACC00078,1817.89,IMPS,transfer,0,,normal
TXN001492,2026-06-10 07:37:22,ACC00078,ACC00522,6930.29,CASH_DEPOSIT,cash_deposit,0,,normal
TXN001493,2026-06-10 07:42:57,ACC00013,ACC00137,309.44,RTGS,transfer,0,,normal
TXN001494,2026-06-10 08:03:43,ACC00571,ACC00628,13770.85,NEFT,transfer,0,,normal
TXN001495,2026-06-10 08:23:13,ACC00468,ACC00310,19611.45,RTGS,transfer,0,,normal
TXN001496,2026-06-10 08:23:50,ACC00229,ACC00040,9991.8,NEFT,transfer,0,,normal
TXN001497,2026-06-10 08:26:25,ACC00063,ACC00643,44443.2,IMPS,transfer,0,,normal
TXN001498,2026-06-10 08:33:49,ACC00159,ACC00283,736.11,UPI,transfer,0,,normal
TXN001499,2026-06-10 08:41:39,ACC00560,ACC00659,5741.88,RTGS,transfer,0,,normal
TXN001500,2026-06-10 08:46:59,ACC00218,ACC00473,2492.2,NEFT,transfer,0,,normal
TXN001501,2026-06-10 08:48:16,ACC00028,ACC00659,6164.23,CASH_DEPOSIT,cash_deposit,0,,normal
TXN001502,2026-06-10 08:58:50,ACC00212,ACC00235,1613.79,CASH_DEPOSIT,cash_deposit,0,,normal
TXN001503,2026-06-10 09:13:21,ACC00281,ACC00470,1414.37,CASH_DEPOSIT,cash_deposit,0,,normal
TXN001504,2026-06-10 09:13:34,ACC00270,ACC00226,1974.05,IMPS,transfer,0,,normal
TXN001505,2026-06-10 09:19:11,ACC00589,ACC00417,1291.04,UPI,transfer,0,,normal
TXN001506,2026-06-10 09:19:45,ACC00289,ACC00491,3103.12,NEFT,transfer,0,,normal
TXN001507,2026-06-10 09:21:08,ACC00015,ACC00632,8188.45,UPI,transfer,0,,normal
TXN001508,2026-06-10 09:26:21,ACC00214,ACC00420,13230.37,NEFT,transfer,0,,normal
TXN001509,2026-06-10 09:28:54,ACC00509,ACC00412,1805.44,NEFT,transfer,0,,normal
TXN001510,2026-06-10 09:33:02,ACC00645,ACC00535,962.08,RTGS,transfer,0,,normal
TXN001511,2026-06-10 09:40:42,ACC00189,ACC00643,10635.76,RTGS,transfer,0,,normal
TXN001512,2026-06-10 10:06:55,ACC00685,ACC00485,3400.63,IMPS,transfer,0,,normal
TXN001513,2026-06-10 10:12:17,ACC00086,ACC00488,7029.71,IMPS,transfer,0,,normal
TXN001514,2026-06-10 10:13:09,ACC00303,ACC00362,29315.54,UPI,transfer,0,,normal
TXN001515,2026-06-10 10:20:15,ACC00337,ACC00317,13123.57,CASH_DEPOSIT,cash_deposit,0,,normal
TXN001516,2026-06-10 10:23:39,ACC00426,ACC00467,4440.7,RTGS,transfer,0,,normal
TXN001517,2026-06-10 10:26:01,ACC00373,ACC00507,2486.62,CASH_DEPOSIT,cash_deposit,0,,normal
TXN001518,2026-06-10 10:26:19,ACC00311,ACC00395,4280.92,UPI,transfer,0,,normal
TXN001519,2026-06-10 10:27:38,ACC00337,ACC00002,4192.87,UPI,transfer,0,,normal
TXN001520,2026-06-10 10:34:16,ACC00668,ACC00586,4738.35,CASH_DEPOSIT,cash_deposit,0,,normal
TXN001521,2026-06-10 10:43:22,ACC00159,ACC00079,4741.86,UPI,transfer,0,,normal
TXN001522,2026-06-10 10:46:41,ACC00079,ACC00053,792463.46,NEFT,transfer,1,LAYER001,cyclic_layering
TXN001523,2026-06-10 10:51:20,ACC00407,ACC00164,6292.14,UPI,transfer,0,,normal
TXN001524,2026-06-10 10:55:53,ACC00685,ACC00327,7644.12,UPI,transfer,0,,normal
TXN001525,2026-06-10 11:07:55,ACC00272,ACC00417,3303.29,NEFT,transfer,0,,normal
TXN001526,2026-06-10 11:08:43,ACC00257,ACC00101,4299.44,NEFT,transfer,0,,normal
TXN001527,2026-06-10 11:19:00,ACC00311,ACC00241,5789.29,UPI,transfer,0,,normal
TXN001528,2026-06-10 11:28:00,ACC00348,ACC00100,4330.28,IMPS,transfer,0,,normal
TXN001529,2026-06-10 11:31:28,ACC00090,ACC00117,2678.51,IMPS,transfer,0,,normal
TXN001530,2026-06-10 11:35:43,ACC00137,ACC00543,9174.7,IMPS,transfer,0,,normal
TXN001531,2026-06-10 11:40:15,ACC00641,ACC00543,2241.98,RTGS,transfer,0,,normal
TXN001532,2026-06-10 12:09:36,ACC00467,ACC00283,2205.22,NEFT,transfer,0,,normal
TXN001533,2026-06-10 12:10:29,ACC00030,ACC00178,3460.16,UPI,transfer,0,,normal
TXN001534,2026-06-10 12:20:06,ACC00284,ACC00055,3203.72,RTGS,transfer,0,,normal
TXN001535,2026-06-10 12:24:50,ACC00664,ACC00458,2997.69,CASH_DEPOSIT,cash_deposit,0,,normal
TXN001536,2026-06-10 12:26:12,ACC00499,ACC00430,1673.07,CASH_DEPOSIT,cash_deposit,0,,normal
TXN001537,2026-06-10 12:43:28,ACC00664,ACC00067,4480.77,UPI,transfer,0,,normal
TXN001538,2026-06-10 12:44:19,ACC00449,ACC00255,2502.9,IMPS,transfer,0,,normal
TXN001539,2026-06-10 13:00:10,ACC00552,ACC00523,4079.14,UPI,transfer,0,,normal
TXN001540,2026-06-10 13:07:12,ACC00539,ACC00566,3060.17,IMPS,transfer,0,,normal
TXN001541,2026-06-10 13:10:37,ACC00260,ACC00406,7182.93,UPI,transfer,0,,normal
TXN001542,2026-06-10 13:13:22,ACC00249,ACC00495,1156.54,UPI,transfer,0,,normal
TXN001543,2026-06-10 13:13:41,ACC00546,ACC00148,3528.23,RTGS,transfer,0,,normal
TXN001544,2026-06-10 13:19:57,ACC00426,ACC00196,16876.74,CASH_DEPOSIT,cash_deposit,0,,normal
TXN001545,2026-06-10 13:26:40,ACC00583,ACC00133,1558.84,NEFT,transfer,0,,normal
TXN001546,2026-06-10 13:45:05,ACC00144,ACC00552,1882.13,UPI,transfer,0,,normal
TXN001547,2026-06-10 13:49:52,ACC00350,ACC00192,2874.42,CASH_DEPOSIT,cash_deposit,0,,normal
TXN001548,2026-06-10 13:53:39,ACC00183,ACC00033,3331.04,UPI,transfer,0,,normal
TXN001549,2026-06-10 13:54:14,ACC00246,ACC00580,1049.62,IMPS,transfer,0,,normal
TXN001550,2026-06-10 14:04:21,ACC00424,ACC00691,2682.81,UPI,transfer,0,,normal
TXN001551,2026-06-10 14:13:02,ACC00470,ACC00540,3269.52,UPI,transfer,0,,normal
TXN001552,2026-06-10 14:29:25,ACC00269,ACC00283,2533.21,RTGS,transfer,0,,normal
TXN001553,2026-06-10 14:52:01,ACC00628,ACC00627,4484.79,UPI,transfer,0,,normal
TXN001554,2026-06-10 14:56:57,ACC00443,ACC00391,1065.03,IMPS,transfer,0,,normal
TXN001555,2026-06-10 14:59:20,ACC00269,ACC00475,2165.09,CASH_DEPOSIT,cash_deposit,0,,normal
TXN001556,2026-06-10 15:02:06,ACC00161,ACC00581,2982.14,CASH_DEPOSIT,cash_deposit,0,,normal
TXN001557,2026-06-10 15:14:25,ACC00683,ACC00440,6934.65,UPI,transfer,0,,normal
TXN001558,2026-06-10 15:14:32,ACC00173,ACC00414,1408.0,RTGS,transfer,0,,normal
TXN001559,2026-06-10 15:32:42,ACC00556,ACC00194,2437.72,NEFT,transfer,0,,normal
TXN001560,2026-06-10 15:48:00,ACC00651,ACC00150,3937.55,IMPS,transfer,0,,normal
TXN001561,2026-06-10 15:55:34,ACC00567,ACC00329,372.94,CASH_DEPOSIT,cash_deposit,0,,normal
TXN001562,2026-06-10 15:56:24,ACC00648,ACC00223,8138.23,NEFT,transfer,0,,normal
TXN001563,2026-06-10 16:09:37,ACC00359,ACC00474,4652.59,RTGS,transfer,0,,normal
TXN001564,2026-06-10 16:16:30,ACC00446,ACC00559,1394.64,IMPS,transfer,0,,normal
TXN001565,2026-06-10 16:40:39,ACC00297,ACC00664,5497.37,RTGS,transfer,0,,normal
TXN001566,2026-06-10 16:46:55,ACC00236,ACC00674,29501.78,RTGS,transfer,0,,normal
TXN001567,2026-06-10 16:51:35,ACC00527,ACC00383,1527.82,RTGS,transfer,0,,normal
TXN001568,2026-06-10 17:18:46,ACC00311,ACC00016,3473.22,UPI,transfer,0,,normal
TXN001569,2026-06-10 17:23:18,ACC00058,ACC00143,4429.41,UPI,transfer,0,,normal
TXN001570,2026-06-10 18:18:09,ACC00103,ACC00692,2579.79,NEFT,transfer,0,,normal
TXN001571,2026-06-10 18:23:03,ACC00207,ACC00656,1469.11,CASH_DEPOSIT,cash_deposit,0,,normal
TXN001572,2026-06-10 18:31:26,ACC00269,ACC00606,209.9,CASH_DEPOSIT,cash_deposit,0,,normal
TXN001573,2026-06-10 18:33:26,ACC00651,ACC00314,5850.5,NEFT,transfer,0,,normal
TXN001574,2026-06-10 18:36:04,ACC00066,ACC00463,3287.21,UPI,transfer,0,,normal
TXN001575,2026-06-10 18:43:19,ACC00581,ACC00259,10252.13,UPI,transfer,0,,normal
TXN001576,2026-06-10 19:01:47,ACC00001,ACC00439,2392.64,IMPS,transfer,0,,normal
TXN001577,2026-06-10 19:06:43,ACC00231,ACC00637,2866.0,CASH_DEPOSIT,cash_deposit,0,,normal
TXN001578,2026-06-10 19:24:31,ACC00398,ACC00384,4023.06,CASH_DEPOSIT,cash_deposit,0,,normal
TXN001579,2026-06-10 19:29:39,ACC00470,ACC00025,4145.92,CASH_DEPOSIT,cash_deposit,0,,normal
TXN001580,2026-06-10 20:04:28,ACC00670,ACC00682,4114.74,NEFT,transfer,0,,normal
TXN001581,2026-06-10 20:21:33,ACC00019,ACC00632,6715.67,RTGS,transfer,0,,normal
TXN001582,2026-06-10 20:26:51,ACC00675,ACC00309,2942.75,IMPS,transfer,0,,normal
TXN001583,2026-06-10 20:29:44,ACC00020,ACC00263,6393.7,CASH_DEPOSIT,cash_deposit,0,,normal
TXN001584,2026-06-10 20:38:45,ACC00141,ACC00430,284.59,CASH_DEPOSIT,cash_deposit,0,,normal
TXN001585,2026-06-10 20:43:57,ACC00456,ACC00158,3576.26,UPI,transfer,0,,normal
TXN001586,2026-06-10 21:02:49,ACC00044,ACC00508,10153.77,IMPS,transfer,0,,normal
TXN001587,2026-06-10 21:09:03,ACC00440,ACC00428,18376.95,CASH_DEPOSIT,cash_deposit,0,,normal
TXN001588,2026-06-10 21:15:54,ACC00516,ACC00448,2479.66,CASH_DEPOSIT,cash_deposit,0,,normal
TXN001589,2026-06-10 21:25:08,ACC00220,ACC00014,1265.49,NEFT,transfer,0,,normal
TXN001590,2026-06-10 21:31:25,ACC00588,ACC00625,3588.18,NEFT,transfer,0,,normal
TXN001591,2026-06-10 21:39:37,ACC00686,ACC00027,3179.4,NEFT,transfer,0,,normal
TXN001592,2026-06-10 21:50:22,ACC00130,ACC00038,6775.49,NEFT,transfer,0,,normal
TXN001593,2026-06-10 21:57:38,ACC00118,ACC00185,9985.04,CASH_DEPOSIT,cash_deposit,0,,normal
TXN001594,2026-06-10 21:58:56,ACC00578,ACC00073,6955.25,IMPS,transfer,0,,normal
TXN001595,2026-06-10 22:27:45,ACC00616,ACC00387,9596.59,IMPS,transfer,0,,normal
TXN001596,2026-06-10 22:32:57,ACC00602,ACC00061,1483.95,RTGS,transfer,0,,normal
TXN001597,2026-06-10 22:34:52,ACC00141,ACC00353,466971.46,NEFT,transfer,1,LAYER009,cyclic_layering
TXN001598,2026-06-10 22:57:18,ACC00015,ACC00542,5565.76,NEFT,transfer,0,,normal
TXN001599,2026-06-10 23:01:33,ACC00557,ACC00209,17167.4,RTGS,transfer,0,,normal
TXN001600,2026-06-10 23:04:29,ACC00276,ACC00476,4434.47,CASH_DEPOSIT,cash_deposit,0,,normal
TXN001601,2026-06-10 23:05:59,ACC00044,ACC00476,7401.1,RTGS,transfer,0,,normal
TXN001602,2026-06-10 23:23:28,ACC00688,ACC00573,1027.96,NEFT,transfer,0,,normal
TXN001603,2026-06-10 23:31:36,ACC00108,ACC00349,1501.05,CASH_DEPOSIT,cash_deposit,0,,normal
TXN001604,2026-06-10 23:41:15,ACC00284,ACC00153,11397.67,RTGS,transfer,0,,normal
TXN001605,2026-06-10 23:43:06,ACC00117,ACC00578,485.7,IMPS,transfer,0,,normal
TXN001606,2026-06-10 23:49:11,ACC00053,ACC00453,731669.8,RTGS,transfer,1,LAYER001,cyclic_layering
TXN001607,2026-06-10 23:50:11,ACC00199,ACC00139,628.64,IMPS,transfer,0,,normal
TXN001608,2026-06-10 23:54:54,ACC00415,ACC00595,4795.92,UPI,transfer,0,,normal
TXN001609,2026-06-10 23:57:49,ACC00065,ACC00047,1327.4,UPI,transfer,0,,normal
TXN001610,2026-06-10 23:58:17,ACC00201,ACC00129,5810.51,IMPS,transfer,0,,normal
TXN001611,2026-06-11 00:16:24,ACC00544,ACC00509,8767.34,IMPS,transfer,0,,normal
TXN001612,2026-06-11 00:21:43,ACC00166,ACC00637,5352.76,UPI,transfer,0,,normal
TXN001613,2026-06-11 00:35:37,ACC00336,ACC00625,3768.43,RTGS,transfer,0,,normal
TXN001614,2026-06-11 00:48:27,ACC00367,ACC00176,9009.7,RTGS,transfer,0,,normal
TXN001615,2026-06-11 00:49:31,ACC00469,ACC00247,6042.62,UPI,transfer,0,,normal
TXN001616,2026-06-11 00:53:15,ACC00512,ACC00234,10265.04,CASH_DEPOSIT,cash_deposit,0,,normal
TXN001617,2026-06-11 00:54:15,ACC00638,ACC00072,6094.86,UPI,transfer,0,,normal
TXN001618,2026-06-11 01:05:17,ACC00622,ACC00361,3652.03,NEFT,transfer,0,,normal
TXN001619,2026-06-11 01:06:24,ACC00353,ACC00416,9813.99,CASH_DEPOSIT,cash_deposit,0,,normal
TXN001620,2026-06-11 01:22:31,ACC00549,ACC00020,19378.74,NEFT,transfer,0,,normal
TXN001621,2026-06-11 01:25:58,ACC00066,ACC00270,1289.47,UPI,transfer,0,,normal
TXN001622,2026-06-11 01:26:17,ACC00365,ACC00661,10635.81,NEFT,transfer,0,,normal
TXN001623,2026-06-11 01:28:24,ACC00406,ACC00603,1159.96,IMPS,transfer,0,,normal
TXN001624,2026-06-11 01:35:58,ACC00116,ACC00355,8020.79,RTGS,transfer,0,,normal
TXN001625,2026-06-11 01:54:57,ACC00435,ACC00107,1414.98,RTGS,transfer,0,,normal
TXN001626,2026-06-11 02:21:17,ACC00642,ACC00318,895.24,NEFT,transfer,0,,normal
TXN001627,2026-06-11 02:28:05,ACC00221,ACC00551,3707.07,CASH_DEPOSIT,cash_deposit,0,,normal
TXN001628,2026-06-11 02:45:50,ACC00451,ACC00081,1314.31,CASH_DEPOSIT,cash_deposit,0,,normal
TXN001629,2026-06-11 02:57:48,ACC00652,ACC00513,15347.14,NEFT,transfer,0,,normal
TXN001630,2026-06-11 03:06:13,ACC00236,ACC00023,11614.12,RTGS,transfer,0,,normal
TXN001631,2026-06-11 03:17:36,ACC00491,ACC00692,1921.53,RTGS,transfer,0,,normal
TXN001632,2026-06-11 03:19:28,ACC00159,ACC00516,4865.25,CASH_DEPOSIT,cash_deposit,0,,normal
TXN001633,2026-06-11 03:21:17,ACC00310,ACC00098,1497.66,NEFT,transfer,0,,normal
TXN001634,2026-06-11 03:31:17,ACC00145,ACC00099,2765.43,IMPS,transfer,0,,normal
TXN001635,2026-06-11 03:32:22,ACC00452,ACC00139,2827.04,NEFT,transfer,0,,normal
TXN001636,2026-06-11 03:39:28,ACC00446,ACC00594,8476.57,UPI,transfer,0,,normal
TXN001637,2026-06-11 03:56:31,ACC00315,ACC00215,7602.13,IMPS,transfer,0,,normal
TXN001638,2026-06-11 04:00:51,ACC00095,ACC00358,10563.33,NEFT,transfer,0,,normal
TXN001639,2026-06-11 04:05:54,ACC00434,ACC00600,7630.12,NEFT,transfer,0,,normal
TXN001640,2026-06-11 04:11:04,ACC00150,ACC00656,4708.96,CASH_DEPOSIT,cash_deposit,0,,normal
TXN001641,2026-06-11 04:11:21,ACC00393,ACC00288,3457.27,RTGS,transfer,0,,normal
TXN001642,2026-06-11 04:18:17,ACC00416,ACC00122,4595.33,CASH_DEPOSIT,cash_deposit,0,,normal
TXN001643,2026-06-11 04:25:19,ACC00094,ACC00679,17725.48,UPI,transfer,0,,normal
TXN001644,2026-06-11 04:29:36,ACC00012,ACC00337,3389.88,NEFT,transfer,0,,normal
TXN001645,2026-06-11 04:49:37,ACC00170,ACC00330,5261.79,NEFT,transfer,0,,normal
TXN001646,2026-06-11 05:15:10,ACC00666,ACC00038,4485.74,RTGS,transfer,0,,normal
TXN001647,2026-06-11 05:18:58,ACC00190,ACC00197,646.97,CASH_DEPOSIT,cash_deposit,0,,normal
TXN001648,2026-06-11 05:19:26,ACC00034,ACC00380,13599.11,IMPS,transfer,0,,normal
TXN001649,2026-06-11 05:34:03,ACC00548,ACC00408,2114.17,IMPS,transfer,0,,normal
TXN001650,2026-06-11 05:36:50,ACC00487,ACC00438,3496.77,NEFT,transfer,0,,normal
TXN001651,2026-06-11 05:56:18,ACC00373,ACC00508,1578.08,NEFT,transfer,0,,normal
TXN001652,2026-06-11 06:06:00,ACC00619,ACC00491,9266.97,IMPS,transfer,0,,normal
TXN001653,2026-06-11 06:16:54,ACC00241,ACC00406,10213.11,RTGS,transfer,0,,normal
TXN001654,2026-06-11 06:18:35,ACC00330,ACC00454,1882.52,RTGS,transfer,0,,normal
TXN001655,2026-06-11 06:30:43,ACC00349,ACC00492,5060.31,IMPS,transfer,0,,normal
TXN001656,2026-06-11 06:39:00,ACC00554,ACC00050,2431.28,CASH_DEPOSIT,cash_deposit,0,,normal
TXN001657,2026-06-11 06:48:26,ACC00517,ACC00093,8104.17,RTGS,transfer,0,,normal
TXN001658,2026-06-11 06:57:24,ACC00043,ACC00100,12332.78,RTGS,transfer,0,,normal
TXN001659,2026-06-11 06:59:44,ACC00495,ACC00023,8920.65,IMPS,transfer,0,,normal
TXN001660,2026-06-11 07:09:41,ACC00155,ACC00010,26819.97,UPI,transfer,0,,normal
TXN001661,2026-06-11 07:13:04,ACC00271,ACC00375,2315.59,NEFT,transfer,0,,normal
TXN001662,2026-06-11 07:18:42,ACC00392,ACC00619,6894.44,UPI,transfer,0,,normal
TXN001663,2026-06-11 07:20:11,ACC00574,ACC00663,1632.08,NEFT,transfer,0,,normal
TXN001664,2026-06-11 07:24:09,ACC00107,ACC00466,5280.8,NEFT,transfer,0,,normal
TXN001665,2026-06-11 07:26:12,ACC00619,ACC00498,9400.35,UPI,transfer,0,,normal
TXN001666,2026-06-11 07:26:52,ACC00494,ACC00553,797.43,NEFT,transfer,0,,normal
TXN001667,2026-06-11 07:41:04,ACC00111,ACC00239,963.09,UPI,transfer,0,,normal
TXN001668,2026-06-11 07:43:21,ACC00083,ACC00298,906.47,NEFT,transfer,0,,normal
TXN001669,2026-06-11 07:56:41,ACC00352,ACC00334,8454.47,RTGS,transfer,0,,normal
TXN001670,2026-06-11 08:01:41,ACC00368,ACC00042,1647.54,UPI,transfer,0,,normal
TXN001671,2026-06-11 08:06:51,ACC00471,ACC00019,13236.84,NEFT,transfer,0,,normal
TXN001672,2026-06-11 08:08:34,ACC00172,ACC00245,7545.39,NEFT,transfer,0,,normal
TXN001673,2026-06-11 08:12:39,ACC00124,ACC00576,6084.24,NEFT,transfer,0,,normal
TXN001674,2026-06-11 08:28:37,ACC00401,ACC00289,3405.3,NEFT,transfer,0,,normal
TXN001675,2026-06-11 08:37:54,ACC00550,ACC00369,969.29,IMPS,transfer,0,,normal
TXN001676,2026-06-11 08:40:31,ACC00317,ACC00228,1054.09,UPI,transfer,0,,normal
TXN001677,2026-06-11 08:46:01,ACC00552,ACC00085,2982.63,UPI,transfer,0,,normal
TXN001678,2026-06-11 08:56:54,ACC00239,ACC00617,3755.58,UPI,transfer,0,,normal
TXN001679,2026-06-11 09:21:28,ACC00521,ACC00548,522.8,IMPS,transfer,0,,normal
TXN001680,2026-06-11 09:43:20,ACC00539,ACC00570,1572.14,UPI,transfer,0,,normal
TXN001681,2026-06-11 10:10:53,ACC00692,ACC00546,2786.0,CASH_DEPOSIT,cash_deposit,0,,normal
TXN001682,2026-06-11 10:13:42,ACC00330,ACC00495,18741.39,NEFT,transfer,0,,normal
TXN001683,2026-06-11 10:16:31,ACC00377,ACC00425,10403.27,UPI,transfer,0,,normal
TXN001684,2026-06-11 10:28:33,ACC00077,ACC00573,15446.07,IMPS,transfer,0,,normal
TXN001685,2026-06-11 10:32:07,ACC00170,ACC00144,2243.56,NEFT,transfer,0,,normal
TXN001686,2026-06-11 10:57:43,ACC00661,ACC00016,5764.89,UPI,transfer,0,,normal
TXN001687,2026-06-11 11:00:47,ACC00142,ACC00669,2616.3,NEFT,transfer,0,,normal
TXN001688,2026-06-11 11:19:45,ACC00241,ACC00030,2105.6,IMPS,transfer,0,,normal
TXN001689,2026-06-11 11:33:43,ACC00480,ACC00304,10045.88,NEFT,transfer,0,,normal
TXN001690,2026-06-11 11:41:43,ACC00113,ACC00334,3887.75,RTGS,transfer,0,,normal
TXN001691,2026-06-11 11:44:52,ACC00618,ACC00635,3536.71,CASH_DEPOSIT,cash_deposit,0,,normal
TXN001692,2026-06-11 12:01:25,ACC00097,ACC00301,1687.42,CASH_DEPOSIT,cash_deposit,0,,normal
TXN001693,2026-06-11 12:29:13,ACC00313,ACC00291,5037.09,RTGS,transfer,0,,normal
TXN001694,2026-06-11 12:40:01,ACC00430,ACC00538,5316.81,IMPS,transfer,0,,normal
TXN001695,2026-06-11 12:52:54,ACC00005,ACC00544,2107.35,RTGS,transfer,0,,normal
TXN001696,2026-06-11 13:04:47,ACC00591,ACC00512,1263.25,RTGS,transfer,0,,normal
TXN001697,2026-06-11 13:26:59,ACC00255,ACC00539,2642.97,UPI,transfer,0,,normal
TXN001698,2026-06-11 13:29:59,ACC00020,ACC00009,13770.24,NEFT,transfer,0,,normal
TXN001699,2026-06-11 13:42:00,ACC00287,ACC00408,3633.08,UPI,transfer,0,,normal
TXN001700,2026-06-11 13:46:39,ACC00603,ACC00562,7873.66,NEFT,transfer,0,,normal
TXN001701,2026-06-11 13:47:55,ACC00103,ACC00608,2300.64,RTGS,transfer,0,,normal
TXN001702,2026-06-11 13:50:14,ACC00606,ACC00696,10133.91,NEFT,transfer,0,,normal
TXN001703,2026-06-11 13:51:00,ACC00176,ACC00267,29060.19,NEFT,transfer,0,,normal
TXN001704,2026-06-11 14:19:36,ACC00232,ACC00060,3231.35,RTGS,transfer,0,,normal
TXN001705,2026-06-11 14:22:03,ACC00060,ACC00292,2824.21,CASH_DEPOSIT,cash_deposit,0,,normal
TXN001706,2026-06-11 14:30:40,ACC00491,ACC00351,2371.08,CASH_DEPOSIT,cash_deposit,0,,normal
TXN001707,2026-06-11 14:46:56,ACC00501,ACC00248,2208.89,IMPS,transfer,0,,normal
TXN001708,2026-06-11 14:53:38,ACC00286,ACC00191,2338.44,CASH_DEPOSIT,cash_deposit,0,,normal
TXN001709,2026-06-11 15:19:26,ACC00136,ACC00042,2673.42,UPI,transfer,0,,normal
TXN001710,2026-06-11 15:49:02,ACC00625,ACC00575,2585.28,NEFT,transfer,0,,normal
TXN001711,2026-06-11 15:56:39,ACC00353,ACC00449,2512.42,NEFT,transfer,0,,normal
TXN001712,2026-06-11 16:03:16,ACC00414,ACC00604,5871.14,NEFT,transfer,0,,normal
TXN001713,2026-06-11 16:15:49,ACC00363,ACC00495,2537.44,NEFT,transfer,0,,normal
TXN001714,2026-06-11 16:15:53,ACC00325,ACC00425,6724.88,RTGS,transfer,0,,normal
TXN001715,2026-06-11 16:39:23,ACC00264,ACC00343,1105.93,NEFT,transfer,0,,normal
TXN001716,2026-06-11 16:43:50,ACC00176,ACC00150,7618.0,CASH_DEPOSIT,cash_deposit,0,,normal
TXN001717,2026-06-11 17:12:02,ACC00040,ACC00410,5298.54,NEFT,transfer,0,,normal
TXN001718,2026-06-11 17:27:11,ACC00499,ACC00453,2288.14,IMPS,transfer,0,,normal
TXN001719,2026-06-11 17:38:35,ACC00324,ACC00354,4012.56,IMPS,transfer,0,,normal
TXN001720,2026-06-11 18:02:24,ACC00327,ACC00612,2399.83,NEFT,transfer,0,,normal
TXN001721,2026-06-11 18:03:42,ACC00018,ACC00100,3893.48,IMPS,transfer,0,,normal
TXN001722,2026-06-11 18:14:56,ACC00383,ACC00634,13057.68,UPI,transfer,0,,normal
TXN001723,2026-06-11 18:16:55,ACC00597,ACC00544,7542.72,UPI,transfer,0,,normal
TXN001724,2026-06-11 18:18:03,ACC00412,ACC00450,2220.34,UPI,transfer,0,,normal
TXN001725,2026-06-11 18:53:18,ACC00691,ACC00119,4358.27,UPI,transfer,0,,normal
TXN001726,2026-06-11 19:06:28,ACC00027,ACC00507,626.69,IMPS,transfer,0,,normal
TXN001727,2026-06-11 19:27:34,ACC00511,ACC00205,4343.86,NEFT,transfer,0,,normal
TXN001728,2026-06-11 19:32:20,ACC00700,ACC00064,3147.11,CASH_DEPOSIT,cash_deposit,0,,normal
TXN001729,2026-06-11 19:34:51,ACC00100,ACC00406,5170.08,CASH_DEPOSIT,cash_deposit,0,,normal
TXN001730,2026-06-11 19:39:44,ACC00462,ACC00503,4335.95,RTGS,transfer,0,,normal
TXN001731,2026-06-11 20:07:30,ACC00437,ACC00474,3494.83,IMPS,transfer,0,,normal
TXN001732,2026-06-11 20:16:03,ACC00531,ACC00321,3508.26,RTGS,transfer,0,,normal
TXN001733,2026-06-11 20:17:57,ACC00591,ACC00567,1800.23,UPI,transfer,0,,normal
TXN001734,2026-06-11 20:25:13,ACC00089,ACC00607,3717.37,UPI,transfer,0,,normal
TXN001735,2026-06-11 20:34:14,ACC00411,ACC00386,6803.57,NEFT,transfer,0,,normal
TXN001736,2026-06-11 20:47:46,ACC00138,ACC00133,7263.21,CASH_DEPOSIT,cash_deposit,0,,normal
TXN001737,2026-06-11 20:51:27,ACC00686,ACC00323,34495.61,NEFT,transfer,0,,normal
TXN001738,2026-06-11 20:52:16,ACC00275,ACC00028,1032.7,RTGS,transfer,0,,normal
TXN001739,2026-06-11 20:56:15,ACC00420,ACC00397,6206.24,CASH_DEPOSIT,cash_deposit,0,,normal
TXN001740,2026-06-11 21:20:43,ACC00630,ACC00270,5139.08,NEFT,transfer,0,,normal
TXN001741,2026-06-11 21:43:13,ACC00516,ACC00501,2592.43,IMPS,transfer,0,,normal
TXN001742,2026-06-11 21:44:20,ACC00048,ACC00140,4393.88,CASH_DEPOSIT,cash_deposit,0,,normal
TXN001743,2026-06-11 22:04:12,ACC00310,ACC00188,2713.5,CASH_DEPOSIT,cash_deposit,0,,normal
TXN001744,2026-06-11 22:47:53,ACC00622,ACC00449,3367.65,IMPS,transfer,0,,normal
TXN001745,2026-06-11 23:03:34,ACC00408,ACC00234,4802.58,RTGS,transfer,0,,normal
TXN001746,2026-06-11 23:09:20,ACC00118,ACC00399,1414.61,IMPS,transfer,0,,normal
TXN001747,2026-06-11 23:12:42,ACC00137,ACC00330,17243.1,RTGS,transfer,0,,normal
TXN001748,2026-06-11 23:20:15,ACC00240,ACC00369,3214.73,UPI,transfer,0,,normal
TXN001749,2026-06-11 23:27:18,ACC00121,ACC00511,993.03,NEFT,transfer,0,,normal
TXN001750,2026-06-11 23:32:34,ACC00622,ACC00237,1813.87,CASH_DEPOSIT,cash_deposit,0,,normal
TXN001751,2026-06-11 23:40:23,ACC00013,ACC00304,4413.52,CASH_DEPOSIT,cash_deposit,0,,normal
TXN001752,2026-06-11 23:52:19,ACC00695,ACC00455,8126.3,CASH_DEPOSIT,cash_deposit,0,,normal
TXN001753,2026-06-12 00:03:10,ACC00556,ACC00272,6616.23,UPI,transfer,0,,normal
TXN001754,2026-06-12 00:07:57,ACC00387,ACC00251,6728.48,IMPS,transfer,0,,normal
TXN001755,2026-06-12 00:15:48,ACC00628,ACC00639,4242.79,IMPS,transfer,0,,normal
TXN001756,2026-06-12 00:32:12,ACC00668,ACC00308,1326.67,RTGS,transfer,0,,normal
TXN001757,2026-06-12 00:50:31,ACC00591,ACC00579,4017.71,NEFT,transfer,0,,normal
TXN001758,2026-06-12 00:56:56,ACC00145,ACC00081,6810.89,RTGS,transfer,0,,normal
TXN001759,2026-06-12 01:07:37,ACC00131,ACC00576,1367.08,UPI,transfer,0,,normal
TXN001760,2026-06-12 01:12:02,ACC00387,ACC00585,4854.07,CASH_DEPOSIT,cash_deposit,0,,normal
TXN001761,2026-06-12 01:15:11,ACC00679,ACC00554,26280.98,UPI,transfer,0,,normal
TXN001762,2026-06-12 01:21:01,ACC00632,ACC00194,2555.25,CASH_DEPOSIT,cash_deposit,0,,normal
TXN001763,2026-06-12 01:27:18,ACC00585,ACC00528,918.92,CASH_DEPOSIT,cash_deposit,0,,normal
TXN001764,2026-06-12 01:27:21,ACC00431,ACC00157,2491.85,IMPS,transfer,0,,normal
TXN001765,2026-06-12 01:38:21,ACC00353,ACC00284,441976.53,NEFT,transfer,1,LAYER009,cyclic_layering
TXN001766,2026-06-12 01:49:26,ACC00371,ACC00521,4148.07,IMPS,transfer,0,,normal
TXN001767,2026-06-12 01:54:15,ACC00020,ACC00234,2514.06,IMPS,transfer,0,,normal
TXN001768,2026-06-12 02:00:24,ACC00602,ACC00014,2366.38,UPI,transfer,0,,normal
TXN001769,2026-06-12 02:04:35,ACC00052,ACC00342,5089.3,CASH_DEPOSIT,cash_deposit,0,,normal
TXN001770,2026-06-12 02:07:15,ACC00291,ACC00588,3525.43,CASH_DEPOSIT,cash_deposit,0,,normal
TXN001771,2026-06-12 02:11:22,ACC00155,ACC00557,7036.99,NEFT,transfer,0,,normal
TXN001772,2026-06-12 02:20:42,ACC00132,ACC00049,1624.69,CASH_DEPOSIT,cash_deposit,0,,normal
TXN001773,2026-06-12 02:34:24,ACC00264,ACC00653,2939.77,CASH_DEPOSIT,cash_deposit,0,,normal
TXN001774,2026-06-12 02:34:58,ACC00115,ACC00146,1496.55,UPI,transfer,0,,normal
TXN001775,2026-06-12 03:11:41,ACC00504,ACC00661,13173.62,NEFT,transfer,0,,normal
TXN001776,2026-06-12 03:14:55,ACC00435,ACC00585,15915.75,RTGS,transfer,0,,normal
TXN001777,2026-06-12 03:15:28,ACC00505,ACC00561,1861.89,CASH_DEPOSIT,cash_deposit,0,,normal
TXN001778,2026-06-12 03:21:15,ACC00539,ACC00207,49500.0,UPI,transfer,1,STRUCT003,structuring
TXN001779,2026-06-12 03:23:50,ACC00539,ACC00288,49500.0,IMPS,transfer,1,STRUCT003,structuring
TXN001780,2026-06-12 03:27:08,ACC00643,ACC00414,3424.43,RTGS,transfer,0,,normal
TXN001781,2026-06-12 03:32:51,ACC00423,ACC00393,1786.82,IMPS,transfer,0,,normal
TXN001782,2026-06-12 03:41:28,ACC00206,ACC00447,11534.7,UPI,transfer,0,,normal
TXN001783,2026-06-12 03:41:30,ACC00160,ACC00457,1073.02,NEFT,transfer,0,,normal
TXN001784,2026-06-12 03:45:38,ACC00101,ACC00403,2288.42,IMPS,transfer,0,,normal
TXN001785,2026-06-12 04:30:16,ACC00539,ACC00529,41357.71,IMPS,transfer,1,STRUCT003,structuring
TXN001786,2026-06-12 04:45:12,ACC00169,ACC00203,9774.87,IMPS,transfer,0,,normal
TXN001787,2026-06-12 04:45:30,ACC00488,ACC00546,1080.72,RTGS,transfer,0,,normal
TXN001788,2026-06-12 04:47:10,ACC00271,ACC00379,1917.93,CASH_DEPOSIT,cash_deposit,0,,normal
TXN001789,2026-06-12 04:57:09,ACC00670,ACC00273,1585.01,IMPS,transfer,0,,normal
TXN001790,2026-06-12 05:05:07,ACC00539,ACC00236,49500.0,UPI,transfer,1,STRUCT003,structuring
TXN001791,2026-06-12 05:09:00,ACC00353,ACC00610,634.18,RTGS,transfer,0,,normal
TXN001792,2026-06-12 05:17:46,ACC00454,ACC00042,9287.16,NEFT,transfer,0,,normal
TXN001793,2026-06-12 05:18:12,ACC00136,ACC00301,4207.34,NEFT,transfer,0,,normal
TXN001794,2026-06-12 05:18:43,ACC00674,ACC00001,10785.39,CASH_DEPOSIT,cash_deposit,0,,normal
TXN001795,2026-06-12 05:23:18,ACC00210,ACC00344,37757.55,RTGS,transfer,0,,normal
TXN001796,2026-06-12 05:23:23,ACC00162,ACC00057,3339.58,NEFT,transfer,0,,normal
TXN001797,2026-06-12 05:46:42,ACC00541,ACC00044,2222.88,CASH_DEPOSIT,cash_deposit,0,,normal
TXN001798,2026-06-12 05:57:09,ACC00328,ACC00594,3335.0,RTGS,transfer,0,,normal
TXN001799,2026-06-12 06:15:37,ACC00539,ACC00586,49500.0,UPI,transfer,1,STRUCT003,structuring
TXN001800,2026-06-12 06:36:02,ACC00260,ACC00386,2062.17,CASH_DEPOSIT,cash_deposit,0,,normal
TXN001801,2026-06-12 06:50:19,ACC00173,ACC00126,6211.67,RTGS,transfer,0,,normal
TXN001802,2026-06-12 06:52:17,ACC00099,ACC00507,1692.91,CASH_DEPOSIT,cash_deposit,0,,normal
TXN001803,2026-06-12 06:58:20,ACC00427,ACC00439,1688.27,RTGS,transfer,0,,normal
TXN001804,2026-06-12 07:02:02,ACC00035,ACC00600,2773.76,NEFT,transfer,0,,normal
TXN001805,2026-06-12 07:11:57,ACC00060,ACC00154,9220.19,CASH_DEPOSIT,cash_deposit,0,,normal
TXN001806,2026-06-12 07:21:43,ACC00544,ACC00595,1109.38,RTGS,transfer,0,,normal
TXN001807,2026-06-12 07:27:25,ACC00438,ACC00009,11609.63,CASH_DEPOSIT,cash_deposit,0,,normal
TXN001808,2026-06-12 07:30:27,ACC00431,ACC00361,11404.06,IMPS,transfer,0,,normal
TXN001809,2026-06-12 07:51:23,ACC00435,ACC00091,2351.69,IMPS,transfer,0,,normal
TXN001810,2026-06-12 07:54:11,ACC00174,ACC00167,2621.13,NEFT,transfer,0,,normal
TXN001811,2026-06-12 08:34:29,ACC00210,ACC00699,2567.87,RTGS,transfer,0,,normal
TXN001812,2026-06-12 08:50:58,ACC00125,ACC00049,6147.64,CASH_DEPOSIT,cash_deposit,0,,normal
TXN001813,2026-06-12 08:59:28,ACC00390,ACC00013,7835.59,UPI,transfer,0,,normal
TXN001814,2026-06-12 09:01:26,ACC00698,ACC00032,4143.22,RTGS,transfer,0,,normal
TXN001815,2026-06-12 09:04:31,ACC00332,ACC00624,1137.56,RTGS,transfer,0,,normal
TXN001816,2026-06-12 09:09:21,ACC00464,ACC00508,5884.18,UPI,transfer,0,,normal
TXN001817,2026-06-12 09:15:29,ACC00539,ACC00438,45011.36,IMPS,transfer,1,STRUCT003,structuring
TXN001818,2026-06-12 09:27:04,ACC00411,ACC00582,1354.21,CASH_DEPOSIT,cash_deposit,0,,normal
TXN001819,2026-06-12 09:28:23,ACC00164,ACC00103,10285.71,CASH_DEPOSIT,cash_deposit,0,,normal
TXN001820,2026-06-12 09:38:21,ACC00539,ACC00211,42128.64,UPI,transfer,1,STRUCT003,structuring
TXN001821,2026-06-12 09:42:26,ACC00418,ACC00649,2734.18,NEFT,transfer,0,,normal
TXN001822,2026-06-12 09:56:59,ACC00195,ACC00500,5332.1,RTGS,transfer,0,,normal
TXN001823,2026-06-12 10:00:30,ACC00317,ACC00235,3136.72,IMPS,transfer,0,,normal
TXN001824,2026-06-12 10:07:52,ACC00033,ACC00328,12430.32,IMPS,transfer,0,,normal
TXN001825,2026-06-12 10:12:53,ACC00117,ACC00445,3087.38,UPI,transfer,0,,normal
TXN001826,2026-06-12 10:18:38,ACC00539,ACC00299,42980.8,IMPS,transfer,1,STRUCT003,structuring
TXN001827,2026-06-12 10:26:57,ACC00125,ACC00590,3140.9,UPI,transfer,0,,normal
TXN001828,2026-06-12 10:29:37,ACC00645,ACC00409,7932.8,IMPS,transfer,0,,normal
TXN001829,2026-06-12 10:50:55,ACC00129,ACC00500,1767.74,NEFT,transfer,0,,normal
TXN001830,2026-06-12 11:12:48,ACC00114,ACC00276,8918.42,RTGS,transfer,0,,normal
TXN001831,2026-06-12 11:18:50,ACC00152,ACC00698,17675.38,UPI,transfer,0,,normal
TXN001832,2026-06-12 11:30:22,ACC00208,ACC00079,2467.42,NEFT,transfer,0,,normal
TXN001833,2026-06-12 11:30:59,ACC00539,ACC00636,49500.0,IMPS,transfer,1,STRUCT003,structuring
TXN001834,2026-06-12 11:31:36,ACC00454,ACC00229,1117.42,UPI,transfer,0,,normal
TXN001835,2026-06-12 11:38:07,ACC00122,ACC00316,4440.51,RTGS,transfer,0,,normal
TXN001836,2026-06-12 11:39:03,ACC00608,ACC00625,3068.01,RTGS,transfer,0,,normal
TXN001837,2026-06-12 11:59:43,ACC00376,ACC00597,9485.76,NEFT,transfer,0,,normal
TXN001838,2026-06-12 12:01:01,ACC00417,ACC00227,3683.94,IMPS,transfer,0,,normal
TXN001839,2026-06-12 12:02:39,ACC00316,ACC00301,49500.0,IMPS,transfer,1,STRUCT002,structuring
TXN001840,2026-06-12 12:20:41,ACC00534,ACC00242,3085.2,IMPS,transfer,0,,normal
TXN001841,2026-06-12 12:36:14,ACC00464,ACC00063,14595.42,IMPS,transfer,0,,normal
TXN001842,2026-06-12 12:50:29,ACC00287,ACC00181,7615.44,CASH_DEPOSIT,cash_deposit,0,,normal
TXN001843,2026-06-12 12:50:49,ACC00307,ACC00084,3003.44,UPI,transfer,0,,normal
TXN001844,2026-06-12 12:52:34,ACC00620,ACC00074,1987.01,UPI,transfer,0,,normal
TXN001845,2026-06-12 12:54:52,ACC00448,ACC00109,1677.43,CASH_DEPOSIT,cash_deposit,0,,normal
TXN001846,2026-06-12 12:58:06,ACC00316,ACC00353,49500.0,IMPS,transfer,1,STRUCT002,structuring
TXN001847,2026-06-12 13:02:50,ACC00316,ACC00492,49500.0,UPI,transfer,1,STRUCT002,structuring
TXN001848,2026-06-12 13:03:44,ACC00220,ACC00163,4241.93,NEFT,transfer,0,,normal
TXN001849,2026-06-12 13:23:46,ACC00116,ACC00056,3293.29,IMPS,transfer,0,,normal
TXN001850,2026-06-12 13:32:16,ACC00463,ACC00511,7003.15,RTGS,transfer,0,,normal
TXN001851,2026-06-12 13:45:26,ACC00410,ACC00275,3309.08,IMPS,transfer,0,,normal
TXN001852,2026-06-12 13:59:24,ACC00316,ACC00607,49500.0,IMPS,transfer,1,STRUCT002,structuring
TXN001853,2026-06-12 14:00:39,ACC00338,ACC00678,3236.6,RTGS,transfer,0,,normal
TXN001854,2026-06-12 14:05:03,ACC00181,ACC00657,2087.33,RTGS,transfer,0,,normal
TXN001855,2026-06-12 14:20:18,ACC00392,ACC00362,4368.37,IMPS,transfer,0,,normal
TXN001856,2026-06-12 14:23:42,ACC00369,ACC00490,3282.63,RTGS,transfer,0,,normal
TXN001857,2026-06-12 14:30:32,ACC00515,ACC00383,1063.77,NEFT,transfer,0,,normal
TXN001858,2026-06-12 14:53:01,ACC00647,ACC00009,2230.84,CASH_DEPOSIT,cash_deposit,0,,normal
TXN001859,2026-06-12 15:25:42,ACC00309,ACC00125,3690.53,UPI,transfer,0,,normal
TXN001860,2026-06-12 15:55:20,ACC00096,ACC00193,13787.72,CASH_DEPOSIT,cash_deposit,0,,normal
TXN001861,2026-06-12 16:25:24,ACC00473,ACC00654,23851.41,UPI,transfer,0,,normal
TXN001862,2026-06-12 16:36:45,ACC00340,ACC00080,6305.61,IMPS,transfer,0,,normal
TXN001863,2026-06-12 16:46:45,ACC00551,ACC00589,5456.3,RTGS,transfer,0,,normal
TXN001864,2026-06-12 16:56:25,ACC00539,ACC00224,49500.0,UPI,transfer,1,STRUCT003,structuring
TXN001865,2026-06-12 16:57:46,ACC00238,ACC00367,9607.63,NEFT,transfer,0,,normal
TXN001866,2026-06-12 16:59:10,ACC00030,ACC00527,10810.87,RTGS,transfer,0,,normal
TXN001867,2026-06-12 16:59:42,ACC00614,ACC00372,3605.51,RTGS,transfer,0,,normal
TXN001868,2026-06-12 17:05:51,ACC00539,ACC00273,39724.99,IMPS,transfer,1,STRUCT003,structuring
TXN001869,2026-06-12 17:23:04,ACC00064,ACC00027,4158.79,RTGS,transfer,0,,normal
TXN001870,2026-06-12 17:28:34,ACC00240,ACC00547,8113.0,RTGS,transfer,0,,normal
TXN001871,2026-06-12 17:28:44,ACC00207,ACC00623,2546.33,NEFT,transfer,0,,normal
TXN001872,2026-06-12 17:39:34,ACC00468,ACC00001,31411.39,NEFT,transfer,0,,normal
TXN001873,2026-06-12 17:45:17,ACC00624,ACC00298,3952.81,RTGS,transfer,0,,normal
TXN001874,2026-06-12 17:50:40,ACC00282,ACC00211,1500.43,CASH_DEPOSIT,cash_deposit,0,,normal
TXN001875,2026-06-12 17:54:16,ACC00218,ACC00028,6237.22,IMPS,transfer,0,,normal
TXN001876,2026-06-12 18:01:33,ACC00170,ACC00079,2094.92,RTGS,transfer,0,,normal
TXN001877,2026-06-12 18:06:16,ACC00316,ACC00065,49500.0,UPI,transfer,1,STRUCT002,structuring
TXN001878,2026-06-12 18:23:12,ACC00407,ACC00620,10921.58,IMPS,transfer,0,,normal
TXN001879,2026-06-12 18:27:14,ACC00688,ACC00246,2270.61,NEFT,transfer,0,,normal
TXN001880,2026-06-12 18:30:17,ACC00180,ACC00292,6405.5,RTGS,transfer,0,,normal
TXN001881,2026-06-12 18:37:26,ACC00539,ACC00486,49500.0,IMPS,transfer,1,STRUCT003,structuring
TXN001882,2026-06-12 18:42:43,ACC00316,ACC00357,49500.0,UPI,transfer,1,STRUCT002,structuring
TXN001883,2026-06-12 19:08:11,ACC00398,ACC00261,743.34,IMPS,transfer,0,,normal
TXN001884,2026-06-12 19:11:07,ACC00539,ACC00443,47537.32,IMPS,transfer,1,STRUCT003,structuring
TXN001885,2026-06-12 19:11:38,ACC00539,ACC00498,41926.27,IMPS,transfer,1,STRUCT003,structuring
TXN001886,2026-06-12 19:19:57,ACC00547,ACC00659,5152.18,NEFT,transfer,0,,normal
TXN001887,2026-06-12 19:35:57,ACC00333,ACC00625,31347.78,RTGS,transfer,0,,normal
TXN001888,2026-06-12 19:36:07,ACC00539,ACC00479,49118.3,UPI,transfer,1,STRUCT003,structuring
TXN001889,2026-06-12 19:44:05,ACC00425,ACC00412,1992.0,CASH_DEPOSIT,cash_deposit,0,,normal
TXN001890,2026-06-12 20:10:07,ACC00316,ACC00538,49500.0,IMPS,transfer,1,STRUCT002,structuring
TXN001891,2026-06-12 20:18:20,ACC00162,ACC00287,5307.28,NEFT,transfer,0,,normal
TXN001892,2026-06-12 20:40:08,ACC00408,ACC00333,9367.9,NEFT,transfer,0,,normal
TXN001893,2026-06-12 20:46:25,ACC00001,ACC00077,9232.57,NEFT,transfer,0,,normal
TXN001894,2026-06-12 20:55:40,ACC00418,ACC00185,5013.07,CASH_DEPOSIT,cash_deposit,0,,normal
TXN001895,2026-06-12 21:19:27,ACC00012,ACC00306,7084.81,UPI,transfer,0,,normal
TXN001896,2026-06-12 21:19:52,ACC00316,ACC00418,49500.0,IMPS,transfer,1,STRUCT002,structuring
TXN001897,2026-06-12 21:21:28,ACC00397,ACC00493,11466.85,RTGS,transfer,0,,normal
TXN001898,2026-06-12 21:25:15,ACC00437,ACC00035,319.57,UPI,transfer,0,,normal
TXN001899,2026-06-12 21:26:03,ACC00462,ACC00563,2984.42,CASH_DEPOSIT,cash_deposit,0,,normal
TXN001900,2026-06-12 21:43:34,ACC00126,ACC00402,381.49,CASH_DEPOSIT,cash_deposit,0,,normal
TXN001901,2026-06-12 21:45:58,ACC00310,ACC00567,1403.7,UPI,transfer,0,,normal
TXN001902,2026-06-12 21:49:16,ACC00316,ACC00036,49500.0,IMPS,transfer,1,STRUCT002,structuring
TXN001903,2026-06-12 21:52:16,ACC00285,ACC00420,1822.77,RTGS,transfer,0,,normal
TXN001904,2026-06-12 21:53:46,ACC00199,ACC00539,13329.68,UPI,transfer,0,,normal
TXN001905,2026-06-12 22:08:41,ACC00617,ACC00330,748.16,RTGS,transfer,0,,normal
TXN001906,2026-06-12 22:16:49,ACC00371,ACC00666,2122.1,IMPS,transfer,0,,normal
TXN001907,2026-06-12 22:19:33,ACC00129,ACC00375,8393.51,UPI,transfer,0,,normal
TXN001908,2026-06-12 22:48:17,ACC00239,ACC00229,4493.84,UPI,transfer,0,,normal
TXN001909,2026-06-12 23:05:29,ACC00539,ACC00140,49500.0,UPI,transfer,1,STRUCT003,structuring
TXN001910,2026-06-12 23:05:34,ACC00110,ACC00253,6927.53,NEFT,transfer,0,,normal
TXN001911,2026-06-12 23:07:30,ACC00468,ACC00203,1939.84,CASH_DEPOSIT,cash_deposit,0,,normal
TXN001912,2026-06-12 23:16:48,ACC00280,ACC00613,1292.02,NEFT,transfer,0,,normal
TXN001913,2026-06-12 23:18:33,ACC00316,ACC00200,49500.0,UPI,transfer,1,STRUCT002,structuring
TXN001914,2026-06-12 23:25:09,ACC00455,ACC00262,2761.36,CASH_DEPOSIT,cash_deposit,0,,normal
TXN001915,2026-06-12 23:40:21,ACC00039,ACC00011,3927.47,IMPS,transfer,0,,normal
TXN001916,2026-06-12 23:44:56,ACC00539,ACC00202,47625.07,IMPS,transfer,1,STRUCT003,structuring
TXN001917,2026-06-12 23:45:58,ACC00641,ACC00217,2702.2,IMPS,transfer,0,,normal
TXN001918,2026-06-12 23:52:38,ACC00375,ACC00423,724.51,UPI,transfer,0,,normal
TXN001919,2026-06-13 00:00:52,ACC00585,ACC00341,4336.84,RTGS,transfer,0,,normal
TXN001920,2026-06-13 00:02:22,ACC00539,ACC00648,48788.65,UPI,transfer,1,STRUCT003,structuring
TXN001921,2026-06-13 00:09:42,ACC00539,ACC00254,49500.0,UPI,transfer,1,STRUCT003,structuring
TXN001922,2026-06-13 00:12:31,ACC00360,ACC00429,10677.91,IMPS,transfer,0,,normal
TXN001923,2026-06-13 00:13:52,ACC00660,ACC00387,13012.74,UPI,transfer,0,,normal
TXN001924,2026-06-13 00:23:50,ACC00101,ACC00227,3015.62,IMPS,transfer,0,,normal
TXN001925,2026-06-13 00:34:31,ACC00316,ACC00691,49500.0,UPI,transfer,1,STRUCT002,structuring
TXN001926,2026-06-13 00:37:26,ACC00504,ACC00153,1315.59,RTGS,transfer,0,,normal
TXN001927,2026-06-13 00:45:25,ACC00444,ACC00146,5899.73,IMPS,transfer,0,,normal
TXN001928,2026-06-13 00:47:52,ACC00451,ACC00419,7672.57,RTGS,transfer,0,,normal
TXN001929,2026-06-13 00:48:33,ACC00380,ACC00241,5216.19,UPI,transfer,0,,normal
TXN001930,2026-06-13 00:49:16,ACC00047,ACC00006,4264.08,NEFT,transfer,0,,normal
TXN001931,2026-06-13 01:03:10,ACC00037,ACC00590,2836.17,UPI,transfer,0,,normal
TXN001932,2026-06-13 01:05:09,ACC00385,ACC00656,3519.89,UPI,transfer,0,,normal
TXN001933,2026-06-13 01:07:50,ACC00197,ACC00585,5726.05,CASH_DEPOSIT,cash_deposit,0,,normal
TXN001934,2026-06-13 01:11:24,ACC00539,ACC00547,39616.12,IMPS,transfer,1,STRUCT003,structuring
TXN001935,2026-06-13 01:22:21,ACC00021,ACC00671,7075.64,CASH_DEPOSIT,cash_deposit,0,,normal
TXN001936,2026-06-13 01:23:04,ACC00316,ACC00206,49500.0,IMPS,transfer,1,STRUCT002,structuring
TXN001937,2026-06-13 01:25:49,ACC00243,ACC00299,1190.84,RTGS,transfer,0,,normal
TXN001938,2026-06-13 01:28:02,ACC00296,ACC00700,4618.67,RTGS,transfer,0,,normal
TXN001939,2026-06-13 01:29:10,ACC00539,ACC00039,45996.61,UPI,transfer,1,STRUCT003,structuring
TXN001940,2026-06-13 01:30:01,ACC00295,ACC00276,3558.36,UPI,transfer,0,,normal
TXN001941,2026-06-13 01:30:40,ACC00559,ACC00379,2840.24,IMPS,transfer,0,,normal
TXN001942,2026-06-13 01:36:09,ACC00360,ACC00559,3870.17,NEFT,transfer,0,,normal
TXN001943,2026-06-13 01:45:07,ACC00249,ACC00332,1665.88,UPI,transfer,0,,normal
TXN001944,2026-06-13 01:46:24,ACC00316,ACC00005,49500.0,UPI,transfer,1,STRUCT002,structuring
TXN001945,2026-06-13 01:49:01,ACC00558,ACC00482,5692.88,RTGS,transfer,0,,normal
TXN001946,2026-06-13 01:49:13,ACC00663,ACC00307,14019.59,NEFT,transfer,0,,normal
TXN001947,2026-06-13 01:53:27,ACC00614,ACC00095,16536.8,NEFT,transfer,0,,normal
TXN001948,2026-06-13 01:57:23,ACC00289,ACC00026,115.24,RTGS,transfer,0,,normal
TXN001949,2026-06-13 01:59:30,ACC00284,ACC00349,13485.14,IMPS,transfer,0,,normal
TXN001950,2026-06-13 02:06:17,ACC00230,ACC00330,7039.15,NEFT,transfer,0,,normal
TXN001951,2026-06-13 02:08:12,ACC00576,ACC00643,1559.54,IMPS,transfer,0,,normal
TXN001952,2026-06-13 02:09:46,ACC00539,ACC00405,45528.93,IMPS,transfer,1,STRUCT003,structuring
TXN001953,2026-06-13 02:17:11,ACC00007,ACC00318,4292.8,RTGS,transfer,0,,normal
TXN001954,2026-06-13 02:20:52,ACC00433,ACC00221,6012.93,IMPS,transfer,0,,normal
TXN001955,2026-06-13 02:31:03,ACC00069,ACC00613,4312.47,IMPS,transfer,0,,normal
TXN001956,2026-06-13 02:49:15,ACC00346,ACC00605,9284.07,CASH_DEPOSIT,cash_deposit,0,,normal
TXN001957,2026-06-13 02:52:42,ACC00271,ACC00376,3928.74,CASH_DEPOSIT,cash_deposit,0,,normal
TXN001958,2026-06-13 03:01:34,ACC00644,ACC00610,6431.7,CASH_DEPOSIT,cash_deposit,0,,normal
TXN001959,2026-06-13 03:05:21,ACC00076,ACC00063,11410.97,UPI,transfer,0,,normal
TXN001960,2026-06-13 03:21:28,ACC00571,ACC00014,12995.95,RTGS,transfer,0,,normal
TXN001961,2026-06-13 03:23:30,ACC00662,ACC00165,9250.93,RTGS,transfer,0,,normal
TXN001962,2026-06-13 03:28:37,ACC00384,ACC00195,6857.81,UPI,transfer,0,,normal
TXN001963,2026-06-13 03:28:41,ACC00142,ACC00447,1375.09,CASH_DEPOSIT,cash_deposit,0,,normal
TXN001964,2026-06-13 03:34:08,ACC00596,ACC00242,1055.79,NEFT,transfer,0,,normal
TXN001965,2026-06-13 03:40:49,ACC00092,ACC00498,5277.04,CASH_DEPOSIT,cash_deposit,0,,normal
TXN001966,2026-06-13 03:49:16,ACC00674,ACC00342,3129.31,UPI,transfer,0,,normal
TXN001967,2026-06-13 03:57:28,ACC00316,ACC00658,49500.0,IMPS,transfer,1,STRUCT002,structuring
TXN001968,2026-06-13 04:10:56,ACC00265,ACC00283,1065.8,IMPS,transfer,0,,normal
TXN001969,2026-06-13 04:14:32,ACC00399,ACC00625,3952.29,NEFT,transfer,0,,normal
TXN001970,2026-06-13 04:25:06,ACC00458,ACC00012,2147.63,UPI,transfer,0,,normal
TXN001971,2026-06-13 04:34:07,ACC00671,ACC00213,805.91,IMPS,transfer,0,,normal
TXN001972,2026-06-13 04:43:01,ACC00062,ACC00382,12410.6,UPI,transfer,0,,normal
TXN001973,2026-06-13 04:50:41,ACC00687,ACC00369,12495.1,CASH_DEPOSIT,cash_deposit,0,,normal
TXN001974,2026-06-13 04:59:57,ACC00463,ACC00317,2625.48,NEFT,transfer,0,,normal
TXN001975,2026-06-13 05:02:06,ACC00261,ACC00463,6710.07,UPI,transfer,0,,normal
TXN001976,2026-06-13 05:03:06,ACC00457,ACC00012,1761.87,IMPS,transfer,0,,normal
TXN001977,2026-06-13 05:07:38,ACC00562,ACC00409,1154.39,RTGS,transfer,0,,normal
TXN001978,2026-06-13 05:21:01,ACC00316,ACC00621,49500.0,UPI,transfer,1,STRUCT002,structuring
TXN001979,2026-06-13 05:22:54,ACC00276,ACC00309,2051.7,IMPS,transfer,0,,normal
TXN001980,2026-06-13 05:30:11,ACC00220,ACC00295,1254.35,CASH_DEPOSIT,cash_deposit,0,,normal
TXN001981,2026-06-13 05:42:53,ACC00003,ACC00377,3314.55,IMPS,transfer,0,,normal
TXN001982,2026-06-13 05:47:44,ACC00539,ACC00404,43959.72,UPI,transfer,1,STRUCT003,structuring
TXN001983,2026-06-13 06:01:25,ACC00547,ACC00029,2288.58,CASH_DEPOSIT,cash_deposit,0,,normal
TXN001984,2026-06-13 06:09:08,ACC00388,ACC00226,4272.59,IMPS,transfer,0,,normal
TXN001985,2026-06-13 06:14:21,ACC00539,ACC00665,48602.95,UPI,transfer,1,STRUCT003,structuring
TXN001986,2026-06-13 06:21:11,ACC00456,ACC00316,5586.88,RTGS,transfer,0,,normal
TXN001987,2026-06-13 06:27:06,ACC00029,ACC00077,2125.05,IMPS,transfer,0,,normal
TXN001988,2026-06-13 06:39:13,ACC00316,ACC00350,49500.0,IMPS,transfer,1,STRUCT002,structuring
TXN001989,2026-06-13 06:49:10,ACC00478,ACC00126,12177.29,UPI,transfer,0,,normal
TXN001990,2026-06-13 06:53:31,ACC00316,ACC00389,49500.0,IMPS,transfer,1,STRUCT002,structuring
TXN001991,2026-06-13 07:02:40,ACC00303,ACC00151,4288.92,IMPS,transfer,0,,normal
TXN001992,2026-06-13 07:04:29,ACC00346,ACC00191,3594.49,RTGS,transfer,0,,normal
TXN001993,2026-06-13 07:09:09,ACC00316,ACC00487,49500.0,UPI,transfer,1,STRUCT002,structuring
TXN001994,2026-06-13 07:12:18,ACC00096,ACC00266,6398.32,IMPS,transfer,0,,normal
TXN001995,2026-06-13 07:13:41,ACC00207,ACC00164,2545.79,NEFT,transfer,0,,normal
TXN001996,2026-06-13 07:18:01,ACC00323,ACC00033,15290.67,IMPS,transfer,0,,normal
TXN001997,2026-06-13 07:27:15,ACC00510,ACC00325,2603.45,RTGS,transfer,0,,normal
TXN001998,2026-06-13 07:31:15,ACC00457,ACC00046,4845.03,IMPS,transfer,0,,normal
TXN001999,2026-06-13 07:31:22,ACC00539,ACC00463,39946.04,UPI,transfer,1,STRUCT003,structuring
TXN002000,2026-06-13 08:09:31,ACC00447,ACC00401,5631.51,UPI,transfer,0,,normal
TXN002001,2026-06-13 08:10:33,ACC00168,ACC00366,11730.98,UPI,transfer,0,,normal
TXN002002,2026-06-13 08:42:37,ACC00675,ACC00539,6549.05,CASH_DEPOSIT,cash_deposit,0,,normal
TXN002003,2026-06-13 08:56:28,ACC00414,ACC00124,9436.62,IMPS,transfer,0,,normal
TXN002004,2026-06-13 09:04:57,ACC00509,ACC00083,8512.95,IMPS,transfer,0,,normal
TXN002005,2026-06-13 09:05:03,ACC00389,ACC00321,1270.88,IMPS,transfer,0,,normal
TXN002006,2026-06-13 09:13:58,ACC00160,ACC00643,4268.79,NEFT,transfer,0,,normal
TXN002007,2026-06-13 09:37:37,ACC00316,ACC00514,49500.0,IMPS,transfer,1,STRUCT002,structuring
TXN002008,2026-06-13 09:37:52,ACC00411,ACC00622,4266.59,IMPS,transfer,0,,normal
TXN002009,2026-06-13 09:39:17,ACC00515,ACC00470,341.16,IMPS,transfer,0,,normal
TXN002010,2026-06-13 09:53:21,ACC00150,ACC00232,2396.77,IMPS,transfer,0,,normal
TXN002011,2026-06-13 09:56:53,ACC00508,ACC00149,1815.79,RTGS,transfer,0,,normal
TXN002012,2026-06-13 10:03:44,ACC00501,ACC00508,8940.94,NEFT,transfer,0,,normal
TXN002013,2026-06-13 10:18:53,ACC00235,ACC00121,982.84,CASH_DEPOSIT,cash_deposit,0,,normal
TXN002014,2026-06-13 10:37:04,ACC00316,ACC00550,49500.0,UPI,transfer,1,STRUCT002,structuring
TXN002015,2026-06-13 11:00:35,ACC00100,ACC00038,6132.83,RTGS,transfer,0,,normal
TXN002016,2026-06-13 11:01:56,ACC00597,ACC00601,2382.7,UPI,transfer,0,,normal
TXN002017,2026-06-13 11:10:26,ACC00106,ACC00657,1337.97,CASH_DEPOSIT,cash_deposit,0,,normal
TXN002018,2026-06-13 11:17:21,ACC00263,ACC00310,896.72,CASH_DEPOSIT,cash_deposit,0,,normal
TXN002019,2026-06-13 11:19:01,ACC00316,ACC00565,49500.0,UPI,transfer,1,STRUCT002,structuring
TXN002020,2026-06-13 11:26:12,ACC00242,ACC00514,20081.61,NEFT,transfer,0,,normal
TXN002021,2026-06-13 11:55:47,ACC00125,ACC00206,1484.0,NEFT,transfer,0,,normal
TXN002022,2026-06-13 12:08:07,ACC00542,ACC00006,4758.63,IMPS,transfer,0,,normal
TXN002023,2026-06-13 12:10:34,ACC00081,ACC00248,670.22,UPI,transfer,0,,normal
TXN002024,2026-06-13 12:14:09,ACC00613,ACC00080,4138.71,CASH_DEPOSIT,cash_deposit,0,,normal
TXN002025,2026-06-13 12:26:35,ACC00173,ACC00225,6189.91,NEFT,transfer,0,,normal
TXN002026,2026-06-13 12:28:29,ACC00232,ACC00238,2629.46,RTGS,transfer,0,,normal
TXN002027,2026-06-13 12:41:05,ACC00376,ACC00027,1655.35,RTGS,transfer,0,,normal
TXN002028,2026-06-13 12:45:59,ACC00421,ACC00327,2777.36,UPI,transfer,0,,normal
TXN002029,2026-06-13 12:50:16,ACC00697,ACC00434,3208.83,NEFT,transfer,0,,normal
TXN002030,2026-06-13 12:58:20,ACC00637,ACC00685,2122.1,CASH_DEPOSIT,cash_deposit,0,,normal
TXN002031,2026-06-13 12:58:56,ACC00353,ACC00421,18699.57,CASH_DEPOSIT,cash_deposit,0,,normal
TXN002032,2026-06-13 13:05:30,ACC00471,ACC00205,6332.5,CASH_DEPOSIT,cash_deposit,0,,normal
TXN002033,2026-06-13 13:24:29,ACC00022,ACC00684,5064.81,IMPS,transfer,0,,normal
TXN002034,2026-06-13 13:34:54,ACC00003,ACC00597,1106.23,UPI,transfer,0,,normal
TXN002035,2026-06-13 13:39:25,ACC00603,ACC00381,2024.95,UPI,transfer,0,,normal
TXN002036,2026-06-13 13:44:06,ACC00539,ACC00597,44759.4,IMPS,transfer,1,STRUCT003,structuring
TXN002037,2026-06-13 13:45:16,ACC00188,ACC00197,19573.58,RTGS,transfer,0,,normal
TXN002038,2026-06-13 13:47:40,ACC00180,ACC00545,7056.77,UPI,transfer,0,,normal
TXN002039,2026-06-13 14:25:11,ACC00476,ACC00611,2299.51,IMPS,transfer,0,,normal
TXN002040,2026-06-13 14:35:16,ACC00226,ACC00653,1874.99,RTGS,transfer,0,,normal
TXN002041,2026-06-13 14:37:07,ACC00071,ACC00242,1286.73,CASH_DEPOSIT,cash_deposit,0,,normal
TXN002042,2026-06-13 14:39:15,ACC00122,ACC00004,2808.15,UPI,transfer,0,,normal
TXN002043,2026-06-13 14:44:20,ACC00489,ACC00400,2876.75,RTGS,transfer,0,,normal
TXN002044,2026-06-13 14:48:07,ACC00316,ACC00567,49500.0,IMPS,transfer,1,STRUCT002,structuring
TXN002045,2026-06-13 14:51:29,ACC00236,ACC00259,1497.02,RTGS,transfer,0,,normal
TXN002046,2026-06-13 15:05:49,ACC00663,ACC00153,1712.1,RTGS,transfer,0,,normal
TXN002047,2026-06-13 15:32:41,ACC00316,ACC00436,49500.0,IMPS,transfer,1,STRUCT002,structuring
TXN002048,2026-06-13 15:38:41,ACC00068,ACC00153,3317.32,RTGS,transfer,0,,normal
TXN002049,2026-06-13 15:53:04,ACC00316,ACC00432,49500.0,UPI,transfer,1,STRUCT002,structuring
TXN002050,2026-06-13 15:55:51,ACC00603,ACC00501,14507.99,CASH_DEPOSIT,cash_deposit,0,,normal
TXN002051,2026-06-13 15:59:45,ACC00496,ACC00116,2295.86,UPI,transfer,0,,normal
TXN002052,2026-06-13 16:15:58,ACC00695,ACC00292,4808.51,UPI,transfer,0,,normal
TXN002053,2026-06-13 16:31:31,ACC00071,ACC00218,932.2,CASH_DEPOSIT,cash_deposit,0,,normal
TXN002054,2026-06-13 16:51:59,ACC00519,ACC00461,11678.29,UPI,transfer,0,,normal
TXN002055,2026-06-13 16:56:49,ACC00082,ACC00454,890.55,UPI,transfer,0,,normal
TXN002056,2026-06-13 17:06:07,ACC00316,ACC00522,49500.0,IMPS,transfer,1,STRUCT002,structuring
TXN002057,2026-06-13 17:11:08,ACC00316,ACC00218,49500.0,IMPS,transfer,1,STRUCT002,structuring
TXN002058,2026-06-13 17:50:44,ACC00004,ACC00029,1647.0,CASH_DEPOSIT,cash_deposit,0,,normal
TXN002059,2026-06-13 18:07:40,ACC00445,ACC00677,2054.96,RTGS,transfer,0,,normal
TXN002060,2026-06-13 18:12:17,ACC00526,ACC00161,6682.35,IMPS,transfer,0,,normal
TXN002061,2026-06-13 18:13:29,ACC00316,ACC00602,49500.0,IMPS,transfer,1,STRUCT002,structuring
TXN002062,2026-06-13 18:18:42,ACC00207,ACC00552,8150.38,NEFT,transfer,0,,normal
TXN002063,2026-06-13 18:25:11,ACC00397,ACC00084,3717.45,IMPS,transfer,0,,normal
TXN002064,2026-06-13 18:38:08,ACC00003,ACC00158,513.19,RTGS,transfer,0,,normal
TXN002065,2026-06-13 18:46:38,ACC00438,ACC00159,2951.63,IMPS,transfer,0,,normal
TXN002066,2026-06-13 18:59:02,ACC00411,ACC00176,2978.14,NEFT,transfer,0,,normal
TXN002067,2026-06-13 19:01:06,ACC00338,ACC00439,6615.63,UPI,transfer,0,,normal
TXN002068,2026-06-13 19:37:51,ACC00207,ACC00018,836.7,RTGS,transfer,0,,normal
TXN002069,2026-06-13 19:39:32,ACC00316,ACC00422,49500.0,IMPS,transfer,1,STRUCT002,structuring
TXN002070,2026-06-13 19:49:54,ACC00301,ACC00318,3427.18,CASH_DEPOSIT,cash_deposit,0,,normal
TXN002071,2026-06-13 19:53:43,ACC00105,ACC00289,18517.6,UPI,transfer,0,,normal
TXN002072,2026-06-13 20:03:04,ACC00538,ACC00612,3595.89,IMPS,transfer,0,,normal
TXN002073,2026-06-13 20:05:10,ACC00366,ACC00558,3409.1,RTGS,transfer,0,,normal
TXN002074,2026-06-13 20:16:13,ACC00164,ACC00432,5490.2,UPI,transfer,0,,normal
TXN002075,2026-06-13 20:48:39,ACC00442,ACC00283,1628.85,RTGS,transfer,0,,normal
TXN002076,2026-06-13 21:00:09,ACC00422,ACC00696,1699.61,NEFT,transfer,0,,normal
TXN002077,2026-06-13 21:05:51,ACC00603,ACC00349,2572.41,RTGS,transfer,0,,normal
TXN002078,2026-06-13 21:23:39,ACC00081,ACC00282,3476.87,CASH_DEPOSIT,cash_deposit,0,,normal
TXN002079,2026-06-13 21:29:15,ACC00455,ACC00639,7360.07,RTGS,transfer,0,,normal
TXN002080,2026-06-13 21:41:37,ACC00673,ACC00531,1565.35,CASH_DEPOSIT,cash_deposit,0,,normal
TXN002081,2026-06-13 21:43:11,ACC00265,ACC00161,3568.17,UPI,transfer,0,,normal
TXN002082,2026-06-13 21:44:37,ACC00300,ACC00034,3976.91,IMPS,transfer,0,,normal
TXN002083,2026-06-13 21:45:59,ACC00020,ACC00247,1291.93,NEFT,transfer,0,,normal
TXN002084,2026-06-13 21:58:24,ACC00192,ACC00509,575.18,UPI,transfer,0,,normal
TXN002085,2026-06-13 22:17:32,ACC00010,ACC00063,885.55,CASH_DEPOSIT,cash_deposit,0,,normal
TXN002086,2026-06-13 22:20:41,ACC00022,ACC00063,13008.48,CASH_DEPOSIT,cash_deposit,0,,normal
TXN002087,2026-06-13 22:24:59,ACC00155,ACC00607,3635.34,RTGS,transfer,0,,normal
TXN002088,2026-06-13 22:36:27,ACC00612,ACC00629,4919.17,NEFT,transfer,0,,normal
TXN002089,2026-06-13 22:44:34,ACC00230,ACC00477,9195.75,RTGS,transfer,0,,normal
TXN002090,2026-06-13 22:54:41,ACC00458,ACC00309,2517.38,RTGS,transfer,0,,normal
TXN002091,2026-06-13 23:02:40,ACC00285,ACC00137,1963.23,IMPS,transfer,0,,normal
TXN002092,2026-06-13 23:14:47,ACC00166,ACC00070,7824.94,UPI,transfer,0,,normal
TXN002093,2026-06-13 23:34:28,ACC00164,ACC00577,8699.45,IMPS,transfer,0,,normal
TXN002094,2026-06-13 23:54:07,ACC00145,ACC00291,5193.29,UPI,transfer,0,,normal
TXN002095,2026-06-14 00:12:35,ACC00558,ACC00184,1934.07,NEFT,transfer,0,,normal
TXN002096,2026-06-14 00:16:57,ACC00443,ACC00417,8654.1,RTGS,transfer,0,,normal
TXN002097,2026-06-14 00:31:47,ACC00357,ACC00235,10955.03,NEFT,transfer,0,,normal
TXN002098,2026-06-14 00:41:58,ACC00640,ACC00284,2007.43,IMPS,transfer,0,,normal
TXN002099,2026-06-14 00:42:29,ACC00043,ACC00072,1193.2,NEFT,transfer,0,,normal
TXN002100,2026-06-14 00:58:19,ACC00216,ACC00547,2461.13,UPI,transfer,0,,normal
TXN002101,2026-06-14 01:10:53,ACC00580,ACC00415,7243.01,CASH_DEPOSIT,cash_deposit,0,,normal
TXN002102,2026-06-14 01:19:57,ACC00224,ACC00588,29379.04,IMPS,transfer,0,,normal
TXN002103,2026-06-14 01:25:47,ACC00030,ACC00185,500.19,NEFT,transfer,0,,normal
TXN002104,2026-06-14 01:27:54,ACC00398,ACC00677,260.73,NEFT,transfer,0,,normal
TXN002105,2026-06-14 01:40:43,ACC00005,ACC00463,16153.09,IMPS,transfer,0,,normal
TXN002106,2026-06-14 01:48:18,ACC00449,ACC00696,4565.05,IMPS,transfer,0,,normal
TXN002107,2026-06-14 01:57:08,ACC00005,ACC00069,1875.58,RTGS,transfer,0,,normal
TXN002108,2026-06-14 01:59:09,ACC00065,ACC00124,3664.55,IMPS,transfer,0,,normal
TXN002109,2026-06-14 02:15:47,ACC00535,ACC00131,1393.13,CASH_DEPOSIT,cash_deposit,0,,normal
TXN002110,2026-06-14 02:20:53,ACC00669,ACC00172,3288.4,IMPS,transfer,0,,normal
TXN002111,2026-06-14 02:27:57,ACC00698,ACC00408,958.45,CASH_DEPOSIT,cash_deposit,0,,normal
TXN002112,2026-06-14 02:43:18,ACC00523,ACC00448,5978.44,UPI,transfer,0,,normal
TXN002113,2026-06-14 03:00:19,ACC00492,ACC00297,4543.6,CASH_DEPOSIT,cash_deposit,0,,normal
TXN002114,2026-06-14 03:02:18,ACC00284,ACC00188,405541.06,IMPS,transfer,1,LAYER009,cyclic_layering
TXN002115,2026-06-14 03:09:21,ACC00197,ACC00526,11051.84,UPI,transfer,0,,normal
TXN002116,2026-06-14 03:28:57,ACC00141,ACC00262,5494.77,RTGS,transfer,0,,normal
TXN002117,2026-06-14 03:30:32,ACC00335,ACC00268,1520.44,NEFT,transfer,0,,normal
TXN002118,2026-06-14 03:32:03,ACC00533,ACC00699,758.62,IMPS,transfer,0,,normal
TXN002119,2026-06-14 03:34:16,ACC00223,ACC00116,2546.81,CASH_DEPOSIT,cash_deposit,0,,normal
TXN002120,2026-06-14 03:36:52,ACC00158,ACC00628,6080.15,NEFT,transfer,0,,normal
TXN002121,2026-06-14 04:13:10,ACC00317,ACC00457,10536.25,IMPS,transfer,0,,normal
TXN002122,2026-06-14 04:46:16,ACC00483,ACC00386,7957.7,RTGS,transfer,0,,normal
TXN002123,2026-06-14 04:48:42,ACC00113,ACC00340,6084.13,NEFT,transfer,0,,normal
TXN002124,2026-06-14 05:02:41,ACC00436,ACC00155,5937.55,RTGS,transfer,0,,normal
TXN002125,2026-06-14 05:07:43,ACC00293,ACC00484,24056.14,RTGS,transfer,0,,normal
TXN002126,2026-06-14 05:09:09,ACC00265,ACC00093,7213.73,IMPS,transfer,0,,normal
TXN002127,2026-06-14 05:18:10,ACC00332,ACC00480,1045.88,CASH_DEPOSIT,cash_deposit,0,,normal
TXN002128,2026-06-14 05:46:52,ACC00029,ACC00246,5612.04,UPI,transfer,0,,normal
TXN002129,2026-06-14 05:58:09,ACC00469,ACC00038,2706.73,IMPS,transfer,0,,normal
TXN002130,2026-06-14 06:01:13,ACC00313,ACC00130,4972.52,IMPS,transfer,0,,normal
TXN002131,2026-06-14 06:03:50,ACC00382,ACC00078,6503.76,NEFT,transfer,0,,normal
TXN002132,2026-06-14 06:18:06,ACC00661,ACC00373,9195.89,NEFT,transfer,0,,normal
TXN002133,2026-06-14 06:41:14,ACC00303,ACC00692,1640.29,UPI,transfer,0,,normal
TXN002134,2026-06-14 06:44:47,ACC00093,ACC00674,3534.32,IMPS,transfer,0,,normal
TXN002135,2026-06-14 06:49:52,ACC00238,ACC00051,948.96,CASH_DEPOSIT,cash_deposit,0,,normal
TXN002136,2026-06-14 07:01:29,ACC00485,ACC00474,1693.44,IMPS,transfer,0,,normal
TXN002137,2026-06-14 07:06:17,ACC00552,ACC00082,3752.48,CASH_DEPOSIT,cash_deposit,0,,normal
TXN002138,2026-06-14 07:07:17,ACC00665,ACC00040,2692.83,RTGS,transfer,0,,normal
TXN002139,2026-06-14 07:14:12,ACC00669,ACC00377,19549.71,IMPS,transfer,0,,normal
TXN002140,2026-06-14 07:15:37,ACC00012,ACC00034,3348.99,IMPS,transfer,0,,normal
TXN002141,2026-06-14 07:19:30,ACC00396,ACC00304,3278.32,NEFT,transfer,0,,normal
TXN002142,2026-06-14 07:29:09,ACC00204,ACC00667,2439.5,CASH_DEPOSIT,cash_deposit,0,,normal
TXN002143,2026-06-14 07:32:18,ACC00136,ACC00016,1248.79,NEFT,transfer,0,,normal
TXN002144,2026-06-14 07:35:13,ACC00404,ACC00247,1877.21,UPI,transfer,0,,normal
TXN002145,2026-06-14 07:43:48,ACC00185,ACC00559,6318.4,NEFT,transfer,0,,normal
TXN002146,2026-06-14 08:00:26,ACC00175,ACC00210,5180.44,NEFT,transfer,0,,normal
TXN002147,2026-06-14 08:02:25,ACC00630,ACC00446,3514.4,UPI,transfer,0,,normal
TXN002148,2026-06-14 08:03:43,ACC00517,ACC00662,5469.05,IMPS,transfer,0,,normal
TXN002149,2026-06-14 08:04:14,ACC00203,ACC00136,4367.96,RTGS,transfer,0,,normal
TXN002150,2026-06-14 08:06:55,ACC00609,ACC00482,1371.09,NEFT,transfer,0,,normal
TXN002151,2026-06-14 08:10:32,ACC00241,ACC00567,12079.88,IMPS,transfer,0,,normal
TXN002152,2026-06-14 08:19:35,ACC00656,ACC00104,2599.1,RTGS,transfer,0,,normal
TXN002153,2026-06-14 08:23:49,ACC00632,ACC00007,25115.55,RTGS,transfer,0,,normal
TXN002154,2026-06-14 08:33:08,ACC00073,ACC00167,3321.29,NEFT,transfer,0,,normal
TXN002155,2026-06-14 08:35:31,ACC00354,ACC00150,6416.17,UPI,transfer,0,,normal
TXN002156,2026-06-14 08:42:34,ACC00119,ACC00395,1424.65,NEFT,transfer,0,,normal
TXN002157,2026-06-14 08:52:19,ACC00684,ACC00139,2151.76,CASH_DEPOSIT,cash_deposit,0,,normal
TXN002158,2026-06-14 09:09:41,ACC00309,ACC00573,715.18,NEFT,transfer,0,,normal
TXN002159,2026-06-14 09:11:20,ACC00063,ACC00408,4687.12,RTGS,transfer,0,,normal
TXN002160,2026-06-14 09:22:36,ACC00202,ACC00010,2556.05,IMPS,transfer,0,,normal
TXN002161,2026-06-14 09:27:48,ACC00167,ACC00041,3572.0,UPI,transfer,0,,normal
TXN002162,2026-06-14 09:35:05,ACC00334,ACC00386,3076.06,NEFT,transfer,0,,normal
TXN002163,2026-06-14 09:44:58,ACC00066,ACC00047,1117.73,CASH_DEPOSIT,cash_deposit,0,,normal
TXN002164,2026-06-14 09:52:19,ACC00174,ACC00674,1763.01,IMPS,transfer,0,,normal
TXN002165,2026-06-14 10:00:52,ACC00212,ACC00469,864.49,NEFT,transfer,0,,normal
TXN002166,2026-06-14 10:07:13,ACC00470,ACC00537,5209.52,NEFT,transfer,0,,normal
TXN002167,2026-06-14 10:21:09,ACC00458,ACC00333,4519.63,UPI,transfer,0,,normal
TXN002168,2026-06-14 10:23:22,ACC00056,ACC00324,3256.79,RTGS,transfer,0,,normal
TXN002169,2026-06-14 10:35:18,ACC00671,ACC00181,1517.03,RTGS,transfer,0,,normal
TXN002170,2026-06-14 10:41:30,ACC00553,ACC00489,3737.87,UPI,transfer,0,,normal
TXN002171,2026-06-14 10:42:48,ACC00218,ACC00676,131.69,CASH_DEPOSIT,cash_deposit,0,,normal
TXN002172,2026-06-14 10:51:32,ACC00196,ACC00273,1356.1,IMPS,transfer,0,,normal
TXN002173,2026-06-14 10:59:35,ACC00166,ACC00689,2252.42,CASH_DEPOSIT,cash_deposit,0,,normal
TXN002174,2026-06-14 11:07:26,ACC00325,ACC00629,1482.38,NEFT,transfer,0,,normal
TXN002175,2026-06-14 11:17:16,ACC00591,ACC00022,17105.18,CASH_DEPOSIT,cash_deposit,0,,normal
TXN002176,2026-06-14 11:26:06,ACC00351,ACC00346,1318.47,CASH_DEPOSIT,cash_deposit,0,,normal
TXN002177,2026-06-14 11:26:42,ACC00192,ACC00282,2153.31,UPI,transfer,0,,normal
TXN002178,2026-06-14 11:27:40,ACC00020,ACC00116,7134.52,CASH_DEPOSIT,cash_deposit,0,,normal
TXN002179,2026-06-14 11:29:40,ACC00677,ACC00289,1798.34,RTGS,transfer,0,,normal
TXN002180,2026-06-14 11:30:58,ACC00594,ACC00428,1584.43,IMPS,transfer,0,,normal
TXN002181,2026-06-14 11:32:43,ACC00124,ACC00514,5926.5,RTGS,transfer,0,,normal
TXN002182,2026-06-14 11:42:58,ACC00360,ACC00205,2238.72,RTGS,transfer,0,,normal
TXN002183,2026-06-14 12:01:03,ACC00198,ACC00167,11260.62,IMPS,transfer,0,,normal
TXN002184,2026-06-14 12:01:47,ACC00537,ACC00517,5369.38,RTGS,transfer,0,,normal
TXN002185,2026-06-14 12:11:17,ACC00613,ACC00499,5911.13,RTGS,transfer,0,,normal
TXN002186,2026-06-14 12:11:28,ACC00213,ACC00308,4267.72,RTGS,transfer,0,,normal
TXN002187,2026-06-14 12:14:54,ACC00430,ACC00637,2817.74,NEFT,transfer,0,,normal
TXN002188,2026-06-14 12:15:51,ACC00182,ACC00410,6053.3,NEFT,transfer,0,,normal
TXN002189,2026-06-14 12:25:00,ACC00017,ACC00032,4855.99,UPI,transfer,0,,normal
TXN002190,2026-06-14 12:28:50,ACC00052,ACC00582,10370.3,RTGS,transfer,0,,normal
TXN002191,2026-06-14 12:36:20,ACC00384,ACC00191,1491.63,CASH_DEPOSIT,cash_deposit,0,,normal
TXN002192,2026-06-14 12:37:52,ACC00659,ACC00112,2136.63,UPI,transfer,0,,normal
TXN002193,2026-06-14 12:53:03,ACC00008,ACC00508,600.9,UPI,transfer,0,,normal
TXN002194,2026-06-14 13:11:44,ACC00654,ACC00412,1833.21,NEFT,transfer,0,,normal
TXN002195,2026-06-14 13:14:17,ACC00661,ACC00445,4371.72,NEFT,transfer,0,,normal
TXN002196,2026-06-14 13:18:16,ACC00379,ACC00586,561.14,UPI,transfer,0,,normal
TXN002197,2026-06-14 13:20:46,ACC00609,ACC00623,8910.39,RTGS,transfer,0,,normal
TXN002198,2026-06-14 13:40:30,ACC00175,ACC00062,3245.78,CASH_DEPOSIT,cash_deposit,0,,normal
TXN002199,2026-06-14 13:41:13,ACC00455,ACC00626,1362.75,RTGS,transfer,0,,normal
TXN002200,2026-06-14 13:46:04,ACC00322,ACC00629,3507.98,CASH_DEPOSIT,cash_deposit,0,,normal
TXN002201,2026-06-14 13:50:00,ACC00333,ACC00058,5375.81,IMPS,transfer,0,,normal
TXN002202,2026-06-14 13:52:51,ACC00384,ACC00169,9559.47,IMPS,transfer,0,,normal
TXN002203,2026-06-14 14:00:14,ACC00227,ACC00424,2726.79,CASH_DEPOSIT,cash_deposit,0,,normal
TXN002204,2026-06-14 14:07:59,ACC00359,ACC00307,4530.53,CASH_DEPOSIT,cash_deposit,0,,normal
TXN002205,2026-06-14 14:09:01,ACC00076,ACC00035,2690.2,UPI,transfer,0,,normal
TXN002206,2026-06-14 14:09:45,ACC00103,ACC00093,1677.49,RTGS,transfer,0,,normal
TXN002207,2026-06-14 14:10:58,ACC00529,ACC00128,6232.33,NEFT,transfer,0,,normal
TXN002208,2026-06-14 14:18:42,ACC00020,ACC00158,7326.39,NEFT,transfer,0,,normal
TXN002209,2026-06-14 14:26:19,ACC00111,ACC00015,4092.86,IMPS,transfer,0,,normal
TXN002210,2026-06-14 14:36:36,ACC00439,ACC00403,2572.15,IMPS,transfer,0,,normal
TXN002211,2026-06-14 14:54:10,ACC00213,ACC00040,6792.22,RTGS,transfer,0,,normal
TXN002212,2026-06-14 14:58:46,ACC00211,ACC00239,3654.84,RTGS,transfer,0,,normal
TXN002213,2026-06-14 15:00:32,ACC00081,ACC00182,3566.2,UPI,transfer,0,,normal
TXN002214,2026-06-14 15:03:53,ACC00357,ACC00198,327.96,RTGS,transfer,0,,normal
TXN002215,2026-06-14 15:08:01,ACC00379,ACC00209,554.87,RTGS,transfer,0,,normal
TXN002216,2026-06-14 15:18:50,ACC00206,ACC00177,13000.83,IMPS,transfer,0,,normal
TXN002217,2026-06-14 15:18:52,ACC00005,ACC00473,1625.06,RTGS,transfer,0,,normal
TXN002218,2026-06-14 15:20:38,ACC00678,ACC00263,2852.12,NEFT,transfer,0,,normal
TXN002219,2026-06-14 15:59:08,ACC00184,ACC00157,20790.99,NEFT,transfer,0,,normal
TXN002220,2026-06-14 16:02:54,ACC00187,ACC00140,3395.82,CASH_DEPOSIT,cash_deposit,0,,normal
TXN002221,2026-06-14 16:12:30,ACC00311,ACC00596,5732.14,NEFT,transfer,0,,normal
TXN002222,2026-06-14 16:48:24,ACC00355,ACC00698,8260.12,UPI,transfer,0,,normal
TXN002223,2026-06-14 16:49:53,ACC00390,ACC00016,3889.37,UPI,transfer,0,,normal
TXN002224,2026-06-14 17:02:18,ACC00065,ACC00092,2986.62,UPI,transfer,0,,normal
TXN002225,2026-06-14 17:08:14,ACC00691,ACC00547,6912.52,UPI,transfer,0,,normal
TXN002226,2026-06-14 17:20:43,ACC00138,ACC00096,699.01,IMPS,transfer,0,,normal
TXN002227,2026-06-14 17:26:42,ACC00504,ACC00679,17523.06,IMPS,transfer,0,,normal
TXN002228,2026-06-14 17:29:04,ACC00515,ACC00109,11211.07,CASH_DEPOSIT,cash_deposit,0,,normal
TXN002229,2026-06-14 17:34:08,ACC00287,ACC00458,10409.73,IMPS,transfer,0,,normal
TXN002230,2026-06-14 18:09:26,ACC00121,ACC00298,4356.75,IMPS,transfer,0,,normal
TXN002231,2026-06-14 18:18:18,ACC00615,ACC00623,8425.12,UPI,transfer,0,,normal
TXN002232,2026-06-14 18:19:54,ACC00050,ACC00297,1952.71,UPI,transfer,0,,normal
TXN002233,2026-06-14 18:25:06,ACC00220,ACC00627,9719.43,RTGS,transfer,0,,normal
TXN002234,2026-06-14 18:33:27,ACC00258,ACC00209,49500.0,IMPS,transfer,1,STRUCT009,structuring
TXN002235,2026-06-14 18:41:34,ACC00565,ACC00289,2675.59,IMPS,transfer,0,,normal
TXN002236,2026-06-14 18:47:04,ACC00179,ACC00002,7541.69,IMPS,transfer,0,,normal
TXN002237,2026-06-14 18:51:05,ACC00059,ACC00587,1853.13,RTGS,transfer,0,,normal
TXN002238,2026-06-14 18:59:13,ACC00560,ACC00295,4631.93,CASH_DEPOSIT,cash_deposit,0,,normal
TXN002239,2026-06-14 19:22:31,ACC00507,ACC00476,3189.17,IMPS,transfer,0,,normal
TXN002240,2026-06-14 19:25:13,ACC00184,ACC00262,1597.3,CASH_DEPOSIT,cash_deposit,0,,normal
TXN002241,2026-06-14 19:34:32,ACC00456,ACC00469,67425.84,NEFT,transfer,0,,normal
TXN002242,2026-06-14 19:43:07,ACC00588,ACC00020,935.39,RTGS,transfer,0,,normal
TXN002243,2026-06-14 19:58:02,ACC00136,ACC00536,3688.81,IMPS,transfer,0,,normal
TXN002244,2026-06-14 20:02:15,ACC00092,ACC00535,721.7,NEFT,transfer,0,,normal
TXN002245,2026-06-14 20:08:32,ACC00677,ACC00196,2327.99,UPI,transfer,0,,normal
TXN002246,2026-06-14 20:09:27,ACC00381,ACC00117,465.35,RTGS,transfer,0,,normal
TXN002247,2026-06-14 20:14:08,ACC00242,ACC00488,4863.11,UPI,transfer,0,,normal
TXN002248,2026-06-14 20:18:40,ACC00509,ACC00411,16699.13,RTGS,transfer,0,,normal
TXN002249,2026-06-14 20:20:30,ACC00531,ACC00157,5068.93,IMPS,transfer,0,,normal
TXN002250,2026-06-14 20:22:54,ACC00670,ACC00238,3789.91,NEFT,transfer,0,,normal
TXN002251,2026-06-14 20:31:10,ACC00036,ACC00123,2580.64,IMPS,transfer,0,,normal
TXN002252,2026-06-14 20:34:19,ACC00378,ACC00678,427.91,IMPS,transfer,0,,normal
TXN002253,2026-06-14 20:41:35,ACC00258,ACC00515,49500.0,UPI,transfer,1,STRUCT009,structuring
TXN002254,2026-06-14 20:45:16,ACC00106,ACC00558,8010.85,RTGS,transfer,0,,normal
TXN002255,2026-06-14 20:55:18,ACC00423,ACC00646,13913.84,UPI,transfer,0,,normal
TXN002256,2026-06-14 21:06:53,ACC00233,ACC00180,6654.47,NEFT,transfer,0,,normal
TXN002257,2026-06-14 21:14:21,ACC00144,ACC00614,733.71,NEFT,transfer,0,,normal
TXN002258,2026-06-14 21:20:17,ACC00658,ACC00574,3692.75,IMPS,transfer,0,,normal
TXN002259,2026-06-14 21:33:27,ACC00332,ACC00521,1276.41,UPI,transfer,0,,normal
TXN002260,2026-06-14 21:34:13,ACC00445,ACC00321,3675.67,CASH_DEPOSIT,cash_deposit,0,,normal
TXN002261,2026-06-14 21:46:07,ACC00338,ACC00631,1817.15,IMPS,transfer,0,,normal
TXN002262,2026-06-14 21:47:37,ACC00401,ACC00559,2499.59,NEFT,transfer,0,,normal
TXN002263,2026-06-14 21:51:55,ACC00256,ACC00158,2051.37,RTGS,transfer,0,,normal
TXN002264,2026-06-14 22:20:46,ACC00258,ACC00336,49500.0,IMPS,transfer,1,STRUCT009,structuring
TXN002265,2026-06-14 22:23:37,ACC00499,ACC00077,2872.44,NEFT,transfer,0,,normal
TXN002266,2026-06-14 22:28:14,ACC00036,ACC00208,4275.59,CASH_DEPOSIT,cash_deposit,0,,normal
TXN002267,2026-06-14 22:45:51,ACC00650,ACC00329,1838.91,UPI,transfer,0,,normal
TXN002268,2026-06-14 22:58:58,ACC00034,ACC00137,17851.82,NEFT,transfer,0,,normal
TXN002269,2026-06-14 23:05:42,ACC00660,ACC00053,4670.12,NEFT,transfer,0,,normal
TXN002270,2026-06-14 23:14:30,ACC00347,ACC00216,2141.14,NEFT,transfer,0,,normal
TXN002271,2026-06-14 23:25:23,ACC00258,ACC00273,49500.0,UPI,transfer,1,STRUCT009,structuring
TXN002272,2026-06-14 23:27:47,ACC00231,ACC00309,770.32,IMPS,transfer,0,,normal
TXN002273,2026-06-14 23:42:38,ACC00383,ACC00494,3004.2,IMPS,transfer,0,,normal
TXN002274,2026-06-14 23:45:04,ACC00565,ACC00668,706.99,RTGS,transfer,0,,normal
TXN002275,2026-06-14 23:47:23,ACC00455,ACC00002,4481.18,NEFT,transfer,0,,normal
TXN002276,2026-06-15 00:06:48,ACC00196,ACC00089,8092.99,RTGS,transfer,0,,normal
TXN002277,2026-06-15 00:26:34,ACC00258,ACC00535,49500.0,UPI,transfer,1,STRUCT009,structuring
TXN002278,2026-06-15 00:31:21,ACC00664,ACC00134,1525.33,CASH_DEPOSIT,cash_deposit,0,,normal
TXN002279,2026-06-15 00:43:49,ACC00039,ACC00010,903.47,NEFT,transfer,0,,normal
TXN002280,2026-06-15 00:44:52,ACC00538,ACC00271,6966.7,UPI,transfer,0,,normal
TXN002281,2026-06-15 00:48:17,ACC00490,ACC00193,1542.01,RTGS,transfer,0,,normal
TXN002282,2026-06-15 00:58:31,ACC00634,ACC00352,4112.57,IMPS,transfer,0,,normal
TXN002283,2026-06-15 01:03:31,ACC00146,ACC00233,1513.49,UPI,transfer,0,,normal
TXN002284,2026-06-15 01:05:48,ACC00111,ACC00020,23102.01,RTGS,transfer,0,,normal
TXN002285,2026-06-15 01:06:44,ACC00390,ACC00475,1521.16,CASH_DEPOSIT,cash_deposit,0,,normal
TXN002286,2026-06-15 01:13:55,ACC00498,ACC00613,3025.24,CASH_DEPOSIT,cash_deposit,0,,normal
TXN002287,2026-06-15 01:14:02,ACC00678,ACC00136,725.04,UPI,transfer,0,,normal
TXN002288,2026-06-15 01:20:44,ACC00377,ACC00675,1090.57,CASH_DEPOSIT,cash_deposit,0,,normal
TXN002289,2026-06-15 01:43:06,ACC00201,ACC00416,7846.96,RTGS,transfer,0,,normal
TXN002290,2026-06-15 02:21:37,ACC00358,ACC00586,5166.43,NEFT,transfer,0,,normal
TXN002291,2026-06-15 02:23:11,ACC00544,ACC00034,2176.4,CASH_DEPOSIT,cash_deposit,0,,normal
TXN002292,2026-06-15 02:44:37,ACC00668,ACC00129,2881.83,UPI,transfer,0,,normal
TXN002293,2026-06-15 02:56:21,ACC00464,ACC00524,2177.5,UPI,transfer,0,,normal
TXN002294,2026-06-15 03:00:51,ACC00087,ACC00436,2091.29,NEFT,transfer,0,,normal
TXN002295,2026-06-15 03:06:20,ACC00238,ACC00219,1751.9,CASH_DEPOSIT,cash_deposit,0,,normal
TXN002296,2026-06-15 03:20:52,ACC00429,ACC00612,979.57,RTGS,transfer,0,,normal
TXN002297,2026-06-15 03:34:52,ACC00279,ACC00215,1128.9,RTGS,transfer,0,,normal
TXN002298,2026-06-15 03:52:03,ACC00340,ACC00370,1261.13,CASH_DEPOSIT,cash_deposit,0,,normal
TXN002299,2026-06-15 03:52:54,ACC00258,ACC00505,49500.0,IMPS,transfer,1,STRUCT009,structuring
TXN002300,2026-06-15 03:53:53,ACC00275,ACC00294,1771.3,NEFT,transfer,0,,normal
TXN002301,2026-06-15 03:57:15,ACC00461,ACC00272,7218.88,UPI,transfer,0,,normal
TXN002302,2026-06-15 03:59:01,ACC00258,ACC00310,49500.0,IMPS,transfer,1,STRUCT009,structuring
TXN002303,2026-06-15 03:59:34,ACC00216,ACC00404,12472.37,RTGS,transfer,0,,normal
TXN002304,2026-06-15 04:02:30,ACC00232,ACC00302,2825.21,NEFT,transfer,0,,normal
TXN002305,2026-06-15 04:06:11,ACC00338,ACC00249,8124.8,IMPS,transfer,0,,normal
TXN002306,2026-06-15 04:20:55,ACC00188,ACC00099,1379.31,RTGS,transfer,0,,normal
TXN002307,2026-06-15 04:27:53,ACC00622,ACC00178,2518.94,CASH_DEPOSIT,cash_deposit,0,,normal
TXN002308,2026-06-15 04:41:08,ACC00625,ACC00565,3754.11,IMPS,transfer,0,,normal
TXN002309,2026-06-15 04:45:36,ACC00180,ACC00156,1855.82,RTGS,transfer,0,,normal
TXN002310,2026-06-15 04:52:43,ACC00384,ACC00660,5293.55,RTGS,transfer,0,,normal
TXN002311,2026-06-15 05:09:57,ACC00634,ACC00653,3337.7,IMPS,transfer,0,,normal
TXN002312,2026-06-15 05:21:44,ACC00039,ACC00604,1907.87,RTGS,transfer,0,,normal
TXN002313,2026-06-15 05:28:16,ACC00324,ACC00065,887.86,NEFT,transfer,0,,normal
TXN002314,2026-06-15 05:50:33,ACC00093,ACC00242,1344.21,IMPS,transfer,0,,normal
TXN002315,2026-06-15 05:57:36,ACC00504,ACC00489,1923.46,NEFT,transfer,0,,normal
TXN002316,2026-06-15 05:59:49,ACC00485,ACC00402,901.1,NEFT,transfer,0,,normal
TXN002317,2026-06-15 06:04:51,ACC00292,ACC00106,8031.39,CASH_DEPOSIT,cash_deposit,0,,normal
TXN002318,2026-06-15 06:08:05,ACC00008,ACC00616,3595.45,UPI,transfer,0,,normal
TXN002319,2026-06-15 06:22:09,ACC00187,ACC00222,924.4,RTGS,transfer,0,,normal
TXN002320,2026-06-15 06:24:20,ACC00318,ACC00188,3917.27,IMPS,transfer,0,,normal
TXN002321,2026-06-15 06:34:15,ACC00484,ACC00198,1447.08,NEFT,transfer,0,,normal
TXN002322,2026-06-15 06:35:24,ACC00500,ACC00402,604.27,IMPS,transfer,0,,normal
TXN002323,2026-06-15 06:57:10,ACC00185,ACC00160,13200.86,CASH_DEPOSIT,cash_deposit,0,,normal
TXN002324,2026-06-15 07:00:33,ACC00539,ACC00386,3406.52,CASH_DEPOSIT,cash_deposit,0,,normal
TXN002325,2026-06-15 07:21:06,ACC00502,ACC00577,2787.93,NEFT,transfer,0,,normal
TXN002326,2026-06-15 07:38:19,ACC00225,ACC00650,584.57,UPI,transfer,0,,normal
TXN002327,2026-06-15 07:42:54,ACC00368,ACC00007,2030.22,CASH_DEPOSIT,cash_deposit,0,,normal
TXN002328,2026-06-15 07:43:46,ACC00327,ACC00069,17192.47,UPI,transfer,0,,normal
TXN002329,2026-06-15 07:44:17,ACC00476,ACC00406,1932.68,RTGS,transfer,0,,normal
TXN002330,2026-06-15 07:48:38,ACC00205,ACC00644,1789.33,UPI,transfer,0,,normal
TXN002331,2026-06-15 07:56:15,ACC00431,ACC00509,17279.73,CASH_DEPOSIT,cash_deposit,0,,normal
TXN002332,2026-06-15 08:04:22,ACC00700,ACC00403,5356.53,IMPS,transfer,0,,normal
TXN002333,2026-06-15 08:12:23,ACC00320,ACC00535,58056.64,CASH_DEPOSIT,cash_deposit,0,,normal
TXN002334,2026-06-15 08:17:25,ACC00240,ACC00097,612.32,UPI,transfer,0,,normal
TXN002335,2026-06-15 08:20:33,ACC00165,ACC00185,7102.58,CASH_DEPOSIT,cash_deposit,0,,normal
TXN002336,2026-06-15 08:25:21,ACC00291,ACC00661,1962.46,IMPS,transfer,0,,normal
TXN002337,2026-06-15 08:28:48,ACC00259,ACC00422,2021.69,IMPS,transfer,0,,normal
TXN002338,2026-06-15 08:31:04,ACC00431,ACC00143,1605.66,RTGS,transfer,0,,normal
TXN002339,2026-06-15 08:33:17,ACC00261,ACC00070,2156.83,NEFT,transfer,0,,normal
TXN002340,2026-06-15 08:36:48,ACC00447,ACC00075,3133.38,UPI,transfer,0,,normal
TXN002341,2026-06-15 09:24:34,ACC00524,ACC00566,13394.17,IMPS,transfer,0,,normal
TXN002342,2026-06-15 09:28:42,ACC00677,ACC00303,1458.24,RTGS,transfer,0,,normal
TXN002343,2026-06-15 09:34:55,ACC00553,ACC00512,678230.86,NEFT,transfer,1,LAYER008,cyclic_layering
TXN002344,2026-06-15 09:41:28,ACC00012,ACC00185,1461.55,IMPS,transfer,0,,normal
TXN002345,2026-06-15 09:44:04,ACC00660,ACC00423,29008.73,RTGS,transfer,0,,normal
TXN002346,2026-06-15 09:45:31,ACC00629,ACC00563,4637.5,NEFT,transfer,0,,normal
TXN002347,2026-06-15 09:56:50,ACC00033,ACC00512,1343.05,RTGS,transfer,0,,normal
TXN002348,2026-06-15 10:03:52,ACC00442,ACC00184,2141.1,CASH_DEPOSIT,cash_deposit,0,,normal
TXN002349,2026-06-15 10:06:19,ACC00608,ACC00434,944.58,IMPS,transfer,0,,normal
TXN002350,2026-06-15 10:09:39,ACC00418,ACC00538,4801.4,IMPS,transfer,0,,normal
TXN002351,2026-06-15 10:10:31,ACC00354,ACC00602,670.53,NEFT,transfer,0,,normal
TXN002352,2026-06-15 10:22:33,ACC00543,ACC00379,557.07,RTGS,transfer,0,,normal
TXN002353,2026-06-15 10:33:27,ACC00230,ACC00029,7811.54,NEFT,transfer,0,,normal
TXN002354,2026-06-15 10:35:39,ACC00368,ACC00522,2728.9,RTGS,transfer,0,,normal
TXN002355,2026-06-15 10:44:55,ACC00171,ACC00630,3257.27,IMPS,transfer,0,,normal
TXN002356,2026-06-15 10:49:22,ACC00642,ACC00153,1609.06,IMPS,transfer,0,,normal
TXN002357,2026-06-15 10:52:28,ACC00195,ACC00542,1604.26,UPI,transfer,0,,normal
TXN002358,2026-06-15 10:53:37,ACC00258,ACC00053,49500.0,UPI,transfer,1,STRUCT009,structuring
TXN002359,2026-06-15 11:03:15,ACC00258,ACC00066,49500.0,IMPS,transfer,1,STRUCT009,structuring
TXN002360,2026-06-15 11:03:38,ACC00062,ACC00131,2765.41,NEFT,transfer,0,,normal
TXN002361,2026-06-15 11:36:29,ACC00603,ACC00394,9013.16,UPI,transfer,0,,normal
TXN002362,2026-06-15 11:48:13,ACC00541,ACC00655,2503.45,RTGS,transfer,0,,normal
TXN002363,2026-06-15 11:52:11,ACC00636,ACC00245,2530.17,CASH_DEPOSIT,cash_deposit,0,,normal
TXN002364,2026-06-15 12:10:19,ACC00380,ACC00149,3077.86,NEFT,transfer,0,,normal
TXN002365,2026-06-15 12:20:47,ACC00331,ACC00394,4680.57,IMPS,transfer,0,,normal
TXN002366,2026-06-15 12:22:32,ACC00372,ACC00299,15344.15,CASH_DEPOSIT,cash_deposit,0,,normal
TXN002367,2026-06-15 12:59:27,ACC00323,ACC00653,4831.92,NEFT,transfer,0,,normal
TXN002368,2026-06-15 13:05:10,ACC00338,ACC00495,5817.47,CASH_DEPOSIT,cash_deposit,0,,normal
TXN002369,2026-06-15 13:15:25,ACC00598,ACC00279,2797.78,RTGS,transfer,0,,normal
TXN002370,2026-06-15 13:16:52,ACC00548,ACC00231,17502.96,UPI,transfer,0,,normal
TXN002371,2026-06-15 13:43:13,ACC00364,ACC00011,6685.01,IMPS,transfer,0,,normal
TXN002372,2026-06-15 13:49:27,ACC00591,ACC00002,13122.01,IMPS,transfer,0,,normal
TXN002373,2026-06-15 14:11:33,ACC00534,ACC00235,3305.89,NEFT,transfer,0,,normal
TXN002374,2026-06-15 14:16:15,ACC00042,ACC00199,6555.97,IMPS,transfer,0,,normal
TXN002375,2026-06-15 14:18:15,ACC00347,ACC00646,1612.51,CASH_DEPOSIT,cash_deposit,0,,normal
TXN002376,2026-06-15 14:30:42,ACC00278,ACC00303,3748.67,IMPS,transfer,0,,normal
TXN002377,2026-06-15 14:41:20,ACC00100,ACC00467,3536.69,RTGS,transfer,0,,normal
TXN002378,2026-06-15 14:46:31,ACC00213,ACC00501,1316.12,NEFT,transfer,0,,normal
TXN002379,2026-06-15 14:47:49,ACC00371,ACC00662,3670.09,IMPS,transfer,0,,normal
TXN002380,2026-06-15 14:59:25,ACC00088,ACC00342,10178.03,UPI,transfer,0,,normal
TXN002381,2026-06-15 15:12:02,ACC00040,ACC00328,3090.4,NEFT,transfer,0,,normal
TXN002382,2026-06-15 15:50:02,ACC00624,ACC00057,3422.85,IMPS,transfer,0,,normal
TXN002383,2026-06-15 15:57:30,ACC00149,ACC00093,1369.98,RTGS,transfer,0,,normal
TXN002384,2026-06-15 16:11:11,ACC00658,ACC00284,9985.31,CASH_DEPOSIT,cash_deposit,0,,normal
TXN002385,2026-06-15 16:44:38,ACC00675,ACC00039,4333.38,UPI,transfer,0,,normal
TXN002386,2026-06-15 16:45:52,ACC00404,ACC00641,1747.89,RTGS,transfer,0,,normal
TXN002387,2026-06-15 16:52:36,ACC00225,ACC00227,1430.54,UPI,transfer,0,,normal
TXN002388,2026-06-15 17:02:14,ACC00151,ACC00019,1843.82,RTGS,transfer,0,,normal
TXN002389,2026-06-15 17:13:02,ACC00258,ACC00339,49500.0,UPI,transfer,1,STRUCT009,structuring
TXN002390,2026-06-15 17:15:02,ACC00036,ACC00331,3031.72,RTGS,transfer,0,,normal
TXN002391,2026-06-15 17:25:12,ACC00258,ACC00425,49500.0,IMPS,transfer,1,STRUCT009,structuring
TXN002392,2026-06-15 17:26:36,ACC00336,ACC00628,6016.89,CASH_DEPOSIT,cash_deposit,0,,normal
TXN002393,2026-06-15 17:30:20,ACC00265,ACC00511,5512.33,NEFT,transfer,0,,normal
TXN002394,2026-06-15 17:31:54,ACC00466,ACC00500,8009.97,UPI,transfer,0,,normal
TXN002395,2026-06-15 17:39:09,ACC00675,ACC00271,2142.65,RTGS,transfer,0,,normal
TXN002396,2026-06-15 17:49:23,ACC00580,ACC00515,10723.96,UPI,transfer,0,,normal
TXN002397,2026-06-15 17:51:42,ACC00015,ACC00598,7986.51,RTGS,transfer,0,,normal
TXN002398,2026-06-15 17:55:36,ACC00183,ACC00542,1178.43,RTGS,transfer,0,,normal
TXN002399,2026-06-15 17:56:34,ACC00258,ACC00693,49500.0,IMPS,transfer,1,STRUCT009,structuring
TXN002400,2026-06-15 17:58:30,ACC00398,ACC00434,3352.51,IMPS,transfer,0,,normal
TXN002401,2026-06-15 18:05:59,ACC00353,ACC00367,4511.36,RTGS,transfer,0,,normal
TXN002402,2026-06-15 18:08:15,ACC00246,ACC00566,11183.59,RTGS,transfer,0,,normal
TXN002403,2026-06-15 18:10:02,ACC00134,ACC00211,4819.8,RTGS,transfer,0,,normal
TXN002404,2026-06-15 18:13:58,ACC00352,ACC00234,6707.88,NEFT,transfer,0,,normal
TXN002405,2026-06-15 18:16:44,ACC00415,ACC00660,1748.86,RTGS,transfer,0,,normal
TXN002406,2026-06-15 18:19:09,ACC00049,ACC00380,1356.7,RTGS,transfer,0,,normal
TXN002407,2026-06-15 18:24:06,ACC00526,ACC00686,9726.65,CASH_DEPOSIT,cash_deposit,0,,normal
TXN002408,2026-06-15 18:32:03,ACC00597,ACC00699,2696.97,UPI,transfer,0,,normal
TXN002409,2026-06-15 18:45:40,ACC00280,ACC00427,3484.61,UPI,transfer,0,,normal
TXN002410,2026-06-15 18:50:35,ACC00382,ACC00596,4674.13,IMPS,transfer,0,,normal
TXN002411,2026-06-15 19:01:31,ACC00458,ACC00595,3341.56,RTGS,transfer,0,,normal
TXN002412,2026-06-15 19:08:26,ACC00258,ACC00251,49500.0,IMPS,transfer,1,STRUCT009,structuring
TXN002413,2026-06-15 19:26:34,ACC00144,ACC00489,7998.95,NEFT,transfer,0,,normal
TXN002414,2026-06-15 19:30:02,ACC00507,ACC00275,2961.37,CASH_DEPOSIT,cash_deposit,0,,normal
TXN002415,2026-06-15 19:31:50,ACC00132,ACC00655,6019.9,UPI,transfer,0,,normal
TXN002416,2026-06-15 19:33:09,ACC00400,ACC00102,25666.53,NEFT,transfer,0,,normal
TXN002417,2026-06-15 19:40:21,ACC00460,ACC00037,5654.8,UPI,transfer,0,,normal
TXN002418,2026-06-15 19:51:04,ACC00407,ACC00189,42180.82,IMPS,transfer,0,,normal
TXN002419,2026-06-15 20:00:05,ACC00591,ACC00681,9118.25,CASH_DEPOSIT,cash_deposit,0,,normal
TXN002420,2026-06-15 20:00:10,ACC00451,ACC00594,5688.63,IMPS,transfer,0,,normal
TXN002421,2026-06-15 20:06:54,ACC00645,ACC00406,5219.48,NEFT,transfer,0,,normal
TXN002422,2026-06-15 20:16:32,ACC00588,ACC00004,3939.17,UPI,transfer,0,,normal
TXN002423,2026-06-15 20:17:58,ACC00659,ACC00545,1109.0,RTGS,transfer,0,,normal
TXN002424,2026-06-15 20:23:24,ACC00647,ACC00681,10021.01,CASH_DEPOSIT,cash_deposit,0,,normal
TXN002425,2026-06-15 20:26:17,ACC00084,ACC00490,7275.17,NEFT,transfer,0,,normal
TXN002426,2026-06-15 20:36:52,ACC00285,ACC00483,3051.89,IMPS,transfer,0,,normal
TXN002427,2026-06-15 20:50:38,ACC00469,ACC00397,34464.1,UPI,transfer,0,,normal
TXN002428,2026-06-15 21:03:16,ACC00632,ACC00365,34905.54,CASH_DEPOSIT,cash_deposit,0,,normal
TXN002429,2026-06-15 21:07:40,ACC00173,ACC00005,9441.36,RTGS,transfer,0,,normal
TXN002430,2026-06-15 21:16:19,ACC00222,ACC00397,1103.63,IMPS,transfer,0,,normal
TXN002431,2026-06-15 21:21:42,ACC00540,ACC00274,3917.27,UPI,transfer,0,,normal
TXN002432,2026-06-15 21:22:14,ACC00614,ACC00328,2800.12,UPI,transfer,0,,normal
TXN002433,2026-06-15 21:45:23,ACC00130,ACC00120,13172.47,CASH_DEPOSIT,cash_deposit,0,,normal
TXN002434,2026-06-15 21:45:46,ACC00005,ACC00543,7598.61,UPI,transfer,0,,normal
TXN002435,2026-06-15 21:54:52,ACC00414,ACC00042,1162.91,UPI,transfer,0,,normal
TXN002436,2026-06-15 22:23:08,ACC00222,ACC00239,3470.98,CASH_DEPOSIT,cash_deposit,0,,normal
TXN002437,2026-06-15 22:27:24,ACC00087,ACC00492,1640.67,RTGS,transfer,0,,normal
TXN002438,2026-06-15 22:50:02,ACC00012,ACC00658,12737.58,CASH_DEPOSIT,cash_deposit,0,,normal
TXN002439,2026-06-15 22:59:04,ACC00551,ACC00470,30010.08,RTGS,transfer,0,,normal
TXN002440,2026-06-15 23:04:07,ACC00465,ACC00530,4031.23,UPI,transfer,0,,normal
TXN002441,2026-06-15 23:05:27,ACC00613,ACC00403,4957.39,CASH_DEPOSIT,cash_deposit,0,,normal
TXN002442,2026-06-15 23:30:06,ACC00309,ACC00644,2961.81,UPI,transfer,0,,normal
TXN002443,2026-06-15 23:32:01,ACC00254,ACC00221,6829.85,RTGS,transfer,0,,normal
TXN002444,2026-06-15 23:38:18,ACC00270,ACC00046,4062.93,CASH_DEPOSIT,cash_deposit,0,,normal
TXN002445,2026-06-15 23:41:58,ACC00536,ACC00088,2241.92,CASH_DEPOSIT,cash_deposit,0,,normal
TXN002446,2026-06-15 23:47:06,ACC00649,ACC00107,22776.61,NEFT,transfer,0,,normal
TXN002447,2026-06-15 23:57:53,ACC00653,ACC00064,1817.84,NEFT,transfer,0,,normal
TXN002448,2026-06-16 00:02:00,ACC00670,ACC00493,9866.98,CASH_DEPOSIT,cash_deposit,0,,normal
TXN002449,2026-06-16 00:11:10,ACC00200,ACC00126,1064.67,NEFT,transfer,0,,normal
TXN002450,2026-06-16 00:35:42,ACC00482,ACC00415,927.13,UPI,transfer,0,,normal
TXN002451,2026-06-16 00:38:42,ACC00433,ACC00291,2312.35,UPI,transfer,0,,normal
TXN002452,2026-06-16 00:39:01,ACC00357,ACC00196,4133.52,UPI,transfer,0,,normal
TXN002453,2026-06-16 00:49:20,ACC00180,ACC00638,1232.1,CASH_DEPOSIT,cash_deposit,0,,normal
TXN002454,2026-06-16 01:04:16,ACC00258,ACC00529,49500.0,UPI,transfer,1,STRUCT009,structuring
TXN002455,2026-06-16 01:06:05,ACC00387,ACC00161,2467.43,IMPS,transfer,0,,normal
TXN002456,2026-06-16 01:57:04,ACC00615,ACC00111,850.43,RTGS,transfer,0,,normal
TXN002457,2026-06-16 02:00:18,ACC00168,ACC00315,2574.86,UPI,transfer,0,,normal
TXN002458,2026-06-16 02:00:33,ACC00290,ACC00352,49500.0,UPI,transfer,1,STRUCT005,structuring
TXN002459,2026-06-16 02:03:10,ACC00450,ACC00647,2620.3,RTGS,transfer,0,,normal
TXN002460,2026-06-16 02:03:54,ACC00166,ACC00407,3419.77,RTGS,transfer,0,,normal
TXN002461,2026-06-16 02:15:43,ACC00258,ACC00509,49500.0,IMPS,transfer,1,STRUCT009,structuring
TXN002462,2026-06-16 02:23:27,ACC00047,ACC00050,10246.64,UPI,transfer,0,,normal
TXN002463,2026-06-16 02:28:35,ACC00141,ACC00045,4775.56,CASH_DEPOSIT,cash_deposit,0,,normal
TXN002464,2026-06-16 02:30:06,ACC00258,ACC00398,49500.0,IMPS,transfer,1,STRUCT009,structuring
TXN002465,2026-06-16 02:33:38,ACC00281,ACC00365,3635.64,IMPS,transfer,0,,normal
TXN002466,2026-06-16 02:33:46,ACC00037,ACC00265,995.37,CASH_DEPOSIT,cash_deposit,0,,normal
TXN002467,2026-06-16 02:44:46,ACC00298,ACC00346,1366.73,NEFT,transfer,0,,normal
TXN002468,2026-06-16 03:00:09,ACC00480,ACC00494,2433.07,NEFT,transfer,0,,normal
TXN002469,2026-06-16 03:06:12,ACC00409,ACC00286,4527.22,RTGS,transfer,0,,normal
TXN002470,2026-06-16 03:08:15,ACC00059,ACC00454,6299.48,CASH_DEPOSIT,cash_deposit,0,,normal
TXN002471,2026-06-16 03:20:53,ACC00292,ACC00364,1528.08,RTGS,transfer,0,,normal
TXN002472,2026-06-16 03:32:12,ACC00111,ACC00335,1525.96,CASH_DEPOSIT,cash_deposit,0,,normal
TXN002473,2026-06-16 04:04:14,ACC00446,ACC00421,3034.28,UPI,transfer,0,,normal
TXN002474,2026-06-16 04:58:06,ACC00078,ACC00292,4076.5,NEFT,transfer,0,,normal
TXN002475,2026-06-16 04:59:31,ACC00488,ACC00480,5900.38,NEFT,transfer,0,,normal
TXN002476,2026-06-16 05:10:45,ACC00438,ACC00392,1218.14,IMPS,transfer,0,,normal
TXN002477,2026-06-16 05:15:41,ACC00146,ACC00092,2209.42,RTGS,transfer,0,,normal
TXN002478,2026-06-16 05:19:33,ACC00402,ACC00195,5177.56,RTGS,transfer,0,,normal
TXN002479,2026-06-16 05:23:58,ACC00098,ACC00607,4639.52,CASH_DEPOSIT,cash_deposit,0,,normal
TXN002480,2026-06-16 05:25:00,ACC00070,ACC00361,1995.54,CASH_DEPOSIT,cash_deposit,0,,normal
TXN002481,2026-06-16 05:33:59,ACC00093,ACC00257,5769.55,IMPS,transfer,0,,normal
TXN002482,2026-06-16 05:37:46,ACC00290,ACC00128,49500.0,UPI,transfer,1,STRUCT005,structuring
TXN002483,2026-06-16 05:42:42,ACC00027,ACC00351,1395.33,RTGS,transfer,0,,normal
TXN002484,2026-06-16 06:18:56,ACC00585,ACC00034,2223.42,CASH_DEPOSIT,cash_deposit,0,,normal
TXN002485,2026-06-16 06:25:31,ACC00276,ACC00224,9858.01,IMPS,transfer,0,,normal
TXN002486,2026-06-16 06:26:35,ACC00552,ACC00173,4417.11,NEFT,transfer,0,,normal
TXN002487,2026-06-16 06:28:39,ACC00032,ACC00086,6821.46,CASH_DEPOSIT,cash_deposit,0,,normal
TXN002488,2026-06-16 06:31:29,ACC00063,ACC00169,3876.68,NEFT,transfer,0,,normal
TXN002489,2026-06-16 06:33:07,ACC00282,ACC00344,1349.02,NEFT,transfer,0,,normal
TXN002490,2026-06-16 06:39:52,ACC00630,ACC00382,23771.48,CASH_DEPOSIT,cash_deposit,0,,normal
TXN002491,2026-06-16 06:53:11,ACC00041,ACC00665,13262.58,CASH_DEPOSIT,cash_deposit,0,,normal
TXN002492,2026-06-16 06:53:12,ACC00303,ACC00678,4526.13,CASH_DEPOSIT,cash_deposit,0,,normal
TXN002493,2026-06-16 07:29:19,ACC00033,ACC00066,25995.72,IMPS,transfer,0,,normal
TXN002494,2026-06-16 07:32:51,ACC00298,ACC00037,7018.56,UPI,transfer,0,,normal
TXN002495,2026-06-16 07:39:04,ACC00215,ACC00231,1714.32,CASH_DEPOSIT,cash_deposit,0,,normal
TXN002496,2026-06-16 07:43:48,ACC00290,ACC00201,49500.0,IMPS,transfer,1,STRUCT005,structuring
TXN002497,2026-06-16 07:55:23,ACC00303,ACC00456,5647.66,NEFT,transfer,0,,normal
TXN002498,2026-06-16 08:00:10,ACC00141,ACC00295,7893.94,UPI,transfer,0,,normal
TXN002499,2026-06-16 08:01:16,ACC00309,ACC00132,3739.91,UPI,transfer,0,,normal
TXN002500,2026-06-16 08:05:27,ACC00660,ACC00290,7770.33,UPI,transfer,0,,normal
TXN002501,2026-06-16 08:09:59,ACC00674,ACC00429,1511.34,UPI,transfer,0,,normal
TXN002502,2026-06-16 08:22:21,ACC00554,ACC00209,5603.25,NEFT,transfer,0,,normal
TXN002503,2026-06-16 08:38:18,ACC00416,ACC00660,4377.87,UPI,transfer,0,,normal
TXN002504,2026-06-16 08:50:44,ACC00630,ACC00074,12261.53,NEFT,transfer,0,,normal
TXN002505,2026-06-16 08:54:45,ACC00290,ACC00666,49500.0,IMPS,transfer,1,STRUCT005,structuring
TXN002506,2026-06-16 08:59:23,ACC00046,ACC00292,2200.43,UPI,transfer,0,,normal
TXN002507,2026-06-16 09:01:43,ACC00572,ACC00230,19569.8,UPI,transfer,0,,normal
TXN002508,2026-06-16 09:03:11,ACC00140,ACC00308,1567.35,IMPS,transfer,0,,normal
TXN002509,2026-06-16 09:11:42,ACC00237,ACC00541,678.56,RTGS,transfer,0,,normal
TXN002510,2026-06-16 09:25:38,ACC00477,ACC00473,16438.37,RTGS,transfer,0,,normal
TXN002511,2026-06-16 09:39:29,ACC00629,ACC00540,3317.22,UPI,transfer,0,,normal
TXN002512,2026-06-16 09:41:48,ACC00543,ACC00313,1268.4,IMPS,transfer,0,,normal
TXN002513,2026-06-16 09:49:02,ACC00480,ACC00513,4502.73,IMPS,transfer,0,,normal
TXN002514,2026-06-16 09:49:18,ACC00494,ACC00066,1927.15,NEFT,transfer,0,,normal
TXN002515,2026-06-16 09:51:25,ACC00103,ACC00696,3701.25,UPI,transfer,0,,normal
TXN002516,2026-06-16 09:51:52,ACC00613,ACC00274,3368.75,NEFT,transfer,0,,normal
TXN002517,2026-06-16 10:10:08,ACC00448,ACC00537,4400.38,CASH_DEPOSIT,cash_deposit,0,,normal
TXN002518,2026-06-16 10:19:02,ACC00089,ACC00667,2419.94,RTGS,transfer,0,,normal
TXN002519,2026-06-16 10:46:52,ACC00626,ACC00529,3919.27,CASH_DEPOSIT,cash_deposit,0,,normal
TXN002520,2026-06-16 10:49:41,ACC00375,ACC00366,9351.62,UPI,transfer,0,,normal
TXN002521,2026-06-16 10:57:49,ACC00290,ACC00413,49500.0,UPI,transfer,1,STRUCT005,structuring
TXN002522,2026-06-16 10:59:18,ACC00290,ACC00448,49500.0,UPI,transfer,1,STRUCT005,structuring
TXN002523,2026-06-16 11:01:09,ACC00543,ACC00489,12405.8,IMPS,transfer,0,,normal
TXN002524,2026-06-16 11:09:27,ACC00322,ACC00534,2555.38,RTGS,transfer,0,,normal
TXN002525,2026-06-16 11:16:29,ACC00029,ACC00103,5129.4,RTGS,transfer,0,,normal
TXN002526,2026-06-16 11:16:45,ACC00201,ACC00251,3195.85,NEFT,transfer,0,,normal
TXN002527,2026-06-16 11:18:20,ACC00596,ACC00664,7022.24,IMPS,transfer,0,,normal
TXN002528,2026-06-16 11:31:30,ACC00357,ACC00300,2312.96,RTGS,transfer,0,,normal
TXN002529,2026-06-16 11:33:58,ACC00259,ACC00436,2573.17,UPI,transfer,0,,normal
TXN002530,2026-06-16 11:36:05,ACC00501,ACC00120,2059.24,NEFT,transfer,0,,normal
TXN002531,2026-06-16 11:36:05,ACC00290,ACC00636,49500.0,UPI,transfer,1,STRUCT005,structuring
TXN002532,2026-06-16 11:45:34,ACC00209,ACC00038,5760.13,CASH_DEPOSIT,cash_deposit,0,,normal
TXN002533,2026-06-16 11:45:54,ACC00006,ACC00465,62121.73,CASH_DEPOSIT,cash_deposit,0,,normal
TXN002534,2026-06-16 11:46:09,ACC00482,ACC00113,1013.12,NEFT,transfer,0,,normal
TXN002535,2026-06-16 11:55:41,ACC00633,ACC00587,1579.09,NEFT,transfer,0,,normal
TXN002536,2026-06-16 11:57:55,ACC00020,ACC00285,3287.12,NEFT,transfer,0,,normal
TXN002537,2026-06-16 12:01:47,ACC00648,ACC00151,986.24,UPI,transfer,0,,normal
TXN002538,2026-06-16 12:04:32,ACC00346,ACC00291,1059.05,UPI,transfer,0,,normal
TXN002539,2026-06-16 12:06:56,ACC00121,ACC00031,4004.52,CASH_DEPOSIT,cash_deposit,0,,normal
TXN002540,2026-06-16 12:29:55,ACC00020,ACC00692,3541.45,IMPS,transfer,0,,normal
TXN002541,2026-06-16 12:43:43,ACC00084,ACC00423,1099.23,RTGS,transfer,0,,normal
TXN002542,2026-06-16 12:48:18,ACC00406,ACC00183,16581.99,UPI,transfer,0,,normal
TXN002543,2026-06-16 13:01:06,ACC00465,ACC00513,689.91,NEFT,transfer,0,,normal
TXN002544,2026-06-16 13:15:16,ACC00658,ACC00260,470.05,RTGS,transfer,0,,normal
TXN002545,2026-06-16 13:15:58,ACC00290,ACC00616,49500.0,UPI,transfer,1,STRUCT005,structuring
TXN002546,2026-06-16 13:33:33,ACC00290,ACC00212,49500.0,IMPS,transfer,1,STRUCT005,structuring
TXN002547,2026-06-16 13:35:59,ACC00166,ACC00057,4557.39,CASH_DEPOSIT,cash_deposit,0,,normal
TXN002548,2026-06-16 13:38:24,ACC00375,ACC00252,1380.29,IMPS,transfer,0,,normal
TXN002549,2026-06-16 13:40:45,ACC00007,ACC00406,3540.58,NEFT,transfer,0,,normal
TXN002550,2026-06-16 13:51:31,ACC00695,ACC00137,2302.4,NEFT,transfer,0,,normal
TXN002551,2026-06-16 14:19:18,ACC00157,ACC00575,3787.44,IMPS,transfer,0,,normal
TXN002552,2026-06-16 14:28:55,ACC00152,ACC00136,6101.99,UPI,transfer,0,,normal
TXN002553,2026-06-16 14:47:23,ACC00459,ACC00135,19233.83,RTGS,transfer,0,,normal
TXN002554,2026-06-16 14:57:29,ACC00483,ACC00628,15227.45,RTGS,transfer,0,,normal
TXN002555,2026-06-16 15:00:27,ACC00072,ACC00087,664.69,IMPS,transfer,0,,normal
TXN002556,2026-06-16 15:03:47,ACC00044,ACC00291,6741.28,NEFT,transfer,0,,normal
TXN002557,2026-06-16 15:03:55,ACC00307,ACC00540,2591.55,UPI,transfer,0,,normal
TXN002558,2026-06-16 15:05:10,ACC00235,ACC00340,5198.99,UPI,transfer,0,,normal
TXN002559,2026-06-16 15:06:01,ACC00661,ACC00393,1961.94,CASH_DEPOSIT,cash_deposit,0,,normal
TXN002560,2026-06-16 15:14:40,ACC00318,ACC00654,1547.47,CASH_DEPOSIT,cash_deposit,0,,normal
TXN002561,2026-06-16 15:23:03,ACC00339,ACC00219,11504.03,CASH_DEPOSIT,cash_deposit,0,,normal
TXN002562,2026-06-16 15:30:16,ACC00119,ACC00253,3152.29,NEFT,transfer,0,,normal
TXN002563,2026-06-16 15:33:29,ACC00398,ACC00140,2935.56,CASH_DEPOSIT,cash_deposit,0,,normal
TXN002564,2026-06-16 15:37:37,ACC00628,ACC00649,4953.73,IMPS,transfer,0,,normal
TXN002565,2026-06-16 15:42:58,ACC00459,ACC00199,50743.72,CASH_DEPOSIT,cash_deposit,0,,normal
TXN002566,2026-06-16 15:45:04,ACC00097,ACC00399,1448.99,RTGS,transfer,0,,normal
TXN002567,2026-06-16 15:47:29,ACC00643,ACC00309,1173.7,IMPS,transfer,0,,normal
TXN002568,2026-06-16 15:50:38,ACC00251,ACC00387,10691.67,RTGS,transfer,0,,normal
TXN002569,2026-06-16 16:02:49,ACC00666,ACC00110,2847.97,IMPS,transfer,0,,normal
TXN002570,2026-06-16 16:03:22,ACC00357,ACC00419,3933.57,IMPS,transfer,0,,normal
TXN002571,2026-06-16 16:24:10,ACC00694,ACC00554,2294.16,IMPS,transfer,0,,normal
TXN002572,2026-06-16 16:25:50,ACC00071,ACC00575,5758.12,UPI,transfer,0,,normal
TXN002573,2026-06-16 16:32:58,ACC00420,ACC00005,14990.3,IMPS,transfer,0,,normal
TXN002574,2026-06-16 16:38:11,ACC00533,ACC00661,9057.73,NEFT,transfer,0,,normal
TXN002575,2026-06-16 16:44:25,ACC00038,ACC00365,7978.71,CASH_DEPOSIT,cash_deposit,0,,normal
TXN002576,2026-06-16 16:54:49,ACC00475,ACC00033,2830.39,IMPS,transfer,0,,normal
TXN002577,2026-06-16 16:56:25,ACC00530,ACC00660,3459.54,NEFT,transfer,0,,normal
TXN002578,2026-06-16 16:56:54,ACC00229,ACC00466,1554.37,CASH_DEPOSIT,cash_deposit,0,,normal
TXN002579,2026-06-16 17:10:47,ACC00685,ACC00067,5209.99,IMPS,transfer,0,,normal
TXN002580,2026-06-16 17:24:40,ACC00577,ACC00177,2756.84,RTGS,transfer,0,,normal
TXN002581,2026-06-16 17:53:43,ACC00290,ACC00225,49500.0,IMPS,transfer,1,STRUCT005,structuring
TXN002582,2026-06-16 18:03:48,ACC00131,ACC00554,8609.88,NEFT,transfer,0,,normal
TXN002583,2026-06-16 18:04:39,ACC00264,ACC00630,2761.85,UPI,transfer,0,,normal
TXN002584,2026-06-16 18:17:26,ACC00676,ACC00309,876.39,CASH_DEPOSIT,cash_deposit,0,,normal
TXN002585,2026-06-16 18:31:28,ACC00227,ACC00670,6780.59,IMPS,transfer,0,,normal
TXN002586,2026-06-16 18:32:53,ACC00582,ACC00427,3381.15,CASH_DEPOSIT,cash_deposit,0,,normal
TXN002587,2026-06-16 18:36:31,ACC00274,ACC00573,33319.06,IMPS,transfer,0,,normal
TXN002588,2026-06-16 18:45:02,ACC00640,ACC00294,4609.43,RTGS,transfer,0,,normal
TXN002589,2026-06-16 18:55:42,ACC00158,ACC00195,3151.63,CASH_DEPOSIT,cash_deposit,0,,normal
TXN002590,2026-06-16 18:57:04,ACC00435,ACC00035,3194.5,RTGS,transfer,0,,normal
TXN002591,2026-06-16 19:06:26,ACC00322,ACC00102,795.04,NEFT,transfer,0,,normal
TXN002592,2026-06-16 19:11:32,ACC00516,ACC00231,39065.78,IMPS,transfer,0,,normal
TXN002593,2026-06-16 19:23:37,ACC00617,ACC00652,8529.47,IMPS,transfer,0,,normal
TXN002594,2026-06-16 19:23:43,ACC00424,ACC00110,4764.36,IMPS,transfer,0,,normal
TXN002595,2026-06-16 19:25:51,ACC00250,ACC00480,9370.18,CASH_DEPOSIT,cash_deposit,0,,normal
TXN002596,2026-06-16 19:27:22,ACC00118,ACC00685,14341.53,CASH_DEPOSIT,cash_deposit,0,,normal
TXN002597,2026-06-16 19:28:57,ACC00541,ACC00515,2066.7,CASH_DEPOSIT,cash_deposit,0,,normal
TXN002598,2026-06-16 19:31:42,ACC00061,ACC00319,26605.42,CASH_DEPOSIT,cash_deposit,0,,normal
TXN002599,2026-06-16 19:41:59,ACC00492,ACC00249,704.09,IMPS,transfer,0,,normal
TXN002600,2026-06-16 20:06:12,ACC00066,ACC00632,5459.65,IMPS,transfer,0,,normal
TXN002601,2026-06-16 20:12:32,ACC00042,ACC00526,1701.99,IMPS,transfer,0,,normal
TXN002602,2026-06-16 20:18:39,ACC00269,ACC00179,11062.06,IMPS,transfer,0,,normal
TXN002603,2026-06-16 20:19:04,ACC00403,ACC00552,3458.69,CASH_DEPOSIT,cash_deposit,0,,normal
TXN002604,2026-06-16 20:22:13,ACC00290,ACC00676,49500.0,IMPS,transfer,1,STRUCT005,structuring
TXN002605,2026-06-16 20:23:59,ACC00532,ACC00646,3694.17,CASH_DEPOSIT,cash_deposit,0,,normal
TXN002606,2026-06-16 20:38:07,ACC00141,ACC00481,6855.65,NEFT,transfer,0,,normal
TXN002607,2026-06-16 20:41:14,ACC00171,ACC00455,2922.89,NEFT,transfer,0,,normal
TXN002608,2026-06-16 20:49:07,ACC00555,ACC00648,5640.22,NEFT,transfer,0,,normal
TXN002609,2026-06-16 20:57:56,ACC00200,ACC00533,7052.76,IMPS,transfer,0,,normal
TXN002610,2026-06-16 21:10:33,ACC00252,ACC00387,5494.99,NEFT,transfer,0,,normal
TXN002611,2026-06-16 21:11:07,ACC00290,ACC00435,49500.0,IMPS,transfer,1,STRUCT005,structuring
TXN002612,2026-06-16 21:18:50,ACC00552,ACC00608,11211.99,RTGS,transfer,0,,normal
TXN002613,2026-06-16 21:55:44,ACC00253,ACC00633,2323.37,NEFT,transfer,0,,normal
TXN002614,2026-06-16 21:56:31,ACC00399,ACC00586,16651.74,RTGS,transfer,0,,normal
TXN002615,2026-06-16 21:57:25,ACC00231,ACC00196,2321.03,UPI,transfer,0,,normal
TXN002616,2026-06-16 22:05:48,ACC00039,ACC00678,9205.19,IMPS,transfer,0,,normal
TXN002617,2026-06-16 22:12:39,ACC00290,ACC00134,49500.0,UPI,transfer,1,STRUCT005,structuring
TXN002618,2026-06-16 22:16:15,ACC00481,ACC00272,3825.49,UPI,transfer,0,,normal
TXN002619,2026-06-16 22:16:49,ACC00188,ACC00149,370478.29,IMPS,transfer,1,LAYER009,cyclic_layering
TXN002620,2026-06-16 22:19:40,ACC00337,ACC00306,5726.88,IMPS,transfer,0,,normal
TXN002621,2026-06-16 22:25:56,ACC00099,ACC00085,388.11,UPI,transfer,0,,normal
TXN002622,2026-06-16 22:34:58,ACC00290,ACC00382,49500.0,UPI,transfer,1,STRUCT005,structuring
TXN002623,2026-06-16 22:39:23,ACC00536,ACC00140,1075.02,UPI,transfer,0,,normal
TXN002624,2026-06-16 22:57:48,ACC00329,ACC00029,1733.36,IMPS,transfer,0,,normal
TXN002625,2026-06-16 23:09:44,ACC00307,ACC00608,373.68,CASH_DEPOSIT,cash_deposit,0,,normal
TXN002626,2026-06-16 23:41:18,ACC00290,ACC00159,49500.0,IMPS,transfer,1,STRUCT005,structuring
TXN002627,2026-06-16 23:56:34,ACC00382,ACC00021,2911.21,NEFT,transfer,0,,normal
TXN002628,2026-06-17 00:00:35,ACC00442,ACC00282,8713.35,CASH_DEPOSIT,cash_deposit,0,,normal
TXN002629,2026-06-17 00:02:07,ACC00434,ACC00116,4777.94,CASH_DEPOSIT,cash_deposit,0,,normal
TXN002630,2026-06-17 00:05:56,ACC00610,ACC00399,3700.57,IMPS,transfer,0,,normal
TXN002631,2026-06-17 00:17:22,ACC00088,ACC00685,3347.44,CASH_DEPOSIT,cash_deposit,0,,normal
TXN002632,2026-06-17 00:23:31,ACC00208,ACC00437,1731.79,RTGS,transfer,0,,normal
TXN002633,2026-06-17 00:24:05,ACC00349,ACC00582,1287.98,NEFT,transfer,0,,normal
TXN002634,2026-06-17 00:47:52,ACC00694,ACC00048,7051.74,CASH_DEPOSIT,cash_deposit,0,,normal
TXN002635,2026-06-17 00:55:01,ACC00615,ACC00326,1601.14,RTGS,transfer,0,,normal
TXN002636,2026-06-17 00:56:20,ACC00677,ACC00117,6549.19,IMPS,transfer,0,,normal
TXN002637,2026-06-17 01:16:37,ACC00487,ACC00343,7664.88,IMPS,transfer,0,,normal
TXN002638,2026-06-17 01:23:16,ACC00567,ACC00475,1269.97,RTGS,transfer,0,,normal
TXN002639,2026-06-17 01:24:45,ACC00564,ACC00419,1238.72,CASH_DEPOSIT,cash_deposit,0,,normal
TXN002640,2026-06-17 01:30:28,ACC00290,ACC00639,49500.0,UPI,transfer,1,STRUCT005,structuring
TXN002641,2026-06-17 01:39:23,ACC00290,ACC00006,49500.0,UPI,transfer,1,STRUCT005,structuring
TXN002642,2026-06-17 01:41:44,ACC00248,ACC00066,7848.0,CASH_DEPOSIT,cash_deposit,0,,normal
TXN002643,2026-06-17 01:58:13,ACC00283,ACC00425,1315.8,NEFT,transfer,0,,normal
TXN002644,2026-06-17 01:59:14,ACC00212,ACC00556,1338.87,IMPS,transfer,0,,normal
TXN002645,2026-06-17 02:03:12,ACC00023,ACC00341,6102.11,NEFT,transfer,0,,normal
TXN002646,2026-06-17 02:15:22,ACC00347,ACC00594,4596.44,CASH_DEPOSIT,cash_deposit,0,,normal
TXN002647,2026-06-17 02:28:01,ACC00219,ACC00423,1312.1,NEFT,transfer,0,,normal
TXN002648,2026-06-17 02:30:31,ACC00680,ACC00545,11380.96,CASH_DEPOSIT,cash_deposit,0,,normal
TXN002649,2026-06-17 02:43:25,ACC00695,ACC00117,7570.03,CASH_DEPOSIT,cash_deposit,0,,normal
TXN002650,2026-06-17 02:52:58,ACC00290,ACC00623,49500.0,IMPS,transfer,1,STRUCT005,structuring
TXN002651,2026-06-17 03:04:10,ACC00288,ACC00569,3849.49,IMPS,transfer,0,,normal
TXN002652,2026-06-17 03:12:59,ACC00276,ACC00210,4616.44,CASH_DEPOSIT,cash_deposit,0,,normal
TXN002653,2026-06-17 03:16:36,ACC00169,ACC00204,8046.82,RTGS,transfer,0,,normal
TXN002654,2026-06-17 03:17:15,ACC00290,ACC00252,49500.0,IMPS,transfer,1,STRUCT005,structuring
TXN002655,2026-06-17 03:25:23,ACC00587,ACC00388,4391.78,IMPS,transfer,0,,normal
TXN002656,2026-06-17 03:34:10,ACC00645,ACC00152,3996.54,UPI,transfer,0,,normal
TXN002657,2026-06-17 03:52:14,ACC00564,ACC00087,2095.97,RTGS,transfer,0,,normal
TXN002658,2026-06-17 03:55:19,ACC00127,ACC00553,771.51,IMPS,transfer,0,,normal
TXN002659,2026-06-17 04:04:02,ACC00188,ACC00684,777.33,CASH_DEPOSIT,cash_deposit,0,,normal
TXN002660,2026-06-17 04:05:48,ACC00686,ACC00096,2404.14,CASH_DEPOSIT,cash_deposit,0,,normal
TXN002661,2026-06-17 04:06:26,ACC00440,ACC00191,7986.77,NEFT,transfer,0,,normal
TXN002662,2026-06-17 04:10:02,ACC00631,ACC00377,3242.85,UPI,transfer,0,,normal
TXN002663,2026-06-17 04:11:26,ACC00461,ACC00394,1946.67,CASH_DEPOSIT,cash_deposit,0,,normal
TXN002664,2026-06-17 04:20:16,ACC00505,ACC00388,575.39,RTGS,transfer,0,,normal
TXN002665,2026-06-17 04:22:20,ACC00290,ACC00056,49500.0,IMPS,transfer,1,STRUCT005,structuring
TXN002666,2026-06-17 04:27:32,ACC00395,ACC00151,3446.22,RTGS,transfer,0,,normal
TXN002667,2026-06-17 04:37:59,ACC00561,ACC00096,10694.9,RTGS,transfer,0,,normal
TXN002668,2026-06-17 04:41:37,ACC00364,ACC00265,17110.37,NEFT,transfer,0,,normal
TXN002669,2026-06-17 04:46:03,ACC00094,ACC00634,4126.37,UPI,transfer,0,,normal
TXN002670,2026-06-17 05:16:09,ACC00219,ACC00109,5666.66,RTGS,transfer,0,,normal
TXN002671,2026-06-17 05:17:09,ACC00290,ACC00022,49500.0,UPI,transfer,1,STRUCT005,structuring
TXN002672,2026-06-17 05:20:04,ACC00357,ACC00320,124693.49,CASH_DEPOSIT,cash_deposit,0,,normal
TXN002673,2026-06-17 05:24:50,ACC00368,ACC00268,1718.4,CASH_DEPOSIT,cash_deposit,0,,normal
TXN002674,2026-06-17 05:57:49,ACC00604,ACC00394,1549.95,IMPS,transfer,0,,normal
TXN002675,2026-06-17 06:02:08,ACC00295,ACC00015,1764.34,NEFT,transfer,0,,normal
TXN002676,2026-06-17 06:04:28,ACC00618,ACC00135,1876.02,NEFT,transfer,0,,normal
TXN002677,2026-06-17 06:07:12,ACC00018,ACC00649,693.88,NEFT,transfer,0,,normal
TXN002678,2026-06-17 06:15:52,ACC00138,ACC00411,1616.8,IMPS,transfer,0,,normal
TXN002679,2026-06-17 06:27:42,ACC00432,ACC00479,11082.8,RTGS,transfer,0,,normal
TXN002680,2026-06-17 06:33:09,ACC00388,ACC00638,4071.46,CASH_DEPOSIT,cash_deposit,0,,normal
TXN002681,2026-06-17 06:45:58,ACC00290,ACC00039,49500.0,IMPS,transfer,1,STRUCT005,structuring
TXN002682,2026-06-17 06:51:40,ACC00283,ACC00410,9805.9,CASH_DEPOSIT,cash_deposit,0,,normal
TXN002683,2026-06-17 06:57:26,ACC00290,ACC00614,49500.0,IMPS,transfer,1,STRUCT005,structuring
TXN002684,2026-06-17 07:07:05,ACC00608,ACC00311,917.47,IMPS,transfer,0,,normal
TXN002685,2026-06-17 07:08:34,ACC00580,ACC00212,16262.84,IMPS,transfer,0,,normal
TXN002686,2026-06-17 07:14:53,ACC00096,ACC00671,3067.28,IMPS,transfer,0,,normal
TXN002687,2026-06-17 07:37:09,ACC00444,ACC00463,1866.39,RTGS,transfer,0,,normal
TXN002688,2026-06-17 07:45:09,ACC00399,ACC00325,6722.55,NEFT,transfer,0,,normal
TXN002689,2026-06-17 07:47:52,ACC00559,ACC00368,2439.81,NEFT,transfer,0,,normal
TXN002690,2026-06-17 07:56:02,ACC00158,ACC00452,7438.59,UPI,transfer,0,,normal
TXN002691,2026-06-17 07:59:01,ACC00114,ACC00339,1144.77,RTGS,transfer,0,,normal
TXN002692,2026-06-17 08:07:27,ACC00320,ACC00215,2019.71,IMPS,transfer,0,,normal
TXN002693,2026-06-17 08:18:46,ACC00049,ACC00152,3092.38,IMPS,transfer,0,,normal
TXN002694,2026-06-17 08:19:58,ACC00290,ACC00392,49500.0,UPI,transfer,1,STRUCT005,structuring
TXN002695,2026-06-17 08:22:22,ACC00398,ACC00433,3691.04,CASH_DEPOSIT,cash_deposit,0,,normal
TXN002696,2026-06-17 08:26:56,ACC00071,ACC00564,8838.39,CASH_DEPOSIT,cash_deposit,0,,normal
TXN002697,2026-06-17 08:27:06,ACC00166,ACC00144,9159.97,NEFT,transfer,0,,normal
TXN002698,2026-06-17 08:30:47,ACC00351,ACC00502,3887.08,RTGS,transfer,0,,normal
TXN002699,2026-06-17 08:31:40,ACC00067,ACC00660,4396.57,RTGS,transfer,0,,normal
TXN002700,2026-06-17 08:33:49,ACC00290,ACC00372,49500.0,UPI,transfer,1,STRUCT005,structuring
TXN002701,2026-06-17 08:39:06,ACC00018,ACC00492,7638.46,IMPS,transfer,0,,normal
TXN002702,2026-06-17 08:52:00,ACC00092,ACC00342,1486.74,IMPS,transfer,0,,normal
TXN002703,2026-06-17 09:15:01,ACC00400,ACC00569,4685.43,NEFT,transfer,0,,normal
TXN002704,2026-06-17 09:21:57,ACC00045,ACC00322,3516.18,IMPS,transfer,0,,normal
TXN002705,2026-06-17 09:35:07,ACC00229,ACC00470,1327.84,CASH_DEPOSIT,cash_deposit,0,,normal
TXN002706,2026-06-17 09:46:33,ACC00141,ACC00206,3056.9,RTGS,transfer,0,,normal
TXN002707,2026-06-17 09:49:04,ACC00226,ACC00457,7881.02,CASH_DEPOSIT,cash_deposit,0,,normal
TXN002708,2026-06-17 09:50:38,ACC00290,ACC00163,49500.0,UPI,transfer,1,STRUCT005,structuring
TXN002709,2026-06-17 10:16:40,ACC00547,ACC00665,3443.34,CASH_DEPOSIT,cash_deposit,0,,normal
TXN002710,2026-06-17 10:17:14,ACC00239,ACC00555,14253.46,UPI,transfer,0,,normal
TXN002711,2026-06-17 10:24:39,ACC00292,ACC00116,13955.9,RTGS,transfer,0,,normal
TXN002712,2026-06-17 10:32:52,ACC00201,ACC00453,5372.21,CASH_DEPOSIT,cash_deposit,0,,normal
TXN002713,2026-06-17 10:33:23,ACC00579,ACC00578,3472.9,CASH_DEPOSIT,cash_deposit,0,,normal
TXN002714,2026-06-17 10:46:20,ACC00474,ACC00457,7293.42,CASH_DEPOSIT,cash_deposit,0,,normal
TXN002715,2026-06-17 10:46:22,ACC00516,ACC00114,3000.52,CASH_DEPOSIT,cash_deposit,0,,normal
TXN002716,2026-06-17 10:48:32,ACC00290,ACC00170,49500.0,UPI,transfer,1,STRUCT005,structuring
TXN002717,2026-06-17 10:52:19,ACC00054,ACC00595,1707.35,UPI,transfer,0,,normal
TXN002718,2026-06-17 10:57:57,ACC00324,ACC00419,2069.45,CASH_DEPOSIT,cash_deposit,0,,normal
TXN002719,2026-06-17 10:59:31,ACC00437,ACC00506,2278.17,IMPS,transfer,0,,normal
TXN002720,2026-06-17 11:11:15,ACC00290,ACC00641,49500.0,UPI,transfer,1,STRUCT005,structuring
TXN002721,2026-06-17 11:24:12,ACC00058,ACC00099,2124.74,UPI,transfer,0,,normal
TXN002722,2026-06-17 11:30:51,ACC00699,ACC00700,1989.13,UPI,transfer,0,,normal
TXN002723,2026-06-17 11:31:29,ACC00090,ACC00241,1702.93,UPI,transfer,0,,normal
TXN002724,2026-06-17 11:48:39,ACC00680,ACC00262,10501.79,NEFT,transfer,0,,normal
TXN002725,2026-06-17 11:52:49,ACC00631,ACC00420,2339.31,NEFT,transfer,0,,normal
TXN002726,2026-06-17 11:54:52,ACC00152,ACC00015,4308.27,IMPS,transfer,0,,normal
TXN002727,2026-06-17 11:58:05,ACC00290,ACC00643,49500.0,UPI,transfer,1,STRUCT005,structuring
TXN002728,2026-06-17 12:02:43,ACC00666,ACC00202,1878.81,UPI,transfer,0,,normal
TXN002729,2026-06-17 12:02:56,ACC00399,ACC00448,741.32,CASH_DEPOSIT,cash_deposit,0,,normal
TXN002730,2026-06-17 12:03:03,ACC00602,ACC00117,1316.77,CASH_DEPOSIT,cash_deposit,0,,normal
TXN002731,2026-06-17 12:05:00,ACC00375,ACC00517,1737.24,IMPS,transfer,0,,normal
TXN002732,2026-06-17 12:16:32,ACC00137,ACC00475,12783.25,RTGS,transfer,0,,normal
TXN002733,2026-06-17 12:18:20,ACC00050,ACC00296,2551.55,UPI,transfer,0,,normal
TXN002734,2026-06-17 12:27:26,ACC00111,ACC00174,19280.24,UPI,transfer,0,,normal
TXN002735,2026-06-17 12:29:20,ACC00488,ACC00047,4012.67,UPI,transfer,0,,normal
TXN002736,2026-06-17 12:30:58,ACC00168,ACC00022,17445.68,IMPS,transfer,0,,normal
TXN002737,2026-06-17 12:34:21,ACC00535,ACC00543,1826.54,IMPS,transfer,0,,normal
TXN002738,2026-06-17 12:46:57,ACC00663,ACC00533,7131.54,RTGS,transfer,0,,normal
TXN002739,2026-06-17 13:00:21,ACC00304,ACC00233,1957.15,CASH_DEPOSIT,cash_deposit,0,,normal
TXN002740,2026-06-17 13:05:09,ACC00272,ACC00159,8124.64,RTGS,transfer,0,,normal
TXN002741,2026-06-17 13:19:35,ACC00498,ACC00106,1564.59,RTGS,transfer,0,,normal
TXN002742,2026-06-17 13:30:55,ACC00230,ACC00254,6990.77,UPI,transfer,0,,normal
TXN002743,2026-06-17 13:35:05,ACC00173,ACC00067,4285.35,IMPS,transfer,0,,normal
TXN002744,2026-06-17 13:52:52,ACC00540,ACC00551,3607.18,UPI,transfer,0,,normal
TXN002745,2026-06-17 14:01:13,ACC00417,ACC00251,4941.48,RTGS,transfer,0,,normal
TXN002746,2026-06-17 14:07:06,ACC00144,ACC00006,13683.3,CASH_DEPOSIT,cash_deposit,0,,normal
TXN002747,2026-06-17 14:56:15,ACC00674,ACC00681,2574.68,UPI,transfer,0,,normal
TXN002748,2026-06-17 15:16:45,ACC00456,ACC00420,1160.96,CASH_DEPOSIT,cash_deposit,0,,normal
TXN002749,2026-06-17 15:40:00,ACC00564,ACC00261,2255.32,RTGS,transfer,0,,normal
TXN002750,2026-06-17 15:58:54,ACC00547,ACC00188,9462.87,RTGS,transfer,0,,normal
TXN002751,2026-06-17 16:00:36,ACC00044,ACC00361,6608.0,RTGS,transfer,0,,normal
TXN002752,2026-06-17 16:18:27,ACC00234,ACC00330,6198.25,NEFT,transfer,0,,normal
TXN002753,2026-06-17 16:26:36,ACC00670,ACC00153,4761.62,CASH_DEPOSIT,cash_deposit,0,,normal
TXN002754,2026-06-17 16:41:44,ACC00347,ACC00253,5293.6,RTGS,transfer,0,,normal
TXN002755,2026-06-17 16:43:15,ACC00599,ACC00682,1509.54,UPI,transfer,0,,normal
TXN002756,2026-06-17 16:44:27,ACC00689,ACC00127,8426.96,CASH_DEPOSIT,cash_deposit,0,,normal
TXN002757,2026-06-17 16:54:10,ACC00594,ACC00357,1837.69,CASH_DEPOSIT,cash_deposit,0,,normal
TXN002758,2026-06-17 17:09:27,ACC00351,ACC00560,2424.81,NEFT,transfer,0,,normal
TXN002759,2026-06-17 17:12:27,ACC00437,ACC00462,6466.36,CASH_DEPOSIT,cash_deposit,0,,normal
TXN002760,2026-06-17 17:14:41,ACC00580,ACC00581,810.99,RTGS,transfer,0,,normal
TXN002761,2026-06-17 17:15:38,ACC00117,ACC00028,1870.18,RTGS,transfer,0,,normal
TXN002762,2026-06-17 17:25:34,ACC00363,ACC00098,6437.55,UPI,transfer,0,,normal
TXN002763,2026-06-17 17:34:12,ACC00119,ACC00589,13412.44,IMPS,transfer,0,,normal
TXN002764,2026-06-17 17:34:18,ACC00060,ACC00144,1197.35,CASH_DEPOSIT,cash_deposit,0,,normal
TXN002765,2026-06-17 17:49:12,ACC00573,ACC00598,2025.76,UPI,transfer,0,,normal
TXN002766,2026-06-17 17:57:18,ACC00529,ACC00416,10461.75,RTGS,transfer,0,,normal
TXN002767,2026-06-17 18:06:54,ACC00630,ACC00075,7302.09,CASH_DEPOSIT,cash_deposit,0,,normal
TXN002768,2026-06-17 18:30:04,ACC00346,ACC00217,587.04,RTGS,transfer,0,,normal
TXN002769,2026-06-17 19:13:08,ACC00485,ACC00673,6294.44,UPI,transfer,0,,normal
TXN002770,2026-06-17 19:17:14,ACC00343,ACC00267,2926.57,NEFT,transfer,0,,normal
TXN002771,2026-06-17 19:33:27,ACC00675,ACC00458,23036.4,IMPS,transfer,0,,normal
TXN002772,2026-06-17 20:08:55,ACC00106,ACC00321,839.3,RTGS,transfer,0,,normal
TXN002773,2026-06-17 20:23:58,ACC00158,ACC00252,2868.2,CASH_DEPOSIT,cash_deposit,0,,normal
TXN002774,2026-06-17 20:27:05,ACC00632,ACC00693,3756.5,NEFT,transfer,0,,normal
TXN002775,2026-06-17 20:27:57,ACC00469,ACC00597,23337.06,NEFT,transfer,0,,normal
TXN002776,2026-06-17 20:29:55,ACC00601,ACC00255,3855.61,CASH_DEPOSIT,cash_deposit,0,,normal
TXN002777,2026-06-17 20:44:49,ACC00032,ACC00165,3976.0,IMPS,transfer,0,,normal
TXN002778,2026-06-17 20:45:03,ACC00128,ACC00474,6840.6,UPI,transfer,0,,normal
TXN002779,2026-06-17 20:50:49,ACC00077,ACC00544,1546.79,NEFT,transfer,0,,normal
TXN002780,2026-06-17 21:00:18,ACC00149,ACC00550,404.79,CASH_DEPOSIT,cash_deposit,0,,normal
TXN002781,2026-06-17 21:06:54,ACC00658,ACC00179,5201.65,UPI,transfer,0,,normal
TXN002782,2026-06-17 21:12:48,ACC00225,ACC00252,12185.01,CASH_DEPOSIT,cash_deposit,0,,normal
TXN002783,2026-06-17 21:13:17,ACC00400,ACC00162,3242.21,CASH_DEPOSIT,cash_deposit,0,,normal
TXN002784,2026-06-17 21:16:27,ACC00041,ACC00298,5558.26,RTGS,transfer,0,,normal
TXN002785,2026-06-17 21:18:12,ACC00214,ACC00375,3001.65,IMPS,transfer,0,,normal
TXN002786,2026-06-17 21:42:38,ACC00519,ACC00306,3018.09,RTGS,transfer,0,,normal
TXN002787,2026-06-17 21:49:26,ACC00135,ACC00016,2073.29,CASH_DEPOSIT,cash_deposit,0,,normal
TXN002788,2026-06-17 22:13:28,ACC00327,ACC00462,787.05,NEFT,transfer,0,,normal
TXN002789,2026-06-17 22:21:11,ACC00561,ACC00535,7320.44,IMPS,transfer,0,,normal
TXN002790,2026-06-17 22:21:23,ACC00175,ACC00591,3306.77,UPI,transfer,0,,normal
TXN002791,2026-06-17 22:31:51,ACC00512,ACC00499,611518.13,IMPS,transfer,1,LAYER008,cyclic_layering
TXN002792,2026-06-17 22:35:53,ACC00513,ACC00361,6626.5,IMPS,transfer,0,,normal
TXN002793,2026-06-17 22:59:54,ACC00643,ACC00425,1635.47,UPI,transfer,0,,normal
TXN002794,2026-06-17 23:22:11,ACC00327,ACC00062,1804.2,CASH_DEPOSIT,cash_deposit,0,,normal
TXN002795,2026-06-17 23:30:38,ACC00049,ACC00294,3575.68,RTGS,transfer,0,,normal
TXN002796,2026-06-17 23:38:36,ACC00655,ACC00063,2980.28,RTGS,transfer,0,,normal
TXN002797,2026-06-17 23:43:43,ACC00634,ACC00083,8778.52,NEFT,transfer,0,,normal
TXN002798,2026-06-17 23:49:47,ACC00417,ACC00351,4673.97,CASH_DEPOSIT,cash_deposit,0,,normal
TXN002799,2026-06-17 23:54:30,ACC00682,ACC00262,10722.19,RTGS,transfer,0,,normal
TXN002800,2026-06-18 00:14:15,ACC00336,ACC00433,1050.96,UPI,transfer,0,,normal
TXN002801,2026-06-18 00:17:23,ACC00121,ACC00147,4464.96,RTGS,transfer,0,,normal
TXN002802,2026-06-18 00:19:49,ACC00007,ACC00375,2052.48,RTGS,transfer,0,,normal
TXN002803,2026-06-18 00:27:44,ACC00044,ACC00494,9832.9,CASH_DEPOSIT,cash_deposit,0,,normal
TXN002804,2026-06-18 00:37:02,ACC00635,ACC00482,2964.24,CASH_DEPOSIT,cash_deposit,0,,normal
TXN002805,2026-06-18 00:38:03,ACC00328,ACC00554,6005.43,IMPS,transfer,0,,normal
TXN002806,2026-06-18 00:59:16,ACC00178,ACC00079,575.61,UPI,transfer,0,,normal
TXN002807,2026-06-18 01:02:58,ACC00333,ACC00260,1356.37,NEFT,transfer,0,,normal
TXN002808,2026-06-18 01:36:58,ACC00514,ACC00058,1001.82,NEFT,transfer,0,,normal
TXN002809,2026-06-18 01:51:24,ACC00397,ACC00190,2550.1,IMPS,transfer,0,,normal
TXN002810,2026-06-18 01:55:30,ACC00517,ACC00487,1205.2,RTGS,transfer,0,,normal
TXN002811,2026-06-18 02:06:40,ACC00062,ACC00358,2357.73,IMPS,transfer,0,,normal
TXN002812,2026-06-18 02:07:53,ACC00298,ACC00636,3481.02,RTGS,transfer,0,,normal
TXN002813,2026-06-18 02:17:44,ACC00328,ACC00209,2617.94,CASH_DEPOSIT,cash_deposit,0,,normal
TXN002814,2026-06-18 02:20:28,ACC00207,ACC00256,1918.36,UPI,transfer,0,,normal
TXN002815,2026-06-18 02:28:39,ACC00298,ACC00242,9669.19,RTGS,transfer,0,,normal
TXN002816,2026-06-18 02:33:50,ACC00565,ACC00040,4187.92,IMPS,transfer,0,,normal
TXN002817,2026-06-18 02:37:44,ACC00588,ACC00354,3417.97,RTGS,transfer,0,,normal
TXN002818,2026-06-18 02:46:12,ACC00044,ACC00322,1200.76,RTGS,transfer,0,,normal
TXN002819,2026-06-18 02:50:31,ACC00473,ACC00445,1843.91,UPI,transfer,0,,normal
TXN002820,2026-06-18 02:58:42,ACC00035,ACC00419,2435.78,CASH_DEPOSIT,cash_deposit,0,,normal
TXN002821,2026-06-18 03:06:47,ACC00528,ACC00279,3539.94,NEFT,transfer,0,,normal
TXN002822,2026-06-18 03:11:41,ACC00618,ACC00508,11617.67,IMPS,transfer,0,,normal
TXN002823,2026-06-18 03:18:15,ACC00185,ACC00111,3269.22,NEFT,transfer,0,,normal
TXN002824,2026-06-18 03:32:18,ACC00115,ACC00174,7041.29,IMPS,transfer,0,,normal
TXN002825,2026-06-18 03:45:04,ACC00667,ACC00010,590.15,UPI,transfer,0,,normal
TXN002826,2026-06-18 04:08:36,ACC00145,ACC00469,10019.61,UPI,transfer,0,,normal
TXN002827,2026-06-18 04:12:00,ACC00691,ACC00216,8286.6,NEFT,transfer,0,,normal
TXN002828,2026-06-18 04:18:59,ACC00440,ACC00185,3158.8,CASH_DEPOSIT,cash_deposit,0,,normal
TXN002829,2026-06-18 04:59:32,ACC00100,ACC00055,1922.75,RTGS,transfer,0,,normal
TXN002830,2026-06-18 05:00:07,ACC00482,ACC00405,4327.34,IMPS,transfer,0,,normal
TXN002831,2026-06-18 05:00:27,ACC00214,ACC00258,10232.07,CASH_DEPOSIT,cash_deposit,0,,normal
TXN002832,2026-06-18 05:33:34,ACC00444,ACC00312,3921.37,CASH_DEPOSIT,cash_deposit,0,,normal
TXN002833,2026-06-18 05:59:30,ACC00163,ACC00205,3766.18,RTGS,transfer,0,,normal
TXN002834,2026-06-18 06:02:42,ACC00534,ACC00085,2824.5,UPI,transfer,0,,normal
TXN002835,2026-06-18 06:23:51,ACC00664,ACC00509,4113.41,NEFT,transfer,0,,normal
TXN002836,2026-06-18 06:28:54,ACC00419,ACC00007,3992.96,RTGS,transfer,0,,normal
TXN002837,2026-06-18 06:35:45,ACC00140,ACC00246,1090.59,UPI,transfer,0,,normal
TXN002838,2026-06-18 06:39:33,ACC00366,ACC00629,21115.31,UPI,transfer,0,,normal
TXN002839,2026-06-18 07:04:33,ACC00308,ACC00527,3305.55,NEFT,transfer,0,,normal
TXN002840,2026-06-18 07:06:12,ACC00286,ACC00625,5803.38,RTGS,transfer,0,,normal
TXN002841,2026-06-18 07:16:06,ACC00359,ACC00570,2075.77,CASH_DEPOSIT,cash_deposit,0,,normal
TXN002842,2026-06-18 07:26:41,ACC00561,ACC00008,20934.96,IMPS,transfer,0,,normal
TXN002843,2026-06-18 07:47:44,ACC00385,ACC00003,714.55,IMPS,transfer,0,,normal
TXN002844,2026-06-18 07:47:57,ACC00029,ACC00670,7264.33,IMPS,transfer,0,,normal
TXN002845,2026-06-18 07:52:36,ACC00584,ACC00179,3794.86,CASH_DEPOSIT,cash_deposit,0,,normal
TXN002846,2026-06-18 07:55:38,ACC00333,ACC00669,9747.46,CASH_DEPOSIT,cash_deposit,0,,normal
TXN002847,2026-06-18 08:00:00,ACC00360,ACC00115,4587.43,UPI,transfer,0,,normal
TXN002848,2026-06-18 08:02:55,ACC00127,ACC00466,6542.16,NEFT,transfer,0,,normal
TXN002849,2026-06-18 08:07:25,ACC00119,ACC00104,2107.94,CASH_DEPOSIT,cash_deposit,0,,normal
TXN002850,2026-06-18 08:35:54,ACC00223,ACC00203,23908.39,CASH_DEPOSIT,cash_deposit,0,,normal
TXN002851,2026-06-18 08:38:37,ACC00194,ACC00382,1563.5,UPI,transfer,0,,normal
TXN002852,2026-06-18 08:39:38,ACC00661,ACC00522,2793.87,IMPS,transfer,0,,normal
TXN002853,2026-06-18 08:45:27,ACC00201,ACC00228,8534.9,UPI,transfer,0,,normal
TXN002854,2026-06-18 08:55:32,ACC00542,ACC00620,4451.27,IMPS,transfer,0,,normal
TXN002855,2026-06-18 09:10:38,ACC00544,ACC00221,6544.43,IMPS,transfer,0,,normal
TXN002856,2026-06-18 09:17:25,ACC00372,ACC00625,1407.55,NEFT,transfer,0,,normal
TXN002857,2026-06-18 09:17:28,ACC00008,ACC00176,1200.16,RTGS,transfer,0,,normal
TXN002858,2026-06-18 09:17:39,ACC00438,ACC00379,3262.17,NEFT,transfer,0,,normal
TXN002859,2026-06-18 09:21:02,ACC00103,ACC00387,1650.19,UPI,transfer,0,,normal
TXN002860,2026-06-18 09:48:44,ACC00502,ACC00472,1095.37,NEFT,transfer,0,,normal
TXN002861,2026-06-18 09:51:41,ACC00595,ACC00525,4087.77,CASH_DEPOSIT,cash_deposit,0,,normal
TXN002862,2026-06-18 10:06:26,ACC00627,ACC00164,3486.73,IMPS,transfer,0,,normal
TXN002863,2026-06-18 10:23:32,ACC00105,ACC00315,2400.49,IMPS,transfer,0,,normal
TXN002864,2026-06-18 10:28:58,ACC00111,ACC00622,5268.47,NEFT,transfer,0,,normal
TXN002865,2026-06-18 10:36:52,ACC00521,ACC00517,7370.43,UPI,transfer,0,,normal
TXN002866,2026-06-18 11:09:06,ACC00320,ACC00519,916.66,UPI,transfer,0,,normal
TXN002867,2026-06-18 11:09:32,ACC00485,ACC00446,5145.04,UPI,transfer,0,,normal
TXN002868,2026-06-18 11:30:30,ACC00103,ACC00494,666.8,IMPS,transfer,0,,normal
TXN002869,2026-06-18 11:34:21,ACC00306,ACC00149,1030.57,UPI,transfer,0,,normal
TXN002870,2026-06-18 11:50:55,ACC00606,ACC00612,1509.99,RTGS,transfer,0,,normal
TXN002871,2026-06-18 12:08:27,ACC00296,ACC00460,3754.18,CASH_DEPOSIT,cash_deposit,0,,normal
TXN002872,2026-06-18 12:20:28,ACC00500,ACC00304,2627.76,UPI,transfer,0,,normal
TXN002873,2026-06-18 12:29:18,ACC00110,ACC00243,5170.13,NEFT,transfer,0,,normal
TXN002874,2026-06-18 12:30:42,ACC00017,ACC00008,2666.9,UPI,transfer,0,,normal
TXN002875,2026-06-18 12:35:30,ACC00079,ACC00689,2713.64,RTGS,transfer,0,,normal
TXN002876,2026-06-18 12:41:10,ACC00626,ACC00192,3275.12,UPI,transfer,0,,normal
TXN002877,2026-06-18 12:48:45,ACC00334,ACC00585,2816.96,RTGS,transfer,0,,normal
TXN002878,2026-06-18 13:00:38,ACC00401,ACC00386,4522.36,RTGS,transfer,0,,normal
TXN002879,2026-06-18 13:11:05,ACC00245,ACC00527,2497.22,CASH_DEPOSIT,cash_deposit,0,,normal
TXN002880,2026-06-18 13:33:50,ACC00048,ACC00553,1385.31,CASH_DEPOSIT,cash_deposit,0,,normal
TXN002881,2026-06-18 13:35:25,ACC00466,ACC00183,10641.71,IMPS,transfer,0,,normal
TXN002882,2026-06-18 13:44:57,ACC00211,ACC00207,6648.7,RTGS,transfer,0,,normal
TXN002883,2026-06-18 13:52:10,ACC00441,ACC00122,1043.47,RTGS,transfer,0,,normal
TXN002884,2026-06-18 13:57:36,ACC00069,ACC00635,1144.78,CASH_DEPOSIT,cash_deposit,0,,normal
TXN002885,2026-06-18 14:12:44,ACC00245,ACC00459,1347.09,CASH_DEPOSIT,cash_deposit,0,,normal
TXN002886,2026-06-18 14:26:20,ACC00396,ACC00650,3860.38,IMPS,transfer,0,,normal
TXN002887,2026-06-18 14:30:57,ACC00390,ACC00688,376.36,IMPS,transfer,0,,normal
TXN002888,2026-06-18 14:34:38,ACC00673,ACC00118,2820.48,CASH_DEPOSIT,cash_deposit,0,,normal
TXN002889,2026-06-18 14:41:05,ACC00529,ACC00326,3453.18,RTGS,transfer,0,,normal
TXN002890,2026-06-18 14:52:11,ACC00096,ACC00416,1713.79,UPI,transfer,0,,normal
TXN002891,2026-06-18 14:52:21,ACC00167,ACC00125,1114.43,RTGS,transfer,0,,normal
TXN002892,2026-06-18 14:57:52,ACC00481,ACC00306,1615.62,IMPS,transfer,0,,normal
TXN002893,2026-06-18 15:02:54,ACC00410,ACC00580,6052.94,IMPS,transfer,0,,normal
TXN002894,2026-06-18 15:32:14,ACC00572,ACC00695,1365.57,CASH_DEPOSIT,cash_deposit,0,,normal
TXN002895,2026-06-18 15:39:24,ACC00041,ACC00700,7775.98,CASH_DEPOSIT,cash_deposit,0,,normal
TXN002896,2026-06-18 15:48:24,ACC00405,ACC00688,692.69,CASH_DEPOSIT,cash_deposit,0,,normal
TXN002897,2026-06-18 15:51:54,ACC00658,ACC00642,2373.56,UPI,transfer,0,,normal
TXN002898,2026-06-18 15:55:07,ACC00425,ACC00334,12999.93,RTGS,transfer,0,,normal
TXN002899,2026-06-18 15:55:45,ACC00189,ACC00349,12742.89,NEFT,transfer,0,,normal
TXN002900,2026-06-18 15:56:00,ACC00578,ACC00221,4172.48,UPI,transfer,0,,normal
TXN002901,2026-06-18 15:56:43,ACC00054,ACC00688,2900.5,NEFT,transfer,0,,normal
TXN002902,2026-06-18 16:05:38,ACC00132,ACC00012,6764.1,RTGS,transfer,0,,normal
TXN002903,2026-06-18 16:10:55,ACC00063,ACC00010,2583.7,NEFT,transfer,0,,normal
TXN002904,2026-06-18 16:22:03,ACC00620,ACC00134,4995.7,CASH_DEPOSIT,cash_deposit,0,,normal
TXN002905,2026-06-18 16:25:22,ACC00220,ACC00186,2163.77,NEFT,transfer,0,,normal
TXN002906,2026-06-18 16:29:39,ACC00378,ACC00073,9568.77,CASH_DEPOSIT,cash_deposit,0,,normal
TXN002907,2026-06-18 16:32:15,ACC00673,ACC00375,11954.9,NEFT,transfer,0,,normal
TXN002908,2026-06-18 16:45:35,ACC00053,ACC00114,2979.62,UPI,transfer,0,,normal
TXN002909,2026-06-18 16:54:44,ACC00440,ACC00016,11722.14,RTGS,transfer,0,,normal
TXN002910,2026-06-18 16:59:26,ACC00302,ACC00003,2065.15,CASH_DEPOSIT,cash_deposit,0,,normal
TXN002911,2026-06-18 17:07:31,ACC00256,ACC00625,3478.23,UPI,transfer,0,,normal
TXN002912,2026-06-18 17:11:31,ACC00390,ACC00696,859.0,UPI,transfer,0,,normal
TXN002913,2026-06-18 17:21:39,ACC00039,ACC00681,2944.3,NEFT,transfer,0,,normal
TXN002914,2026-06-18 17:22:44,ACC00069,ACC00461,2344.91,NEFT,transfer,0,,normal
TXN002915,2026-06-18 17:24:21,ACC00120,ACC00091,2946.15,IMPS,transfer,0,,normal
TXN002916,2026-06-18 17:34:08,ACC00568,ACC00145,1084.97,CASH_DEPOSIT,cash_deposit,0,,normal
TXN002917,2026-06-18 17:34:09,ACC00311,ACC00456,8010.89,IMPS,transfer,0,,normal
TXN002918,2026-06-18 17:36:44,ACC00543,ACC00138,642.33,NEFT,transfer,0,,normal
TXN002919,2026-06-18 17:37:04,ACC00445,ACC00063,22331.37,IMPS,transfer,0,,normal
TXN002920,2026-06-18 17:42:50,ACC00562,ACC00333,3836.13,NEFT,transfer,0,,normal
TXN002921,2026-06-18 17:46:05,ACC00694,ACC00664,588.03,CASH_DEPOSIT,cash_deposit,0,,normal
TXN002922,2026-06-18 17:55:27,ACC00669,ACC00643,1357.93,NEFT,transfer,0,,normal
TXN002923,2026-06-18 18:15:27,ACC00424,ACC00340,7467.25,CASH_DEPOSIT,cash_deposit,0,,normal
TXN002924,2026-06-18 18:20:12,ACC00060,ACC00667,2243.42,IMPS,transfer,0,,normal
TXN002925,2026-06-18 18:57:24,ACC00394,ACC00283,2038.75,NEFT,transfer,0,,normal
TXN002926,2026-06-18 19:02:45,ACC00379,ACC00231,1874.39,RTGS,transfer,0,,normal
TXN002927,2026-06-18 19:16:48,ACC00225,ACC00373,3073.48,CASH_DEPOSIT,cash_deposit,0,,normal
TXN002928,2026-06-18 19:21:16,ACC00653,ACC00548,2146.51,UPI,transfer,0,,normal
TXN002929,2026-06-18 19:57:38,ACC00588,ACC00627,1749.42,UPI,transfer,0,,normal
TXN002930,2026-06-18 20:04:10,ACC00238,ACC00551,1607.36,UPI,transfer,0,,normal
TXN002931,2026-06-18 20:13:48,ACC00513,ACC00253,10636.6,IMPS,transfer,0,,normal
TXN002932,2026-06-18 20:41:00,ACC00069,ACC00090,1161.66,NEFT,transfer,0,,normal
TXN002933,2026-06-18 20:47:24,ACC00686,ACC00465,3002.69,IMPS,transfer,0,,normal
TXN002934,2026-06-18 20:59:47,ACC00603,ACC00392,4064.39,UPI,transfer,0,,normal
TXN002935,2026-06-18 21:01:27,ACC00266,ACC00159,2950.26,UPI,transfer,0,,normal
TXN002936,2026-06-18 21:10:08,ACC00609,ACC00520,8494.55,UPI,transfer,0,,normal
TXN002937,2026-06-18 21:12:48,ACC00275,ACC00158,1350.1,IMPS,transfer,0,,normal
TXN002938,2026-06-18 21:22:31,ACC00678,ACC00190,3627.63,NEFT,transfer,0,,normal
TXN002939,2026-06-18 21:26:45,ACC00038,ACC00600,6503.31,IMPS,transfer,0,,normal
TXN002940,2026-06-18 21:42:42,ACC00391,ACC00117,18099.13,NEFT,transfer,0,,normal
TXN002941,2026-06-18 21:44:35,ACC00437,ACC00627,3862.86,NEFT,transfer,0,,normal
TXN002942,2026-06-18 21:46:09,ACC00271,ACC00052,2627.4,IMPS,transfer,0,,normal
TXN002943,2026-06-18 22:15:54,ACC00695,ACC00152,3323.74,IMPS,transfer,0,,normal
TXN002944,2026-06-18 22:24:16,ACC00054,ACC00106,1703.66,CASH_DEPOSIT,cash_deposit,0,,normal
TXN002945,2026-06-18 22:28:22,ACC00125,ACC00493,1134.86,IMPS,transfer,0,,normal
TXN002946,2026-06-18 22:30:51,ACC00246,ACC00488,3911.53,RTGS,transfer,0,,normal
TXN002947,2026-06-18 22:35:39,ACC00493,ACC00559,12237.34,CASH_DEPOSIT,cash_deposit,0,,normal
TXN002948,2026-06-18 23:00:55,ACC00439,ACC00040,11588.22,CASH_DEPOSIT,cash_deposit,0,,normal
TXN002949,2026-06-18 23:06:09,ACC00216,ACC00171,5353.39,RTGS,transfer,0,,normal
TXN002950,2026-06-18 23:11:57,ACC00172,ACC00416,6895.61,IMPS,transfer,0,,normal
TXN002951,2026-06-18 23:28:29,ACC00551,ACC00135,4040.98,UPI,transfer,0,,normal
TXN002952,2026-06-18 23:39:14,ACC00378,ACC00503,4137.47,IMPS,transfer,0,,normal
TXN002953,2026-06-18 23:42:23,ACC00648,ACC00153,602.45,IMPS,transfer,0,,normal
TXN002954,2026-06-18 23:58:31,ACC00413,ACC00182,1161.7,RTGS,transfer,0,,normal
TXN002955,2026-06-19 00:15:48,ACC00633,ACC00046,3337.3,NEFT,transfer,0,,normal
TXN002956,2026-06-19 00:16:58,ACC00063,ACC00113,3152.44,UPI,transfer,0,,normal
TXN002957,2026-06-19 00:31:00,ACC00513,ACC00320,8571.31,UPI,transfer,0,,normal
TXN002958,2026-06-19 00:39:30,ACC00485,ACC00159,2693.72,RTGS,transfer,0,,normal
TXN002959,2026-06-19 00:51:22,ACC00025,ACC00212,8261.63,NEFT,transfer,0,,normal
TXN002960,2026-06-19 00:52:46,ACC00317,ACC00098,1596.9,NEFT,transfer,0,,normal
TXN002961,2026-06-19 00:58:23,ACC00568,ACC00021,890.41,RTGS,transfer,0,,normal
TXN002962,2026-06-19 01:18:46,ACC00594,ACC00095,964.26,IMPS,transfer,0,,normal
TXN002963,2026-06-19 01:23:37,ACC00586,ACC00661,6829.64,RTGS,transfer,0,,normal
TXN002964,2026-06-19 01:25:29,ACC00590,ACC00479,4112.91,CASH_DEPOSIT,cash_deposit,0,,normal
TXN002965,2026-06-19 01:28:34,ACC00411,ACC00304,2171.8,RTGS,transfer,0,,normal
TXN002966,2026-06-19 01:41:25,ACC00244,ACC00608,2749.39,UPI,transfer,0,,normal
TXN002967,2026-06-19 01:44:03,ACC00350,ACC00176,1692.46,IMPS,transfer,0,,normal
TXN002968,2026-06-19 01:48:24,ACC00023,ACC00562,1327.27,RTGS,transfer,0,,normal
TXN002969,2026-06-19 01:50:56,ACC00371,ACC00213,8524.42,UPI,transfer,0,,normal
TXN002970,2026-06-19 02:10:19,ACC00698,ACC00581,18487.96,IMPS,transfer,0,,normal
TXN002971,2026-06-19 02:34:05,ACC00519,ACC00058,5780.54,RTGS,transfer,0,,normal
TXN002972,2026-06-19 02:38:06,ACC00281,ACC00544,2681.73,CASH_DEPOSIT,cash_deposit,0,,normal
TXN002973,2026-06-19 02:41:25,ACC00430,ACC00464,21116.21,IMPS,transfer,0,,normal
TXN002974,2026-06-19 02:45:18,ACC00290,ACC00164,3440.58,UPI,transfer,0,,normal
TXN002975,2026-06-19 03:00:59,ACC00357,ACC00401,8404.05,NEFT,transfer,0,,normal
TXN002976,2026-06-19 03:02:21,ACC00391,ACC00095,2724.87,RTGS,transfer,0,,normal
TXN002977,2026-06-19 03:11:04,ACC00146,ACC00632,2066.69,UPI,transfer,0,,normal
TXN002978,2026-06-19 03:11:21,ACC00444,ACC00205,1037.9,NEFT,transfer,0,,normal
TXN002979,2026-06-19 03:15:56,ACC00387,ACC00585,725.02,RTGS,transfer,0,,normal
TXN002980,2026-06-19 03:51:54,ACC00149,ACC00064,6493.58,CASH_DEPOSIT,cash_deposit,0,,normal
TXN002981,2026-06-19 03:52:36,ACC00379,ACC00285,3243.18,NEFT,transfer,0,,normal
TXN002982,2026-06-19 04:04:57,ACC00599,ACC00363,1376.96,RTGS,transfer,0,,normal
TXN002983,2026-06-19 04:05:41,ACC00606,ACC00662,3837.61,IMPS,transfer,0,,normal
TXN002984,2026-06-19 04:21:05,ACC00124,ACC00400,4194.09,CASH_DEPOSIT,cash_deposit,0,,normal
TXN002985,2026-06-19 04:28:13,ACC00112,ACC00567,2345.78,NEFT,transfer,0,,normal
TXN002986,2026-06-19 04:38:27,ACC00128,ACC00160,2742.92,CASH_DEPOSIT,cash_deposit,0,,normal
TXN002987,2026-06-19 04:39:35,ACC00553,ACC00376,39254.08,IMPS,transfer,0,,normal
TXN002988,2026-06-19 04:47:19,ACC00326,ACC00234,3736.48,NEFT,transfer,0,,normal
TXN002989,2026-06-19 04:50:12,ACC00519,ACC00251,6179.98,RTGS,transfer,0,,normal
TXN002990,2026-06-19 04:56:17,ACC00213,ACC00555,3109.32,IMPS,transfer,0,,normal
TXN002991,2026-06-19 05:11:32,ACC00299,ACC00451,1584.29,NEFT,transfer,0,,normal
TXN002992,2026-06-19 05:26:15,ACC00197,ACC00329,9470.63,IMPS,transfer,0,,normal
TXN002993,2026-06-19 05:33:00,ACC00193,ACC00569,24644.14,RTGS,transfer,0,,normal
TXN002994,2026-06-19 05:37:30,ACC00282,ACC00171,6979.51,RTGS,transfer,0,,normal
TXN002995,2026-06-19 05:53:21,ACC00524,ACC00500,505.25,CASH_DEPOSIT,cash_deposit,0,,normal
TXN002996,2026-06-19 05:55:14,ACC00325,ACC00136,2105.42,RTGS,transfer,0,,normal
TXN002997,2026-06-19 05:59:07,ACC00273,ACC00186,4112.03,NEFT,transfer,0,,normal
TXN002998,2026-06-19 06:32:59,ACC00352,ACC00395,2881.22,NEFT,transfer,0,,normal
TXN002999,2026-06-19 06:43:06,ACC00667,ACC00302,4971.64,CASH_DEPOSIT,cash_deposit,0,,normal
TXN003000,2026-06-19 06:53:40,ACC00245,ACC00501,3528.02,NEFT,transfer,0,,normal
TXN003001,2026-06-19 06:59:01,ACC00697,ACC00003,5895.31,IMPS,transfer,0,,normal
TXN003002,2026-06-19 07:08:16,ACC00657,ACC00234,3949.24,UPI,transfer,0,,normal
TXN003003,2026-06-19 07:10:37,ACC00187,ACC00193,2362.52,CASH_DEPOSIT,cash_deposit,0,,normal
TXN003004,2026-06-19 07:43:29,ACC00326,ACC00137,1139.67,NEFT,transfer,0,,normal
TXN003005,2026-06-19 08:06:11,ACC00592,ACC00441,4926.44,IMPS,transfer,0,,normal
TXN003006,2026-06-19 08:14:01,ACC00413,ACC00467,1017.76,CASH_DEPOSIT,cash_deposit,0,,normal
TXN003007,2026-06-19 08:14:01,ACC00265,ACC00373,4067.45,NEFT,transfer,0,,normal
TXN003008,2026-06-19 08:43:41,ACC00220,ACC00521,1383.29,CASH_DEPOSIT,cash_deposit,0,,normal
TXN003009,2026-06-19 09:01:59,ACC00481,ACC00370,756.1,IMPS,transfer,0,,normal
TXN003010,2026-06-19 09:07:24,ACC00035,ACC00408,1778.65,RTGS,transfer,0,,normal
TXN003011,2026-06-19 09:08:04,ACC00239,ACC00541,3086.56,NEFT,transfer,0,,normal
TXN003012,2026-06-19 09:12:47,ACC00189,ACC00695,925.1,UPI,transfer,0,,normal
TXN003013,2026-06-19 09:14:22,ACC00333,ACC00310,2321.84,CASH_DEPOSIT,cash_deposit,0,,normal
TXN003014,2026-06-19 09:24:45,ACC00057,ACC00276,757.27,RTGS,transfer,0,,normal
TXN003015,2026-06-19 09:35:30,ACC00501,ACC00201,2474.68,IMPS,transfer,0,,normal
TXN003016,2026-06-19 09:38:12,ACC00270,ACC00024,1033.63,CASH_DEPOSIT,cash_deposit,0,,normal
TXN003017,2026-06-19 09:47:54,ACC00490,ACC00071,5131.63,IMPS,transfer,0,,normal
TXN003018,2026-06-19 09:48:51,ACC00176,ACC00484,2138.25,CASH_DEPOSIT,cash_deposit,0,,normal
TXN003019,2026-06-19 10:08:23,ACC00356,ACC00305,4533.17,IMPS,transfer,0,,normal
TXN003020,2026-06-19 10:20:19,ACC00255,ACC00596,1180.77,RTGS,transfer,0,,normal
TXN003021,2026-06-19 10:33:01,ACC00101,ACC00670,1066.33,CASH_DEPOSIT,cash_deposit,0,,normal
TXN003022,2026-06-19 10:42:28,ACC00041,ACC00138,2459.69,NEFT,transfer,0,,normal
TXN003023,2026-06-19 10:44:56,ACC00276,ACC00668,5311.6,UPI,transfer,0,,normal
TXN003024,2026-06-19 11:10:20,ACC00445,ACC00615,1744.69,UPI,transfer,0,,normal
TXN003025,2026-06-19 11:19:44,ACC00613,ACC00680,2436.48,NEFT,transfer,0,,normal
TXN003026,2026-06-19 11:26:01,ACC00693,ACC00024,1740.11,CASH_DEPOSIT,cash_deposit,0,,normal
TXN003027,2026-06-19 11:26:59,ACC00183,ACC00352,7544.96,IMPS,transfer,0,,normal
TXN003028,2026-06-19 11:27:59,ACC00106,ACC00345,3569.47,RTGS,transfer,0,,normal
TXN003029,2026-06-19 11:32:14,ACC00217,ACC00028,2915.94,IMPS,transfer,0,,normal
TXN003030,2026-06-19 11:33:02,ACC00106,ACC00349,3725.09,NEFT,transfer,0,,normal
TXN003031,2026-06-19 11:42:09,ACC00222,ACC00629,3523.0,IMPS,transfer,0,,normal
TXN003032,2026-06-19 11:44:37,ACC00471,ACC00365,3628.51,CASH_DEPOSIT,cash_deposit,0,,normal
TXN003033,2026-06-19 11:49:31,ACC00468,ACC00017,1834.0,UPI,transfer,0,,normal
TXN003034,2026-06-19 12:14:05,ACC00370,ACC00400,1206.03,UPI,transfer,0,,normal
TXN003035,2026-06-19 12:15:06,ACC00494,ACC00624,886.74,RTGS,transfer,0,,normal
TXN003036,2026-06-19 12:18:51,ACC00310,ACC00665,988.58,UPI,transfer,0,,normal
TXN003037,2026-06-19 12:21:07,ACC00551,ACC00060,5410.27,IMPS,transfer,0,,normal
TXN003038,2026-06-19 12:30:13,ACC00269,ACC00349,12112.74,IMPS,transfer,0,,normal
TXN003039,2026-06-19 12:34:35,ACC00582,ACC00508,3216.45,CASH_DEPOSIT,cash_deposit,0,,normal
TXN003040,2026-06-19 12:49:43,ACC00405,ACC00202,4327.31,IMPS,transfer,0,,normal
TXN003041,2026-06-19 12:50:38,ACC00118,ACC00149,7597.51,IMPS,transfer,0,,normal
TXN003042,2026-06-19 12:54:15,ACC00532,ACC00551,14431.6,CASH_DEPOSIT,cash_deposit,0,,normal
TXN003043,2026-06-19 12:54:27,ACC00394,ACC00642,62442.05,RTGS,transfer,0,,normal
TXN003044,2026-06-19 12:56:31,ACC00294,ACC00680,5229.34,RTGS,transfer,0,,normal
TXN003045,2026-06-19 13:08:27,ACC00542,ACC00140,1487.84,NEFT,transfer,0,,normal
TXN003046,2026-06-19 13:21:29,ACC00682,ACC00416,2089.0,CASH_DEPOSIT,cash_deposit,0,,normal
TXN003047,2026-06-19 13:22:31,ACC00583,ACC00598,2442.44,NEFT,transfer,0,,normal
TXN003048,2026-06-19 13:24:37,ACC00620,ACC00446,808.69,CASH_DEPOSIT,cash_deposit,0,,normal
TXN003049,2026-06-19 13:28:05,ACC00146,ACC00594,2942.8,RTGS,transfer,0,,normal
TXN003050,2026-06-19 14:28:41,ACC00183,ACC00363,6794.68,CASH_DEPOSIT,cash_deposit,0,,normal
TXN003051,2026-06-19 14:46:38,ACC00104,ACC00129,6258.8,CASH_DEPOSIT,transfer,1,DORM006,dormant_reactivation
TXN003052,2026-06-19 14:49:05,ACC00484,ACC00278,5760.16,CASH_DEPOSIT,cash_deposit,0,,normal
TXN003053,2026-06-19 14:50:49,ACC00582,ACC00049,18337.89,UPI,transfer,0,,normal
TXN003054,2026-06-19 14:50:51,ACC00147,ACC00405,1641.35,UPI,transfer,0,,normal
TXN003055,2026-06-19 14:53:57,ACC00384,ACC00504,5679.72,RTGS,transfer,0,,normal
TXN003056,2026-06-19 15:00:52,ACC00362,ACC00578,6957.95,RTGS,transfer,0,,normal
TXN003057,2026-06-19 15:16:19,ACC00554,ACC00405,8073.63,IMPS,transfer,0,,normal
TXN003058,2026-06-19 15:30:30,ACC00598,ACC00422,823.02,RTGS,transfer,0,,normal
TXN003059,2026-06-19 15:39:43,ACC00691,ACC00674,6746.38,UPI,transfer,0,,normal
TXN003060,2026-06-19 15:45:29,ACC00193,ACC00277,1880.43,NEFT,transfer,0,,normal
TXN003061,2026-06-19 15:50:18,ACC00699,ACC00311,5079.94,UPI,transfer,0,,normal
TXN003062,2026-06-19 15:52:34,ACC00138,ACC00374,2735.35,UPI,transfer,0,,normal
TXN003063,2026-06-19 15:54:40,ACC00110,ACC00235,15257.44,CASH_DEPOSIT,cash_deposit,0,,normal
TXN003064,2026-06-19 16:02:18,ACC00340,ACC00479,5386.71,NEFT,transfer,0,,normal
TXN003065,2026-06-19 16:06:29,ACC00295,ACC00466,4904.63,UPI,transfer,0,,normal
TXN003066,2026-06-19 16:20:49,ACC00653,ACC00198,1679.66,IMPS,transfer,0,,normal
TXN003067,2026-06-19 16:23:46,ACC00620,ACC00661,3218.61,NEFT,transfer,0,,normal
TXN003068,2026-06-19 16:38:05,ACC00420,ACC00104,5786.87,IMPS,transfer,1,DORM006,dormant_reactivation
TXN003069,2026-06-19 16:44:12,ACC00651,ACC00307,1609.67,NEFT,transfer,0,,normal
TXN003070,2026-06-19 16:46:51,ACC00104,ACC00070,7073.31,RTGS,transfer,1,DORM006,dormant_reactivation
TXN003071,2026-06-19 16:48:57,ACC00295,ACC00096,1504.07,NEFT,transfer,0,,normal
TXN003072,2026-06-19 16:54:47,ACC00125,ACC00026,2080.09,IMPS,transfer,0,,normal
TXN003073,2026-06-19 17:06:09,ACC00590,ACC00391,345.05,IMPS,transfer,0,,normal
TXN003074,2026-06-19 17:27:54,ACC00685,ACC00188,1800.61,CASH_DEPOSIT,cash_deposit,0,,normal
TXN003075,2026-06-19 17:35:30,ACC00290,ACC00397,1697.87,CASH_DEPOSIT,cash_deposit,0,,normal
TXN003076,2026-06-19 17:35:49,ACC00428,ACC00122,674.72,UPI,transfer,0,,normal
TXN003077,2026-06-19 17:39:01,ACC00310,ACC00116,3477.24,RTGS,transfer,0,,normal
TXN003078,2026-06-19 17:44:00,ACC00405,ACC00500,1778.68,UPI,transfer,0,,normal
TXN003079,2026-06-19 18:00:57,ACC00324,ACC00516,216.01,UPI,transfer,0,,normal
TXN003080,2026-06-19 18:14:47,ACC00191,ACC00513,6292.75,NEFT,transfer,0,,normal
TXN003081,2026-06-19 18:14:58,ACC00514,ACC00036,2722.3,RTGS,transfer,0,,normal
TXN003082,2026-06-19 18:17:46,ACC00475,ACC00134,2671.36,IMPS,transfer,0,,normal
TXN003083,2026-06-19 18:24:30,ACC00630,ACC00688,1370.36,RTGS,transfer,0,,normal
TXN003084,2026-06-19 18:30:14,ACC00303,ACC00430,2546.62,CASH_DEPOSIT,cash_deposit,0,,normal
TXN003085,2026-06-19 18:36:26,ACC00546,ACC00363,3039.43,UPI,transfer,0,,normal
TXN003086,2026-06-19 18:59:11,ACC00429,ACC00508,2596.53,CASH_DEPOSIT,cash_deposit,0,,normal
TXN003087,2026-06-19 19:19:43,ACC00699,ACC00694,7534.39,RTGS,transfer,0,,normal
TXN003088,2026-06-19 19:50:45,ACC00381,ACC00633,4552.78,IMPS,transfer,0,,normal
TXN003089,2026-06-19 19:50:49,ACC00035,ACC00061,3496.05,CASH_DEPOSIT,cash_deposit,0,,normal
TXN003090,2026-06-19 19:51:28,ACC00540,ACC00609,1713.61,RTGS,transfer,0,,normal
TXN003091,2026-06-19 19:53:04,ACC00207,ACC00542,1011.72,RTGS,transfer,0,,normal
TXN003092,2026-06-19 19:53:41,ACC00338,ACC00540,5384.57,IMPS,transfer,0,,normal
TXN003093,2026-06-19 19:53:44,ACC00478,ACC00322,653.91,IMPS,transfer,0,,normal
TXN003094,2026-06-19 19:57:09,ACC00517,ACC00187,5476.53,CASH_DEPOSIT,cash_deposit,0,,normal
TXN003095,2026-06-19 19:58:28,ACC00680,ACC00626,8629.44,UPI,transfer,0,,normal
TXN003096,2026-06-19 20:09:48,ACC00385,ACC00211,1354.57,UPI,transfer,0,,normal
TXN003097,2026-06-19 20:20:58,ACC00455,ACC00548,7280.62,IMPS,transfer,0,,normal
TXN003098,2026-06-19 20:21:58,ACC00403,ACC00310,958.95,CASH_DEPOSIT,cash_deposit,0,,normal
TXN003099,2026-06-19 20:30:59,ACC00091,ACC00078,3687.13,CASH_DEPOSIT,cash_deposit,0,,normal
TXN003100,2026-06-19 20:32:25,ACC00307,ACC00482,2848.96,UPI,transfer,0,,normal
TXN003101,2026-06-19 20:49:19,ACC00288,ACC00104,8621.63,CASH_DEPOSIT,transfer,1,DORM006,dormant_reactivation
TXN003102,2026-06-19 21:05:49,ACC00675,ACC00054,26625.4,IMPS,transfer,0,,normal
TXN003103,2026-06-19 21:07:40,ACC00353,ACC00021,1445.58,CASH_DEPOSIT,cash_deposit,0,,normal
TXN003104,2026-06-19 21:12:56,ACC00011,ACC00326,4162.99,UPI,transfer,0,,normal
TXN003105,2026-06-19 21:19:16,ACC00407,ACC00156,47987.26,UPI,transfer,0,,normal
TXN003106,2026-06-19 21:25:12,ACC00129,ACC00549,3940.95,IMPS,transfer,0,,normal
TXN003107,2026-06-19 21:30:58,ACC00650,ACC00025,11048.67,IMPS,transfer,0,,normal
TXN003108,2026-06-19 21:34:30,ACC00367,ACC00215,3432.8,RTGS,transfer,0,,normal
TXN003109,2026-06-19 21:38:28,ACC00041,ACC00373,723.37,RTGS,transfer,0,,normal
TXN003110,2026-06-19 21:41:31,ACC00490,ACC00447,5320.87,UPI,transfer,0,,normal
TXN003111,2026-06-19 21:44:26,ACC00233,ACC00443,3519.53,IMPS,transfer,0,,normal
TXN003112,2026-06-19 21:48:40,ACC00095,ACC00585,4570.2,UPI,transfer,0,,normal
TXN003113,2026-06-19 22:03:18,ACC00658,ACC00491,8905.32,NEFT,transfer,0,,normal
TXN003114,2026-06-19 22:24:21,ACC00257,ACC00139,1975.73,NEFT,transfer,0,,normal
TXN003115,2026-06-19 22:25:12,ACC00640,ACC00542,2888.96,IMPS,transfer,0,,normal
TXN003116,2026-06-19 22:31:06,ACC00420,ACC00315,4638.51,CASH_DEPOSIT,cash_deposit,0,,normal
TXN003117,2026-06-19 22:42:07,ACC00573,ACC00636,5156.06,CASH_DEPOSIT,cash_deposit,0,,normal
TXN003118,2026-06-19 22:43:13,ACC00285,ACC00423,965.79,RTGS,transfer,0,,normal
TXN003119,2026-06-19 22:47:14,ACC00110,ACC00104,5740.14,NEFT,transfer,1,DORM006,dormant_reactivation
TXN003120,2026-06-19 22:59:29,ACC00621,ACC00671,6758.22,RTGS,transfer,0,,normal
TXN003121,2026-06-19 23:04:32,ACC00622,ACC00054,2205.92,UPI,transfer,0,,normal
TXN003122,2026-06-19 23:10:31,ACC00631,ACC00425,1526.76,CASH_DEPOSIT,cash_deposit,0,,normal
TXN003123,2026-06-19 23:12:57,ACC00082,ACC00008,4750.95,IMPS,transfer,0,,normal
TXN003124,2026-06-19 23:14:22,ACC00228,ACC00591,5759.25,CASH_DEPOSIT,cash_deposit,0,,normal
TXN003125,2026-06-19 23:14:43,ACC00038,ACC00042,1568.31,UPI,transfer,0,,normal
TXN003126,2026-06-19 23:19:32,ACC00003,ACC00394,1291.41,IMPS,transfer,0,,normal
TXN003127,2026-06-19 23:20:33,ACC00240,ACC00220,3633.2,RTGS,transfer,0,,normal
TXN003128,2026-06-19 23:20:55,ACC00396,ACC00187,4838.99,CASH_DEPOSIT,cash_deposit,0,,normal
TXN003129,2026-06-19 23:23:15,ACC00458,ACC00379,3492.47,NEFT,transfer,0,,normal
TXN003130,2026-06-19 23:26:19,ACC00203,ACC00155,5491.84,IMPS,transfer,0,,normal
TXN003131,2026-06-19 23:40:58,ACC00398,ACC00298,2063.67,IMPS,transfer,0,,normal
TXN003132,2026-06-19 23:41:09,ACC00271,ACC00137,6165.78,NEFT,transfer,0,,normal
TXN003133,2026-06-19 23:42:29,ACC00677,ACC00236,2590.98,UPI,transfer,0,,normal
TXN003134,2026-06-19 23:46:56,ACC00346,ACC00156,8783.34,NEFT,transfer,0,,normal
TXN003135,2026-06-19 23:56:06,ACC00188,ACC00117,1624.61,NEFT,transfer,0,,normal
TXN003136,2026-06-20 00:05:08,ACC00631,ACC00307,3912.07,RTGS,transfer,0,,normal
TXN003137,2026-06-20 00:11:44,ACC00345,ACC00072,7470.45,CASH_DEPOSIT,cash_deposit,0,,normal
TXN003138,2026-06-20 00:20:11,ACC00316,ACC00459,1765.95,IMPS,transfer,0,,normal
TXN003139,2026-06-20 00:31:50,ACC00225,ACC00443,1993.22,IMPS,transfer,0,,normal
TXN003140,2026-06-20 00:57:34,ACC00231,ACC00269,2575.99,UPI,transfer,0,,normal
TXN003141,2026-06-20 01:00:38,ACC00674,ACC00080,1377.46,IMPS,transfer,0,,normal
TXN003142,2026-06-20 01:02:23,ACC00329,ACC00017,2809.45,UPI,transfer,0,,normal
TXN003143,2026-06-20 01:07:00,ACC00567,ACC00104,6448.37,NEFT,transfer,1,DORM006,dormant_reactivation
TXN003144,2026-06-20 01:14:12,ACC00574,ACC00057,10995.34,CASH_DEPOSIT,cash_deposit,0,,normal
TXN003145,2026-06-20 01:17:18,ACC00211,ACC00280,1302.78,NEFT,transfer,0,,normal
TXN003146,2026-06-20 01:19:49,ACC00134,ACC00482,1731.51,CASH_DEPOSIT,cash_deposit,0,,normal
TXN003147,2026-06-20 01:25:52,ACC00104,ACC00179,27040.3,UPI,transfer,1,DORM006,dormant_reactivation
TXN003148,2026-06-20 01:27:55,ACC00139,ACC00403,5690.65,IMPS,transfer,0,,normal
TXN003149,2026-06-20 02:02:14,ACC00220,ACC00496,2229.25,CASH_DEPOSIT,cash_deposit,0,,normal
TXN003150,2026-06-20 02:12:14,ACC00317,ACC00092,4145.98,NEFT,transfer,0,,normal
TXN003151,2026-06-20 02:43:57,ACC00501,ACC00166,1152.26,UPI,transfer,0,,normal
TXN003152,2026-06-20 02:54:21,ACC00104,ACC00377,6699.17,RTGS,transfer,1,DORM006,dormant_reactivation
TXN003153,2026-06-20 03:00:43,ACC00104,ACC00439,6466.63,CASH_DEPOSIT,transfer,1,DORM006,dormant_reactivation
TXN003154,2026-06-20 03:05:08,ACC00420,ACC00011,7611.66,NEFT,transfer,0,,normal
TXN003155,2026-06-20 03:12:09,ACC00544,ACC00358,37242.89,IMPS,transfer,0,,normal
TXN003156,2026-06-20 03:14:37,ACC00050,ACC00119,13980.86,CASH_DEPOSIT,cash_deposit,0,,normal
TXN003157,2026-06-20 03:30:09,ACC00319,ACC00104,8462.27,NEFT,transfer,1,DORM006,dormant_reactivation
TXN003158,2026-06-20 03:54:58,ACC00137,ACC00378,5944.15,CASH_DEPOSIT,cash_deposit,0,,normal
TXN003159,2026-06-20 03:55:49,ACC00034,ACC00347,3066.26,UPI,transfer,0,,normal
TXN003160,2026-06-20 04:01:53,ACC00033,ACC00294,2634.2,RTGS,transfer,0,,normal
TXN003161,2026-06-20 04:20:46,ACC00533,ACC00251,5547.79,IMPS,transfer,0,,normal
TXN003162,2026-06-20 04:30:34,ACC00524,ACC00582,927.9,RTGS,transfer,0,,normal
TXN003163,2026-06-20 04:35:47,ACC00269,ACC00014,7525.17,NEFT,transfer,0,,normal
TXN003164,2026-06-20 04:37:25,ACC00297,ACC00118,12957.28,IMPS,transfer,0,,normal
TXN003165,2026-06-20 04:42:30,ACC00493,ACC00548,10497.37,UPI,transfer,0,,normal
TXN003166,2026-06-20 04:54:50,ACC00405,ACC00213,5402.25,IMPS,transfer,0,,normal
TXN003167,2026-06-20 04:55:02,ACC00495,ACC00450,1593.71,CASH_DEPOSIT,cash_deposit,0,,normal
TXN003168,2026-06-20 04:56:12,ACC00515,ACC00370,4365.84,NEFT,transfer,0,,normal
TXN003169,2026-06-20 04:56:52,ACC00588,ACC00088,3789.97,NEFT,transfer,0,,normal
TXN003170,2026-06-20 05:00:52,ACC00655,ACC00280,4863.49,CASH_DEPOSIT,cash_deposit,0,,normal
TXN003171,2026-06-20 05:09:10,ACC00057,ACC00271,1144.36,UPI,transfer,0,,normal
TXN003172,2026-06-20 05:10:09,ACC00353,ACC00217,1150.08,CASH_DEPOSIT,cash_deposit,0,,normal
TXN003173,2026-06-20 05:22:44,ACC00251,ACC00544,1053.79,IMPS,transfer,0,,normal
TXN003174,2026-06-20 05:29:43,ACC00336,ACC00568,498.97,RTGS,transfer,0,,normal
TXN003175,2026-06-20 05:35:10,ACC00595,ACC00669,2984.12,IMPS,transfer,0,,normal
TXN003176,2026-06-20 05:36:07,ACC00694,ACC00194,1871.63,IMPS,transfer,0,,normal
TXN003177,2026-06-20 05:38:03,ACC00228,ACC00345,1733.42,RTGS,transfer,0,,normal
TXN003178,2026-06-20 05:58:07,ACC00329,ACC00267,2855.62,CASH_DEPOSIT,cash_deposit,0,,normal
TXN003179,2026-06-20 06:11:32,ACC00616,ACC00187,51116.65,RTGS,transfer,0,,normal
TXN003180,2026-06-20 06:17:41,ACC00621,ACC00383,1133.99,RTGS,transfer,0,,normal
TXN003181,2026-06-20 06:27:54,ACC00223,ACC00506,8876.38,UPI,transfer,0,,normal
TXN003182,2026-06-20 06:32:01,ACC00070,ACC00550,6629.54,NEFT,transfer,0,,normal
TXN003183,2026-06-20 06:34:19,ACC00625,ACC00454,1844.66,NEFT,transfer,0,,normal
TXN003184,2026-06-20 06:41:24,ACC00695,ACC00624,2689.48,RTGS,transfer,0,,normal
TXN003185,2026-06-20 06:47:22,ACC00554,ACC00625,2011.96,UPI,transfer,0,,normal
TXN003186,2026-06-20 06:51:56,ACC00690,ACC00360,26712.77,CASH_DEPOSIT,cash_deposit,0,,normal
TXN003187,2026-06-20 07:01:12,ACC00552,ACC00104,18664.64,UPI,transfer,1,DORM006,dormant_reactivation
TXN003188,2026-06-20 07:13:31,ACC00314,ACC00251,3747.82,IMPS,transfer,0,,normal
TXN003189,2026-06-20 07:19:23,ACC00381,ACC00292,936.64,IMPS,transfer,0,,normal
TXN003190,2026-06-20 07:24:27,ACC00343,ACC00607,2755.74,IMPS,transfer,0,,normal
TXN003191,2026-06-20 07:31:30,ACC00692,ACC00556,4009.22,UPI,transfer,0,,normal
TXN003192,2026-06-20 07:34:55,ACC00054,ACC00103,7618.31,UPI,transfer,0,,normal
TXN003193,2026-06-20 07:43:41,ACC00024,ACC00104,11049.0,CASH_DEPOSIT,transfer,1,DORM006,dormant_reactivation
TXN003194,2026-06-20 07:53:37,ACC00116,ACC00295,865.84,IMPS,transfer,0,,normal
TXN003195,2026-06-20 08:00:51,ACC00625,ACC00288,6880.92,RTGS,transfer,0,,normal
TXN003196,2026-06-20 08:04:40,ACC00484,ACC00119,2664.86,CASH_DEPOSIT,cash_deposit,0,,normal
TXN003197,2026-06-20 08:09:32,ACC00316,ACC00539,6294.56,NEFT,transfer,0,,normal
TXN003198,2026-06-20 08:09:49,ACC00370,ACC00573,3344.79,NEFT,transfer,0,,normal
TXN003199,2026-06-20 08:19:06,ACC00684,ACC00668,1509.87,UPI,transfer,0,,normal
TXN003200,2026-06-20 08:21:52,ACC00098,ACC00412,6637.7,CASH_DEPOSIT,cash_deposit,0,,normal
TXN003201,2026-06-20 08:31:40,ACC00232,ACC00034,10282.84,NEFT,transfer,0,,normal
TXN003202,2026-06-20 08:34:54,ACC00673,ACC00084,1355.1,UPI,transfer,0,,normal
TXN003203,2026-06-20 08:45:42,ACC00499,ACC00138,552117.49,NEFT,transfer,1,LAYER008,cyclic_layering
TXN003204,2026-06-20 08:46:50,ACC00686,ACC00104,5003.73,CASH_DEPOSIT,transfer,1,DORM006,dormant_reactivation
TXN003205,2026-06-20 08:47:12,ACC00104,ACC00456,6624.52,UPI,transfer,1,DORM006,dormant_reactivation
TXN003206,2026-06-20 09:09:17,ACC00126,ACC00242,3215.46,CASH_DEPOSIT,cash_deposit,0,,normal
TXN003207,2026-06-20 09:37:29,ACC00225,ACC00351,4032.37,RTGS,transfer,0,,normal
TXN003208,2026-06-20 09:38:17,ACC00362,ACC00053,1289.07,NEFT,transfer,0,,normal
TXN003209,2026-06-20 09:39:34,ACC00360,ACC00476,1251.01,RTGS,transfer,0,,normal
TXN003210,2026-06-20 09:42:51,ACC00681,ACC00413,6453.46,UPI,transfer,0,,normal
TXN003211,2026-06-20 09:59:21,ACC00562,ACC00210,1272.86,NEFT,transfer,0,,normal
TXN003212,2026-06-20 10:08:36,ACC00507,ACC00161,386.24,CASH_DEPOSIT,cash_deposit,0,,normal
TXN003213,2026-06-20 10:17:38,ACC00603,ACC00357,3394.67,IMPS,transfer,0,,normal
TXN003214,2026-06-20 10:23:14,ACC00283,ACC00196,9164.28,NEFT,transfer,0,,normal
TXN003215,2026-06-20 10:24:43,ACC00446,ACC00283,5500.25,UPI,transfer,0,,normal
TXN003216,2026-06-20 10:25:31,ACC00135,ACC00557,5042.83,RTGS,transfer,0,,normal
TXN003217,2026-06-20 10:27:24,ACC00047,ACC00086,2665.68,NEFT,transfer,0,,normal
TXN003218,2026-06-20 10:53:46,ACC00224,ACC00193,1764.01,IMPS,transfer,0,,normal
TXN003219,2026-06-20 11:03:22,ACC00543,ACC00306,4565.7,IMPS,transfer,0,,normal
TXN003220,2026-06-20 11:04:53,ACC00029,ACC00492,1491.4,NEFT,transfer,0,,normal
TXN003221,2026-06-20 11:23:14,ACC00074,ACC00658,4124.83,UPI,transfer,0,,normal
TXN003222,2026-06-20 11:38:28,ACC00016,ACC00104,10742.98,UPI,transfer,1,DORM006,dormant_reactivation
TXN003223,2026-06-20 11:51:30,ACC00378,ACC00542,2029.55,NEFT,transfer,0,,normal
TXN003224,2026-06-20 12:06:10,ACC00510,ACC00077,5365.67,UPI,transfer,0,,normal
TXN003225,2026-06-20 12:09:35,ACC00201,ACC00438,6041.16,RTGS,transfer,1,DORM007,dormant_reactivation
TXN003226,2026-06-20 12:13:28,ACC00205,ACC00278,6204.91,RTGS,transfer,0,,normal
TXN003227,2026-06-20 12:20:44,ACC00201,ACC00382,3478.9,UPI,transfer,1,DORM007,dormant_reactivation
TXN003228,2026-06-20 12:21:22,ACC00104,ACC00414,12586.38,IMPS,transfer,1,DORM006,dormant_reactivation
TXN003229,2026-06-20 12:33:55,ACC00186,ACC00658,9562.81,NEFT,transfer,0,,normal
TXN003230,2026-06-20 12:42:41,ACC00472,ACC00603,9969.85,CASH_DEPOSIT,cash_deposit,0,,normal
TXN003231,2026-06-20 12:45:46,ACC00448,ACC00185,2162.0,NEFT,transfer,0,,normal
TXN003232,2026-06-20 12:46:00,ACC00461,ACC00316,7017.46,RTGS,transfer,0,,normal
TXN003233,2026-06-20 12:46:04,ACC00443,ACC00477,8378.11,CASH_DEPOSIT,cash_deposit,0,,normal
TXN003234,2026-06-20 12:48:15,ACC00391,ACC00664,981552.25,IMPS,transfer,1,LAYER010,cyclic_layering
TXN003235,2026-06-20 12:58:21,ACC00132,ACC00638,2486.82,NEFT,transfer,0,,normal
TXN003236,2026-06-20 13:05:31,ACC00598,ACC00525,3321.63,IMPS,transfer,0,,normal
TXN003237,2026-06-20 13:45:32,ACC00148,ACC00455,10515.2,RTGS,transfer,0,,normal
TXN003238,2026-06-20 13:52:11,ACC00628,ACC00397,1445.25,IMPS,transfer,0,,normal
TXN003239,2026-06-20 14:02:43,ACC00567,ACC00356,8931.62,UPI,transfer,0,,normal
TXN003240,2026-06-20 14:25:25,ACC00013,ACC00115,2566.68,UPI,transfer,0,,normal
TXN003241,2026-06-20 14:32:49,ACC00027,ACC00636,2370.39,IMPS,transfer,0,,normal
TXN003242,2026-06-20 14:34:59,ACC00396,ACC00161,2336.42,UPI,transfer,0,,normal
TXN003243,2026-06-20 14:40:17,ACC00357,ACC00445,5540.78,IMPS,transfer,0,,normal
TXN003244,2026-06-20 14:43:06,ACC00003,ACC00685,695.99,NEFT,transfer,0,,normal
TXN003245,2026-06-20 14:44:22,ACC00069,ACC00450,1778.41,UPI,transfer,0,,normal
TXN003246,2026-06-20 14:44:55,ACC00064,ACC00232,2971.36,IMPS,transfer,0,,normal
TXN003247,2026-06-20 14:46:21,ACC00488,ACC00201,13711.13,CASH_DEPOSIT,transfer,1,DORM007,dormant_reactivation
TXN003248,2026-06-20 14:47:21,ACC00201,ACC00367,6613.04,CASH_DEPOSIT,transfer,1,DORM007,dormant_reactivation
TXN003249,2026-06-20 14:58:27,ACC00473,ACC00171,864.51,UPI,transfer,0,,normal
TXN003250,2026-06-20 15:06:16,ACC00117,ACC00354,6644.25,CASH_DEPOSIT,cash_deposit,0,,normal
TXN003251,2026-06-20 15:09:54,ACC00033,ACC00677,3386.19,UPI,transfer,0,,normal
TXN003252,2026-06-20 15:13:00,ACC00272,ACC00201,4233.52,NEFT,transfer,1,DORM007,dormant_reactivation
TXN003253,2026-06-20 15:15:06,ACC00667,ACC00446,5047.78,UPI,transfer,0,,normal
TXN003254,2026-06-20 15:26:43,ACC00486,ACC00356,4688.69,UPI,transfer,0,,normal
TXN003255,2026-06-20 15:39:31,ACC00043,ACC00216,4733.44,CASH_DEPOSIT,cash_deposit,0,,normal
TXN003256,2026-06-20 15:52:33,ACC00272,ACC00560,7977.43,CASH_DEPOSIT,cash_deposit,0,,normal
TXN003257,2026-06-20 15:58:29,ACC00480,ACC00363,592.53,RTGS,transfer,0,,normal
TXN003258,2026-06-20 16:13:10,ACC00678,ACC00203,51750.27,IMPS,transfer,0,,normal
TXN003259,2026-06-20 16:20:15,ACC00069,ACC00393,1022230.55,NEFT,transfer,1,LAYER002,cyclic_layering
TXN003260,2026-06-20 16:38:04,ACC00169,ACC00504,1217.37,RTGS,transfer,0,,normal
TXN003261,2026-06-20 16:38:06,ACC00516,ACC00096,7771.84,RTGS,transfer,0,,normal
TXN003262,2026-06-20 16:42:32,ACC00283,ACC00511,2265.04,IMPS,transfer,0,,normal
TXN003263,2026-06-20 16:57:29,ACC00520,ACC00383,3284.52,IMPS,transfer,0,,normal
TXN003264,2026-06-20 17:00:12,ACC00320,ACC00104,29549.14,NEFT,transfer,1,DORM006,dormant_reactivation
TXN003265,2026-06-20 17:16:30,ACC00122,ACC00611,1836.6,NEFT,transfer,0,,normal
TXN003266,2026-06-20 17:19:07,ACC00666,ACC00359,1489.83,IMPS,transfer,0,,normal
TXN003267,2026-06-20 17:19:59,ACC00321,ACC00590,3926.27,RTGS,transfer,0,,normal
TXN003268,2026-06-20 17:22:00,ACC00496,ACC00106,3058.72,CASH_DEPOSIT,cash_deposit,0,,normal
TXN003269,2026-06-20 17:30:58,ACC00345,ACC00653,8675.8,NEFT,transfer,0,,normal
TXN003270,2026-06-20 17:31:46,ACC00104,ACC00508,11310.6,RTGS,transfer,1,DORM006,dormant_reactivation
TXN003271,2026-06-20 17:37:47,ACC00524,ACC00201,9524.13,NEFT,transfer,1,DORM007,dormant_reactivation
TXN003272,2026-06-20 17:48:44,ACC00201,ACC00255,3083.57,UPI,transfer,1,DORM007,dormant_reactivation
TXN003273,2026-06-20 17:56:49,ACC00558,ACC00609,14548.28,RTGS,transfer,0,,normal
TXN003274,2026-06-20 17:59:33,ACC00099,ACC00118,872.65,IMPS,transfer,0,,normal
TXN003275,2026-06-20 18:19:34,ACC00254,ACC00336,34086.99,CASH_DEPOSIT,cash_deposit,0,,normal
TXN003276,2026-06-20 18:19:35,ACC00603,ACC00389,9008.7,UPI,transfer,0,,normal
TXN003277,2026-06-20 18:23:18,ACC00304,ACC00104,3349.57,RTGS,transfer,1,DORM006,dormant_reactivation
TXN003278,2026-06-20 18:28:36,ACC00098,ACC00104,4483.39,RTGS,transfer,1,DORM006,dormant_reactivation
TXN003279,2026-06-20 18:34:05,ACC00373,ACC00270,3508.12,IMPS,transfer,0,,normal
TXN003280,2026-06-20 18:45:17,ACC00505,ACC00104,11415.58,NEFT,transfer,1,DORM006,dormant_reactivation
TXN003281,2026-06-20 18:56:53,ACC00201,ACC00100,3230.66,CASH_DEPOSIT,transfer,1,DORM007,dormant_reactivation
TXN003282,2026-06-20 18:59:36,ACC00218,ACC00341,4205.89,RTGS,transfer,0,,normal
TXN003283,2026-06-20 19:00:11,ACC00548,ACC00475,15266.3,CASH_DEPOSIT,cash_deposit,0,,normal
TXN003284,2026-06-20 19:06:56,ACC00232,ACC00023,5263.2,CASH_DEPOSIT,cash_deposit,0,,normal
TXN003285,2026-06-20 19:09:17,ACC00083,ACC00269,7488.05,RTGS,transfer,0,,normal
TXN003286,2026-06-20 19:26:29,ACC00380,ACC00076,6300.06,UPI,transfer,0,,normal
TXN003287,2026-06-20 19:27:21,ACC00171,ACC00201,3150.75,RTGS,transfer,1,DORM007,dormant_reactivation
TXN003288,2026-06-20 19:35:42,ACC00255,ACC00536,5963.95,CASH_DEPOSIT,cash_deposit,0,,normal
TXN003289,2026-06-20 19:38:13,ACC00297,ACC00201,1560.59,IMPS,transfer,1,DORM007,dormant_reactivation
TXN003290,2026-06-20 19:41:53,ACC00629,ACC00446,2872.74,NEFT,transfer,0,,normal
TXN003291,2026-06-20 19:54:28,ACC00615,ACC00635,4757.7,RTGS,transfer,0,,normal
TXN003292,2026-06-20 20:02:21,ACC00261,ACC00693,1515.18,CASH_DEPOSIT,cash_deposit,0,,normal
TXN003293,2026-06-20 20:03:06,ACC00592,ACC00572,12483.78,NEFT,transfer,0,,normal
TXN003294,2026-06-20 20:08:11,ACC00229,ACC00616,3384.76,IMPS,transfer,0,,normal
TXN003295,2026-06-20 20:23:35,ACC00140,ACC00201,4878.87,NEFT,transfer,1,DORM007,dormant_reactivation
TXN003296,2026-06-20 20:33:33,ACC00424,ACC00674,1768.37,NEFT,transfer,0,,normal
TXN003297,2026-06-20 20:40:23,ACC00278,ACC00404,4793.9,IMPS,transfer,0,,normal
TXN003298,2026-06-20 20:43:29,ACC00356,ACC00540,13062.62,IMPS,transfer,0,,normal
TXN003299,2026-06-20 20:46:10,ACC00063,ACC00191,3873.89,CASH_DEPOSIT,cash_deposit,0,,normal
TXN003300,2026-06-20 20:47:21,ACC00056,ACC00311,3025.81,UPI,transfer,0,,normal
TXN003301,2026-06-20 20:49:36,ACC00254,ACC00598,873.7,RTGS,transfer,0,,normal
TXN003302,2026-06-20 21:00:30,ACC00320,ACC00332,8359.53,NEFT,transfer,0,,normal
TXN003303,2026-06-20 21:26:45,ACC00576,ACC00200,12718.18,NEFT,transfer,0,,normal
TXN003304,2026-06-20 21:31:19,ACC00367,ACC00067,12309.27,IMPS,transfer,0,,normal
TXN003305,2026-06-20 21:47:39,ACC00451,ACC00137,3114.46,IMPS,transfer,0,,normal
TXN003306,2026-06-20 21:49:52,ACC00224,ACC00542,843.08,RTGS,transfer,0,,normal
TXN003307,2026-06-20 21:50:23,ACC00231,ACC00430,2925.57,CASH_DEPOSIT,cash_deposit,0,,normal
TXN003308,2026-06-20 22:04:20,ACC00422,ACC00575,2268.12,RTGS,transfer,0,,normal
TXN003309,2026-06-20 22:08:08,ACC00201,ACC00252,10332.21,RTGS,transfer,1,DORM007,dormant_reactivation
TXN003310,2026-06-20 22:13:28,ACC00451,ACC00456,1633.71,NEFT,transfer,0,,normal
TXN003311,2026-06-20 22:18:36,ACC00507,ACC00222,24087.94,NEFT,transfer,0,,normal
TXN003312,2026-06-20 22:20:16,ACC00011,ACC00461,4474.66,UPI,transfer,0,,normal
TXN003313,2026-06-20 22:25:43,ACC00391,ACC00536,3750.79,RTGS,transfer,0,,normal
TXN003314,2026-06-20 22:28:18,ACC00637,ACC00186,9566.97,RTGS,transfer,0,,normal
TXN003315,2026-06-20 22:42:50,ACC00133,ACC00630,2098.65,RTGS,transfer,0,,normal
TXN003316,2026-06-20 22:43:16,ACC00527,ACC00352,1615.84,RTGS,transfer,0,,normal
TXN003317,2026-06-20 23:02:38,ACC00615,ACC00687,10452.84,IMPS,transfer,0,,normal
TXN003318,2026-06-20 23:03:25,ACC00628,ACC00126,17216.16,NEFT,transfer,0,,normal
TXN003319,2026-06-20 23:43:40,ACC00271,ACC00184,4730.81,UPI,transfer,0,,normal
TXN003320,2026-06-20 23:58:58,ACC00063,ACC00009,1686.51,UPI,transfer,0,,normal
TXN003321,2026-06-21 00:04:08,ACC00010,ACC00692,3446.15,UPI,transfer,0,,normal
TXN003322,2026-06-21 00:24:45,ACC00615,ACC00093,41743.48,NEFT,transfer,0,,normal
TXN003323,2026-06-21 00:30:07,ACC00517,ACC00308,4290.9,IMPS,transfer,0,,normal
TXN003324,2026-06-21 00:43:23,ACC00183,ACC00575,4611.24,CASH_DEPOSIT,cash_deposit,0,,normal
TXN003325,2026-06-21 01:28:23,ACC00169,ACC00638,7914.72,UPI,transfer,0,,normal
TXN003326,2026-06-21 01:34:17,ACC00068,ACC00567,637.86,UPI,transfer,0,,normal
TXN003327,2026-06-21 01:52:53,ACC00412,ACC00239,30603.42,IMPS,transfer,0,,normal
TXN003328,2026-06-21 01:54:29,ACC00076,ACC00169,5403.06,IMPS,transfer,0,,normal
TXN003329,2026-06-21 01:56:43,ACC00577,ACC00025,5133.59,RTGS,transfer,0,,normal
TXN003330,2026-06-21 02:06:18,ACC00117,ACC00626,1677.93,NEFT,transfer,0,,normal
TXN003331,2026-06-21 02:09:04,ACC00407,ACC00044,7406.78,UPI,transfer,0,,normal
TXN003332,2026-06-21 02:15:40,ACC00347,ACC00554,2256.77,RTGS,transfer,0,,normal
TXN003333,2026-06-21 02:27:23,ACC00094,ACC00523,1581.25,IMPS,transfer,0,,normal
TXN003334,2026-06-21 02:45:09,ACC00034,ACC00469,5378.72,IMPS,transfer,0,,normal
TXN003335,2026-06-21 03:17:17,ACC00491,ACC00570,1762.71,CASH_DEPOSIT,cash_deposit,0,,normal
TXN003336,2026-06-21 03:17:41,ACC00361,ACC00556,1077.87,NEFT,transfer,0,,normal
TXN003337,2026-06-21 03:20:51,ACC00663,ACC00649,6883.16,CASH_DEPOSIT,cash_deposit,0,,normal
TXN003338,2026-06-21 03:24:13,ACC00462,ACC00633,1811.58,IMPS,transfer,0,,normal
TXN003339,2026-06-21 03:41:09,ACC00564,ACC00525,4750.29,UPI,transfer,0,,normal
TXN003340,2026-06-21 03:56:49,ACC00279,ACC00429,1398.66,NEFT,transfer,0,,normal
TXN003341,2026-06-21 03:57:49,ACC00498,ACC00622,6241.12,CASH_DEPOSIT,cash_deposit,0,,normal
TXN003342,2026-06-21 04:05:34,ACC00335,ACC00315,4079.84,RTGS,transfer,0,,normal
TXN003343,2026-06-21 04:19:43,ACC00610,ACC00201,2355.49,NEFT,transfer,1,DORM007,dormant_reactivation
TXN003344,2026-06-21 04:19:45,ACC00206,ACC00333,6338.33,IMPS,transfer,0,,normal
TXN003345,2026-06-21 04:26:32,ACC00662,ACC00503,2220.3,NEFT,transfer,0,,normal
TXN003346,2026-06-21 04:26:42,ACC00500,ACC00002,24560.49,CASH_DEPOSIT,cash_deposit,0,,normal
TXN003347,2026-06-21 04:30:18,ACC00084,ACC00357,2141.15,RTGS,transfer,0,,normal
TXN003348,2026-06-21 04:36:56,ACC00143,ACC00481,5985.35,UPI,transfer,0,,normal
TXN003349,2026-06-21 04:38:20,ACC00059,ACC00201,6720.57,NEFT,transfer,1,DORM007,dormant_reactivation
TXN003350,2026-06-21 04:46:18,ACC00142,ACC00540,1214.04,NEFT,transfer,0,,normal
TXN003351,2026-06-21 04:49:49,ACC00451,ACC00343,1605.65,CASH_DEPOSIT,cash_deposit,0,,normal
TXN003352,2026-06-21 05:01:54,ACC00589,ACC00130,16862.63,IMPS,transfer,0,,normal
TXN003353,2026-06-21 05:11:42,ACC00173,ACC00588,1143.16,RTGS,transfer,0,,normal
TXN003354,2026-06-21 05:29:00,ACC00086,ACC00177,1215.18,IMPS,transfer,0,,normal
TXN003355,2026-06-21 05:31:46,ACC00203,ACC00529,7093.73,UPI,transfer,0,,normal
TXN003356,2026-06-21 05:40:37,ACC00666,ACC00248,14403.52,CASH_DEPOSIT,cash_deposit,0,,normal
TXN003357,2026-06-21 05:47:41,ACC00045,ACC00543,524.71,RTGS,transfer,0,,normal
TXN003358,2026-06-21 05:58:33,ACC00053,ACC00592,4962.42,RTGS,transfer,0,,normal
TXN003359,2026-06-21 06:01:47,ACC00493,ACC00636,2566.99,UPI,transfer,0,,normal
TXN003360,2026-06-21 06:07:24,ACC00145,ACC00305,4157.08,NEFT,transfer,0,,normal
TXN003361,2026-06-21 06:09:14,ACC00505,ACC00405,2494.83,UPI,transfer,0,,normal
TXN003362,2026-06-21 06:10:49,ACC00426,ACC00112,1074.52,IMPS,transfer,0,,normal
TXN003363,2026-06-21 06:12:24,ACC00390,ACC00100,7553.14,RTGS,transfer,0,,normal
TXN003364,2026-06-21 06:13:07,ACC00425,ACC00371,4007.19,NEFT,transfer,0,,normal
TXN003365,2026-06-21 06:22:20,ACC00196,ACC00020,14998.68,RTGS,transfer,0,,normal
TXN003366,2026-06-21 06:24:24,ACC00454,ACC00088,31231.14,UPI,transfer,0,,normal
TXN003367,2026-06-21 06:32:49,ACC00422,ACC00262,2912.72,RTGS,transfer,0,,normal
TXN003368,2026-06-21 06:40:25,ACC00283,ACC00471,2398.34,UPI,transfer,0,,normal
TXN003369,2026-06-21 06:44:33,ACC00669,ACC00475,1367.89,RTGS,transfer,0,,normal
TXN003370,2026-06-21 06:54:32,ACC00547,ACC00615,7759.41,NEFT,transfer,0,,normal
TXN003371,2026-06-21 07:12:07,ACC00090,ACC00491,5804.55,IMPS,transfer,0,,normal
TXN003372,2026-06-21 07:14:14,ACC00173,ACC00589,6586.44,UPI,transfer,0,,normal
TXN003373,2026-06-21 07:21:06,ACC00545,ACC00408,7924.09,NEFT,transfer,0,,normal
TXN003374,2026-06-21 07:34:18,ACC00251,ACC00402,3952.14,UPI,transfer,0,,normal
TXN003375,2026-06-21 07:52:06,ACC00631,ACC00592,4859.58,NEFT,transfer,0,,normal
TXN003376,2026-06-21 07:57:54,ACC00496,ACC00477,13466.15,NEFT,transfer,0,,normal
TXN003377,2026-06-21 08:07:58,ACC00641,ACC00672,10188.61,IMPS,transfer,0,,normal
TXN003378,2026-06-21 08:15:54,ACC00620,ACC00338,2513.32,IMPS,transfer,0,,normal
TXN003379,2026-06-21 08:33:49,ACC00395,ACC00138,2455.38,UPI,transfer,0,,normal
TXN003380,2026-06-21 08:52:07,ACC00383,ACC00024,6234.07,CASH_DEPOSIT,cash_deposit,0,,normal
TXN003381,2026-06-21 08:52:56,ACC00393,ACC00242,2028.82,NEFT,transfer,0,,normal
TXN003382,2026-06-21 09:00:15,ACC00048,ACC00447,2180.42,RTGS,transfer,0,,normal
TXN003383,2026-06-21 09:09:55,ACC00214,ACC00606,8626.1,CASH_DEPOSIT,cash_deposit,0,,normal
TXN003384,2026-06-21 09:11:55,ACC00239,ACC00316,13473.18,CASH_DEPOSIT,cash_deposit,0,,normal
TXN003385,2026-06-21 09:38:55,ACC00489,ACC00049,6270.72,UPI,transfer,0,,normal
TXN003386,2026-06-21 09:57:38,ACC00201,ACC00378,11482.73,IMPS,transfer,1,DORM007,dormant_reactivation
TXN003387,2026-06-21 09:59:46,ACC00479,ACC00622,1178.32,RTGS,transfer,0,,normal
TXN003388,2026-06-21 10:02:05,ACC00322,ACC00059,8719.22,IMPS,transfer,0,,normal
TXN003389,2026-06-21 10:12:34,ACC00515,ACC00510,5494.44,IMPS,transfer,0,,normal
TXN003390,2026-06-21 10:25:28,ACC00323,ACC00040,3180.82,CASH_DEPOSIT,cash_deposit,0,,normal
TXN003391,2026-06-21 10:45:40,ACC00201,ACC00083,13083.42,RTGS,transfer,1,DORM007,dormant_reactivation
TXN003392,2026-06-21 10:47:34,ACC00146,ACC00298,3287.45,NEFT,transfer,0,,normal
TXN003393,2026-06-21 11:02:16,ACC00201,ACC00476,10348.68,IMPS,transfer,1,DORM007,dormant_reactivation
TXN003394,2026-06-21 11:21:00,ACC00114,ACC00190,6324.04,RTGS,transfer,0,,normal
TXN003395,2026-06-21 11:35:18,ACC00477,ACC00152,480.83,IMPS,transfer,0,,normal
TXN003396,2026-06-21 11:39:43,ACC00069,ACC00260,1026.34,NEFT,transfer,0,,normal
TXN003397,2026-06-21 11:42:55,ACC00055,ACC00093,5179.83,UPI,transfer,0,,normal
TXN003398,2026-06-21 11:45:37,ACC00475,ACC00476,2843.18,RTGS,transfer,0,,normal
TXN003399,2026-06-21 11:57:19,ACC00686,ACC00076,2079.65,RTGS,transfer,0,,normal
TXN003400,2026-06-21 12:08:15,ACC00390,ACC00051,1915.58,IMPS,transfer,0,,normal
TXN003401,2026-06-21 12:14:39,ACC00381,ACC00025,3692.7,CASH_DEPOSIT,cash_deposit,0,,normal
TXN003402,2026-06-21 12:23:44,ACC00283,ACC00593,11269.04,NEFT,transfer,0,,normal
TXN003403,2026-06-21 12:35:30,ACC00390,ACC00201,19533.09,IMPS,transfer,1,DORM007,dormant_reactivation
TXN003404,2026-06-21 12:54:04,ACC00664,ACC00197,955530.45,IMPS,transfer,1,LAYER010,cyclic_layering
TXN003405,2026-06-21 13:00:43,ACC00386,ACC00172,4797.29,IMPS,transfer,0,,normal
TXN003406,2026-06-21 13:34:52,ACC00103,ACC00649,4624.18,UPI,transfer,0,,normal
TXN003407,2026-06-21 13:38:49,ACC00201,ACC00128,16150.28,NEFT,transfer,1,DORM007,dormant_reactivation
TXN003408,2026-06-21 13:39:39,ACC00448,ACC00574,1187.86,NEFT,transfer,0,,normal
TXN003409,2026-06-21 13:46:22,ACC00086,ACC00201,12732.51,IMPS,transfer,1,DORM007,dormant_reactivation
TXN003410,2026-06-21 13:46:35,ACC00196,ACC00350,10808.73,NEFT,transfer,0,,normal
TXN003411,2026-06-21 13:59:10,ACC00186,ACC00475,8512.05,CASH_DEPOSIT,cash_deposit,0,,normal
TXN003412,2026-06-21 14:04:36,ACC00305,ACC00034,3436.58,UPI,transfer,0,,normal
TXN003413,2026-06-21 14:07:58,ACC00415,ACC00443,3825.72,UPI,transfer,0,,normal
TXN003414,2026-06-21 14:28:10,ACC00017,ACC00094,4575.01,IMPS,transfer,0,,normal
TXN003415,2026-06-21 14:35:06,ACC00335,ACC00326,4918.5,IMPS,transfer,0,,normal
TXN003416,2026-06-21 14:40:50,ACC00315,ACC00464,5184.2,UPI,transfer,0,,normal
TXN003417,2026-06-21 14:43:40,ACC00526,ACC00426,3539.37,RTGS,transfer,0,,normal
TXN003418,2026-06-21 14:50:52,ACC00558,ACC00412,16417.41,CASH_DEPOSIT,cash_deposit,0,,normal
TXN003419,2026-06-21 14:54:51,ACC00082,ACC00058,1198.64,IMPS,transfer,0,,normal
TXN003420,2026-06-21 15:03:39,ACC00252,ACC00232,2612.22,IMPS,transfer,0,,normal
TXN003421,2026-06-21 15:14:10,ACC00314,ACC00270,4314.03,UPI,transfer,0,,normal
TXN003422,2026-06-21 15:16:42,ACC00281,ACC00499,1509.22,NEFT,transfer,0,,normal
TXN003423,2026-06-21 15:19:52,ACC00032,ACC00658,724.49,NEFT,transfer,0,,normal
TXN003424,2026-06-21 15:22:57,ACC00302,ACC00016,11331.79,CASH_DEPOSIT,cash_deposit,0,,normal
TXN003425,2026-06-21 15:52:39,ACC00588,ACC00623,12037.5,RTGS,transfer,0,,normal
TXN003426,2026-06-21 16:06:14,ACC00405,ACC00003,11564.49,UPI,transfer,0,,normal
TXN003427,2026-06-21 16:15:33,ACC00173,ACC00308,2465.01,IMPS,transfer,0,,normal
TXN003428,2026-06-21 16:23:03,ACC00345,ACC00159,16278.29,RTGS,transfer,0,,normal
TXN003429,2026-06-21 16:23:04,ACC00538,ACC00262,5552.93,RTGS,transfer,0,,normal
TXN003430,2026-06-21 16:28:56,ACC00265,ACC00170,1144.5,CASH_DEPOSIT,cash_deposit,0,,normal
TXN003431,2026-06-21 16:35:45,ACC00049,ACC00396,5868.37,CASH_DEPOSIT,cash_deposit,0,,normal
TXN003432,2026-06-21 16:39:37,ACC00280,ACC00673,2016.22,CASH_DEPOSIT,cash_deposit,0,,normal
TXN003433,2026-06-21 16:48:02,ACC00484,ACC00250,6286.54,IMPS,transfer,0,,normal
TXN003434,2026-06-21 16:49:36,ACC00413,ACC00134,1504.04,UPI,transfer,0,,normal
TXN003435,2026-06-21 16:53:53,ACC00698,ACC00326,299.94,NEFT,transfer,0,,normal
TXN003436,2026-06-21 16:55:20,ACC00418,ACC00398,4700.27,NEFT,transfer,0,,normal
TXN003437,2026-06-21 17:19:23,ACC00385,ACC00027,3928.71,IMPS,transfer,0,,normal
TXN003438,2026-06-21 17:37:24,ACC00345,ACC00437,15782.83,NEFT,transfer,0,,normal
TXN003439,2026-06-21 17:49:52,ACC00249,ACC00198,1719.45,IMPS,transfer,0,,normal
TXN003440,2026-06-21 17:52:53,ACC00639,ACC00150,6808.06,IMPS,transfer,0,,normal
TXN003441,2026-06-21 17:55:11,ACC00030,ACC00251,3029.28,IMPS,transfer,0,,normal
TXN003442,2026-06-21 18:03:53,ACC00192,ACC00442,2759.96,RTGS,transfer,0,,normal
TXN003443,2026-06-21 18:45:37,ACC00564,ACC00038,2960.7,NEFT,transfer,0,,normal
TXN003444,2026-06-21 19:06:20,ACC00596,ACC00630,3379.8,NEFT,transfer,0,,normal
TXN003445,2026-06-21 19:18:02,ACC00443,ACC00446,2843.58,CASH_DEPOSIT,cash_deposit,0,,normal
TXN003446,2026-06-21 19:22:41,ACC00084,ACC00539,4286.75,UPI,transfer,0,,normal
TXN003447,2026-06-21 19:26:36,ACC00083,ACC00687,1026.01,RTGS,transfer,0,,normal
TXN003448,2026-06-21 19:26:49,ACC00693,ACC00364,2698.0,CASH_DEPOSIT,cash_deposit,0,,normal
TXN003449,2026-06-21 19:28:20,ACC00309,ACC00150,5366.38,NEFT,transfer,0,,normal
TXN003450,2026-06-21 19:46:16,ACC00661,ACC00478,6762.44,IMPS,transfer,0,,normal
TXN003451,2026-06-21 19:50:12,ACC00329,ACC00513,2907.64,IMPS,transfer,0,,normal
TXN003452,2026-06-21 19:57:08,ACC00023,ACC00574,1699.7,NEFT,transfer,0,,normal
TXN003453,2026-06-21 19:57:37,ACC00302,ACC00310,5321.68,UPI,transfer,0,,normal
TXN003454,2026-06-21 19:59:05,ACC00410,ACC00199,3681.05,NEFT,transfer,0,,normal
TXN003455,2026-06-21 20:00:20,ACC00064,ACC00062,4589.51,RTGS,transfer,0,,normal
TXN003456,2026-06-21 20:11:27,ACC00011,ACC00304,2425.58,RTGS,transfer,0,,normal
TXN003457,2026-06-21 20:14:07,ACC00674,ACC00556,4262.84,CASH_DEPOSIT,cash_deposit,0,,normal
TXN003458,2026-06-21 20:15:11,ACC00656,ACC00068,10293.05,CASH_DEPOSIT,cash_deposit,0,,normal
TXN003459,2026-06-21 20:27:03,ACC00334,ACC00202,7154.67,RTGS,transfer,0,,normal
TXN003460,2026-06-21 20:34:22,ACC00507,ACC00042,1772.34,CASH_DEPOSIT,cash_deposit,0,,normal
TXN003461,2026-06-21 20:34:48,ACC00142,ACC00598,1854.89,IMPS,transfer,0,,normal
TXN003462,2026-06-21 20:43:47,ACC00238,ACC00680,9905.95,CASH_DEPOSIT,cash_deposit,0,,normal
TXN003463,2026-06-21 20:47:29,ACC00658,ACC00536,2602.06,IMPS,transfer,0,,normal
TXN003464,2026-06-21 20:53:06,ACC00671,ACC00688,2503.96,UPI,transfer,0,,normal
TXN003465,2026-06-21 20:56:45,ACC00097,ACC00039,736.26,NEFT,transfer,0,,normal
TXN003466,2026-06-21 21:10:58,ACC00231,ACC00117,5621.87,IMPS,transfer,0,,normal
TXN003467,2026-06-21 21:12:07,ACC00221,ACC00678,4165.16,NEFT,transfer,0,,normal
TXN003468,2026-06-21 21:45:55,ACC00615,ACC00191,1927.47,IMPS,transfer,0,,normal
TXN003469,2026-06-21 21:48:46,ACC00660,ACC00230,5461.32,NEFT,transfer,0,,normal
TXN003470,2026-06-21 22:04:41,ACC00340,ACC00431,6639.51,NEFT,transfer,0,,normal
TXN003471,2026-06-21 22:08:34,ACC00004,ACC00444,7871.97,UPI,transfer,0,,normal
TXN003472,2026-06-21 22:14:24,ACC00360,ACC00491,1130.83,NEFT,transfer,0,,normal
TXN003473,2026-06-21 22:14:35,ACC00293,ACC00109,1902.89,CASH_DEPOSIT,cash_deposit,0,,normal
TXN003474,2026-06-21 22:17:42,ACC00658,ACC00076,14459.85,NEFT,transfer,0,,normal
TXN003475,2026-06-21 22:19:05,ACC00097,ACC00615,1706.77,UPI,transfer,0,,normal
TXN003476,2026-06-21 22:30:54,ACC00235,ACC00328,4387.11,UPI,transfer,0,,normal
TXN003477,2026-06-21 22:57:53,ACC00015,ACC00297,2904.43,NEFT,transfer,0,,normal
TXN003478,2026-06-21 23:10:56,ACC00489,ACC00318,8658.12,UPI,transfer,0,,normal
TXN003479,2026-06-21 23:48:53,ACC00304,ACC00271,5372.44,IMPS,transfer,0,,normal
TXN003480,2026-06-21 23:49:14,ACC00017,ACC00525,5032.7,RTGS,transfer,0,,normal
TXN003481,2026-06-21 23:57:18,ACC00212,ACC00592,2014.98,CASH_DEPOSIT,cash_deposit,0,,normal
TXN003482,2026-06-22 00:15:30,ACC00688,ACC00613,6882.33,RTGS,transfer,0,,normal
TXN003483,2026-06-22 00:29:03,ACC00117,ACC00181,875.48,CASH_DEPOSIT,cash_deposit,0,,normal
TXN003484,2026-06-22 01:13:24,ACC00351,ACC00063,12124.6,UPI,transfer,0,,normal
TXN003485,2026-06-22 01:19:59,ACC00090,ACC00342,1380.72,CASH_DEPOSIT,cash_deposit,0,,normal
TXN003486,2026-06-22 01:21:26,ACC00329,ACC00113,5723.01,IMPS,transfer,0,,normal
TXN003487,2026-06-22 01:39:56,ACC00014,ACC00280,316.92,RTGS,transfer,0,,normal
TXN003488,2026-06-22 01:46:28,ACC00419,ACC00371,5478.11,NEFT,transfer,0,,normal
TXN003489,2026-06-22 02:01:36,ACC00139,ACC00398,3480.1,CASH_DEPOSIT,cash_deposit,0,,normal
TXN003490,2026-06-22 02:22:49,ACC00301,ACC00485,5611.36,IMPS,transfer,0,,normal
TXN003491,2026-06-22 02:25:51,ACC00384,ACC00392,4774.27,RTGS,transfer,0,,normal
TXN003492,2026-06-22 02:33:32,ACC00489,ACC00270,257.54,CASH_DEPOSIT,cash_deposit,0,,normal
TXN003493,2026-06-22 02:39:44,ACC00698,ACC00122,7465.63,RTGS,transfer,0,,normal
TXN003494,2026-06-22 02:47:04,ACC00450,ACC00632,1158.95,RTGS,transfer,0,,normal
TXN003495,2026-06-22 03:12:25,ACC00273,ACC00584,3457.64,UPI,transfer,0,,normal
TXN003496,2026-06-22 03:16:12,ACC00630,ACC00440,4168.98,CASH_DEPOSIT,cash_deposit,0,,normal
TXN003497,2026-06-22 03:23:37,ACC00344,ACC00283,4618.57,UPI,transfer,0,,normal
TXN003498,2026-06-22 03:34:37,ACC00086,ACC00298,3352.09,RTGS,transfer,0,,normal
TXN003499,2026-06-22 03:47:38,ACC00124,ACC00661,2727.0,IMPS,transfer,0,,normal
TXN003500,2026-06-22 04:07:20,ACC00127,ACC00462,8758.51,CASH_DEPOSIT,cash_deposit,0,,normal
TXN003501,2026-06-22 04:10:41,ACC00185,ACC00222,8529.93,UPI,transfer,0,,normal
TXN003502,2026-06-22 04:11:18,ACC00400,ACC00242,8607.1,IMPS,transfer,0,,normal
TXN003503,2026-06-22 04:31:08,ACC00165,ACC00124,5983.54,NEFT,transfer,0,,normal
TXN003504,2026-06-22 04:42:20,ACC00455,ACC00398,6588.95,RTGS,transfer,0,,normal
TXN003505,2026-06-22 04:47:15,ACC00182,ACC00371,3714.93,RTGS,transfer,0,,normal
TXN003506,2026-06-22 04:57:58,ACC00088,ACC00222,6967.57,RTGS,transfer,0,,normal
TXN003507,2026-06-22 05:01:38,ACC00555,ACC00376,13907.75,CASH_DEPOSIT,cash_deposit,0,,normal
TXN003508,2026-06-22 05:12:05,ACC00555,ACC00538,633.81,NEFT,transfer,0,,normal
TXN003509,2026-06-22 05:37:57,ACC00063,ACC00513,12233.27,NEFT,transfer,0,,normal
TXN003510,2026-06-22 05:45:43,ACC00426,ACC00496,21297.15,IMPS,transfer,0,,normal
TXN003511,2026-06-22 06:05:23,ACC00138,ACC00517,2817.52,UPI,transfer,0,,normal
TXN003512,2026-06-22 06:16:35,ACC00487,ACC00481,5035.17,UPI,transfer,0,,normal
TXN003513,2026-06-22 06:19:13,ACC00229,ACC00509,6087.71,RTGS,transfer,0,,normal
TXN003514,2026-06-22 06:24:13,ACC00403,ACC00669,2486.15,UPI,transfer,0,,normal
TXN003515,2026-06-22 06:25:01,ACC00472,ACC00499,5679.28,IMPS,transfer,0,,normal
TXN003516,2026-06-22 06:42:31,ACC00154,ACC00187,10468.21,CASH_DEPOSIT,cash_deposit,0,,normal
TXN003517,2026-06-22 06:57:33,ACC00564,ACC00523,26599.43,CASH_DEPOSIT,cash_deposit,0,,normal
TXN003518,2026-06-22 07:20:12,ACC00582,ACC00502,4459.23,RTGS,transfer,0,,normal
TXN003519,2026-06-22 07:23:02,ACC00367,ACC00691,2219.19,UPI,transfer,0,,normal
TXN003520,2026-06-22 07:43:24,ACC00209,ACC00239,588.43,UPI,transfer,0,,normal
TXN003521,2026-06-22 07:50:45,ACC00043,ACC00066,1584.59,RTGS,transfer,0,,normal
TXN003522,2026-06-22 08:01:43,ACC00561,ACC00071,1845.71,NEFT,transfer,0,,normal
TXN003523,2026-06-22 08:06:59,ACC00001,ACC00308,3590.6,IMPS,transfer,0,,normal
TXN003524,2026-06-22 08:22:42,ACC00487,ACC00144,1735.1,CASH_DEPOSIT,cash_deposit,0,,normal
TXN003525,2026-06-22 08:54:42,ACC00264,ACC00214,2395.7,CASH_DEPOSIT,cash_deposit,0,,normal
TXN003526,2026-06-22 09:18:44,ACC00048,ACC00397,1527.96,RTGS,transfer,0,,normal
TXN003527,2026-06-22 09:22:28,ACC00636,ACC00414,10987.86,RTGS,transfer,0,,normal
TXN003528,2026-06-22 09:25:02,ACC00124,ACC00531,7717.73,UPI,transfer,0,,normal
TXN003529,2026-06-22 10:07:37,ACC00298,ACC00138,6469.11,RTGS,transfer,0,,normal
TXN003530,2026-06-22 10:31:07,ACC00112,ACC00463,2289.99,IMPS,transfer,0,,normal
TXN003531,2026-06-22 10:42:08,ACC00577,ACC00656,2764.42,RTGS,transfer,0,,normal
TXN003532,2026-06-22 10:48:14,ACC00685,ACC00087,10503.53,NEFT,transfer,0,,normal
TXN003533,2026-06-22 10:49:18,ACC00499,ACC00409,2253.45,IMPS,transfer,0,,normal
TXN003534,2026-06-22 10:50:32,ACC00624,ACC00001,11843.63,IMPS,transfer,0,,normal
TXN003535,2026-06-22 10:50:37,ACC00687,ACC00222,4396.32,RTGS,transfer,0,,normal
TXN003536,2026-06-22 10:52:53,ACC00465,ACC00414,8863.95,RTGS,transfer,0,,normal
TXN003537,2026-06-22 10:57:22,ACC00434,ACC00281,3819.04,CASH_DEPOSIT,cash_deposit,0,,normal
TXN003538,2026-06-22 10:59:50,ACC00256,ACC00034,10906.06,IMPS,transfer,0,,normal
TXN003539,2026-06-22 11:02:48,ACC00372,ACC00572,3992.75,UPI,transfer,0,,normal
TXN003540,2026-06-22 11:04:02,ACC00216,ACC00247,1562.48,UPI,transfer,0,,normal
TXN003541,2026-06-22 11:11:38,ACC00138,ACC00553,497730.38,IMPS,transfer,1,LAYER008,cyclic_layering
TXN003542,2026-06-22 11:12:13,ACC00227,ACC00618,6675.01,RTGS,transfer,0,,normal
TXN003543,2026-06-22 11:13:07,ACC00182,ACC00637,1411.92,RTGS,transfer,0,,normal
TXN003544,2026-06-22 11:25:13,ACC00428,ACC00403,4900.55,UPI,transfer,0,,normal
TXN003545,2026-06-22 11:25:53,ACC00057,ACC00641,4735.93,IMPS,transfer,0,,normal
TXN003546,2026-06-22 11:42:43,ACC00386,ACC00602,1177.77,IMPS,transfer,0,,normal
TXN003547,2026-06-22 11:45:44,ACC00114,ACC00386,1080.69,IMPS,transfer,0,,normal
TXN003548,2026-06-22 11:46:22,ACC00283,ACC00533,16852.65,CASH_DEPOSIT,cash_deposit,0,,normal
TXN003549,2026-06-22 12:06:49,ACC00287,ACC00170,3537.45,NEFT,transfer,0,,normal
TXN003550,2026-06-22 12:10:18,ACC00530,ACC00146,2712.66,UPI,transfer,0,,normal
TXN003551,2026-06-22 12:18:54,ACC00262,ACC00223,3302.14,IMPS,transfer,0,,normal
TXN003552,2026-06-22 12:25:03,ACC00384,ACC00401,7269.09,CASH_DEPOSIT,cash_deposit,0,,normal
TXN003553,2026-06-22 12:27:57,ACC00221,ACC00052,739.94,RTGS,transfer,0,,normal
TXN003554,2026-06-22 12:40:05,ACC00446,ACC00134,3342.14,UPI,transfer,0,,normal
TXN003555,2026-06-22 12:51:06,ACC00189,ACC00329,3745.3,NEFT,transfer,0,,normal
TXN003556,2026-06-22 12:58:32,ACC00596,ACC00226,10414.64,RTGS,transfer,0,,normal
TXN003557,2026-06-22 13:01:25,ACC00027,ACC00220,1893.03,CASH_DEPOSIT,cash_deposit,0,,normal
TXN003558,2026-06-22 13:12:47,ACC00137,ACC00438,741.55,NEFT,transfer,0,,normal
TXN003559,2026-06-22 13:18:08,ACC00024,ACC00306,1474.91,RTGS,transfer,0,,normal
TXN003560,2026-06-22 13:31:11,ACC00588,ACC00292,1175.14,IMPS,transfer,0,,normal
TXN003561,2026-06-22 13:40:52,ACC00170,ACC00349,2568.64,NEFT,transfer,0,,normal
TXN003562,2026-06-22 13:49:24,ACC00600,ACC00596,1196.89,UPI,transfer,0,,normal
TXN003563,2026-06-22 13:53:14,ACC00116,ACC00642,2261.35,RTGS,transfer,0,,normal
TXN003564,2026-06-22 14:00:03,ACC00659,ACC00231,4164.73,IMPS,transfer,0,,normal
TXN003565,2026-06-22 14:08:39,ACC00687,ACC00007,12709.71,CASH_DEPOSIT,cash_deposit,0,,normal
TXN003566,2026-06-22 14:09:34,ACC00370,ACC00398,10594.19,UPI,transfer,0,,normal
TXN003567,2026-06-22 14:13:47,ACC00654,ACC00384,1328.7,IMPS,transfer,0,,normal
TXN003568,2026-06-22 14:14:39,ACC00109,ACC00429,2321.16,CASH_DEPOSIT,cash_deposit,0,,normal
TXN003569,2026-06-22 14:15:13,ACC00543,ACC00093,1678.22,NEFT,transfer,0,,normal
TXN003570,2026-06-22 14:18:00,ACC00256,ACC00097,5638.83,IMPS,transfer,0,,normal
TXN003571,2026-06-22 14:26:09,ACC00453,ACC00388,11499.64,UPI,transfer,0,,normal
TXN003572,2026-06-22 14:30:55,ACC00387,ACC00172,6087.92,CASH_DEPOSIT,cash_deposit,0,,normal
TXN003573,2026-06-22 14:46:39,ACC00117,ACC00678,4455.13,RTGS,transfer,0,,normal
TXN003574,2026-06-22 14:47:50,ACC00045,ACC00034,5738.78,CASH_DEPOSIT,cash_deposit,0,,normal
TXN003575,2026-06-22 15:04:02,ACC00609,ACC00130,2004.5,NEFT,transfer,0,,normal
TXN003576,2026-06-22 15:13:44,ACC00380,ACC00583,51469.44,IMPS,transfer,0,,normal
TXN003577,2026-06-22 15:27:31,ACC00422,ACC00564,927.59,RTGS,transfer,0,,normal
TXN003578,2026-06-22 15:42:32,ACC00005,ACC00058,8086.26,UPI,transfer,0,,normal
TXN003579,2026-06-22 15:47:56,ACC00037,ACC00481,2511.84,UPI,transfer,0,,normal
TXN003580,2026-06-22 15:50:58,ACC00204,ACC00077,1704.51,IMPS,transfer,0,,normal
TXN003581,2026-06-22 15:56:33,ACC00659,ACC00259,6074.05,NEFT,transfer,0,,normal
TXN003582,2026-06-22 16:01:32,ACC00582,ACC00535,1577.79,CASH_DEPOSIT,cash_deposit,0,,normal
TXN003583,2026-06-22 16:33:48,ACC00379,ACC00589,1407.4,UPI,transfer,0,,normal
TXN003584,2026-06-22 16:43:41,ACC00681,ACC00139,3235.7,CASH_DEPOSIT,cash_deposit,0,,normal
TXN003585,2026-06-22 16:48:00,ACC00173,ACC00611,2261.93,NEFT,transfer,0,,normal
TXN003586,2026-06-22 16:52:26,ACC00463,ACC00316,1678.5,UPI,transfer,0,,normal
TXN003587,2026-06-22 16:53:52,ACC00553,ACC00586,1630.25,IMPS,transfer,0,,normal
TXN003588,2026-06-22 17:10:29,ACC00284,ACC00321,5565.0,NEFT,transfer,0,,normal
TXN003589,2026-06-22 17:18:21,ACC00414,ACC00419,1006.25,UPI,transfer,0,,normal
TXN003590,2026-06-22 17:19:17,ACC00463,ACC00084,538.29,CASH_DEPOSIT,cash_deposit,0,,normal
TXN003591,2026-06-22 17:22:17,ACC00348,ACC00477,19613.38,UPI,transfer,0,,normal
TXN003592,2026-06-22 17:24:07,ACC00383,ACC00007,1427.7,NEFT,transfer,0,,normal
TXN003593,2026-06-22 17:38:25,ACC00681,ACC00471,9131.29,RTGS,transfer,0,,normal
TXN003594,2026-06-22 17:40:35,ACC00680,ACC00487,425.87,IMPS,transfer,0,,normal
TXN003595,2026-06-22 18:00:06,ACC00300,ACC00506,10659.72,UPI,transfer,0,,normal
TXN003596,2026-06-22 18:05:46,ACC00521,ACC00596,9785.3,CASH_DEPOSIT,cash_deposit,0,,normal
TXN003597,2026-06-22 18:09:06,ACC00197,ACC00687,926971.84,RTGS,transfer,1,LAYER010,cyclic_layering
TXN003598,2026-06-22 18:10:36,ACC00494,ACC00692,4484.14,IMPS,transfer,0,,normal
TXN003599,2026-06-22 18:20:56,ACC00638,ACC00489,1175.08,NEFT,transfer,0,,normal
TXN003600,2026-06-22 18:23:02,ACC00429,ACC00057,11835.74,IMPS,transfer,0,,normal
TXN003601,2026-06-22 18:27:54,ACC00226,ACC00670,6369.09,CASH_DEPOSIT,cash_deposit,0,,normal
TXN003602,2026-06-22 18:32:01,ACC00074,ACC00388,2697.98,IMPS,transfer,0,,normal
TXN003603,2026-06-22 18:36:57,ACC00294,ACC00302,1131.73,NEFT,transfer,0,,normal
TXN003604,2026-06-22 18:44:43,ACC00310,ACC00556,3246.5,RTGS,transfer,0,,normal
TXN003605,2026-06-22 18:49:44,ACC00393,ACC00527,935688.1,RTGS,transfer,1,LAYER002,cyclic_layering
TXN003606,2026-06-22 18:50:59,ACC00698,ACC00651,6930.68,CASH_DEPOSIT,cash_deposit,0,,normal
TXN003607,2026-06-22 18:58:06,ACC00179,ACC00526,529.91,NEFT,transfer,0,,normal
TXN003608,2026-06-22 19:07:36,ACC00533,ACC00505,1965.83,IMPS,transfer,0,,normal
TXN003609,2026-06-22 19:15:09,ACC00144,ACC00148,8243.38,IMPS,transfer,0,,normal
TXN003610,2026-06-22 19:23:39,ACC00090,ACC00418,4398.45,IMPS,transfer,0,,normal
TXN003611,2026-06-22 19:29:55,ACC00126,ACC00328,5212.88,NEFT,transfer,0,,normal
TXN003612,2026-06-22 19:48:16,ACC00384,ACC00006,2319.0,RTGS,transfer,0,,normal
TXN003613,2026-06-22 19:48:28,ACC00094,ACC00149,1554.71,UPI,transfer,0,,normal
TXN003614,2026-06-22 19:51:51,ACC00650,ACC00313,7045.84,NEFT,transfer,0,,normal
TXN003615,2026-06-22 19:55:35,ACC00333,ACC00140,2638.09,NEFT,transfer,0,,normal
TXN003616,2026-06-22 20:03:50,ACC00692,ACC00240,2947.88,CASH_DEPOSIT,cash_deposit,0,,normal
TXN003617,2026-06-22 20:09:03,ACC00134,ACC00139,1141.98,RTGS,transfer,0,,normal
TXN003618,2026-06-22 20:15:34,ACC00038,ACC00267,6485.91,CASH_DEPOSIT,cash_deposit,0,,normal
TXN003619,2026-06-22 20:18:17,ACC00620,ACC00191,2894.44,CASH_DEPOSIT,cash_deposit,0,,normal
TXN003620,2026-06-22 20:19:00,ACC00442,ACC00284,3986.67,IMPS,transfer,0,,normal
TXN003621,2026-06-22 20:28:37,ACC00491,ACC00045,4684.62,CASH_DEPOSIT,cash_deposit,0,,normal
TXN003622,2026-06-22 20:28:53,ACC00380,ACC00345,753.04,IMPS,transfer,0,,normal
TXN003623,2026-06-22 20:38:53,ACC00644,ACC00613,28232.89,NEFT,transfer,0,,normal
TXN003624,2026-06-22 20:42:35,ACC00677,ACC00032,3515.31,IMPS,transfer,0,,normal
TXN003625,2026-06-22 20:44:05,ACC00232,ACC00517,9419.07,NEFT,transfer,0,,normal
TXN003626,2026-06-22 20:46:17,ACC00495,ACC00357,557.97,RTGS,transfer,0,,normal
TXN003627,2026-06-22 20:50:30,ACC00278,ACC00055,2198.33,UPI,transfer,0,,normal
TXN003628,2026-06-22 20:56:33,ACC00016,ACC00111,1381.96,RTGS,transfer,0,,normal
TXN003629,2026-06-22 21:21:45,ACC00681,ACC00600,9207.99,UPI,transfer,0,,normal
TXN003630,2026-06-22 21:22:54,ACC00009,ACC00445,2909.79,UPI,transfer,0,,normal
TXN003631,2026-06-22 21:25:51,ACC00646,ACC00018,16982.28,IMPS,transfer,0,,normal
TXN003632,2026-06-22 21:28:13,ACC00334,ACC00488,536.0,NEFT,transfer,0,,normal
TXN003633,2026-06-22 21:31:42,ACC00058,ACC00389,4102.07,CASH_DEPOSIT,cash_deposit,0,,normal
TXN003634,2026-06-22 22:03:02,ACC00376,ACC00361,8973.33,UPI,transfer,0,,normal
TXN003635,2026-06-22 22:08:15,ACC00006,ACC00339,1979.71,UPI,transfer,0,,normal
TXN003636,2026-06-22 22:11:10,ACC00186,ACC00359,2063.51,NEFT,transfer,0,,normal
TXN003637,2026-06-22 22:13:31,ACC00301,ACC00100,676.66,CASH_DEPOSIT,cash_deposit,0,,normal
TXN003638,2026-06-22 22:31:51,ACC00474,ACC00184,13611.76,CASH_DEPOSIT,cash_deposit,0,,normal
TXN003639,2026-06-22 22:35:04,ACC00028,ACC00294,2966.9,UPI,transfer,0,,normal
TXN003640,2026-06-22 22:40:53,ACC00498,ACC00683,3885.23,UPI,transfer,0,,normal
TXN003641,2026-06-22 22:43:18,ACC00143,ACC00524,2292.32,IMPS,transfer,0,,normal
TXN003642,2026-06-22 22:47:12,ACC00288,ACC00200,3118.67,CASH_DEPOSIT,cash_deposit,0,,normal
TXN003643,2026-06-22 23:08:26,ACC00617,ACC00673,8284.37,RTGS,transfer,0,,normal
TXN003644,2026-06-22 23:11:34,ACC00460,ACC00613,2322.14,CASH_DEPOSIT,cash_deposit,0,,normal
TXN003645,2026-06-22 23:33:28,ACC00127,ACC00055,1997.26,NEFT,transfer,0,,normal
TXN003646,2026-06-22 23:40:42,ACC00023,ACC00415,3128.85,UPI,transfer,0,,normal
TXN003647,2026-06-22 23:43:13,ACC00366,ACC00092,3514.91,IMPS,transfer,0,,normal
TXN003648,2026-06-22 23:56:49,ACC00054,ACC00657,1626.91,UPI,transfer,0,,normal
TXN003649,2026-06-23 00:04:33,ACC00333,ACC00465,3288.49,UPI,transfer,0,,normal
TXN003650,2026-06-23 00:11:45,ACC00380,ACC00408,6157.92,NEFT,transfer,0,,normal
TXN003651,2026-06-23 00:12:21,ACC00667,ACC00643,3822.45,CASH_DEPOSIT,cash_deposit,0,,normal
TXN003652,2026-06-23 00:24:49,ACC00608,ACC00061,2213.59,UPI,transfer,0,,normal
TXN003653,2026-06-23 00:36:03,ACC00597,ACC00038,2191.06,NEFT,transfer,0,,normal
TXN003654,2026-06-23 00:38:28,ACC00008,ACC00608,1080.65,RTGS,transfer,0,,normal
TXN003655,2026-06-23 01:19:11,ACC00068,ACC00225,2213.08,RTGS,transfer,0,,normal
TXN003656,2026-06-23 01:28:49,ACC00670,ACC00042,5076.3,NEFT,transfer,0,,normal
TXN003657,2026-06-23 01:29:58,ACC00165,ACC00390,8645.89,UPI,transfer,0,,normal
TXN003658,2026-06-23 01:33:50,ACC00539,ACC00434,2142.34,CASH_DEPOSIT,cash_deposit,0,,normal
TXN003659,2026-06-23 01:36:02,ACC00056,ACC00275,6591.3,UPI,transfer,0,,normal
TXN003660,2026-06-23 01:46:45,ACC00221,ACC00261,6873.79,RTGS,transfer,0,,normal
TXN003661,2026-06-23 01:58:50,ACC00598,ACC00458,7207.97,NEFT,transfer,0,,normal
TXN003662,2026-06-23 02:06:24,ACC00153,ACC00464,3280.01,CASH_DEPOSIT,cash_deposit,0,,normal
TXN003663,2026-06-23 02:17:23,ACC00235,ACC00270,9993.35,NEFT,transfer,0,,normal
TXN003664,2026-06-23 02:23:14,ACC00194,ACC00684,2975.34,RTGS,transfer,0,,normal
TXN003665,2026-06-23 02:42:22,ACC00016,ACC00576,5035.82,IMPS,transfer,0,,normal
TXN003666,2026-06-23 02:46:31,ACC00039,ACC00582,2548.84,CASH_DEPOSIT,cash_deposit,0,,normal
TXN003667,2026-06-23 02:47:23,ACC00616,ACC00346,9474.81,UPI,transfer,0,,normal
TXN003668,2026-06-23 02:47:36,ACC00246,ACC00599,8111.61,NEFT,transfer,0,,normal
TXN003669,2026-06-23 03:37:38,ACC00210,ACC00107,3793.36,RTGS,transfer,0,,normal
TXN003670,2026-06-23 03:42:13,ACC00668,ACC00384,1666.64,CASH_DEPOSIT,cash_deposit,0,,normal
TXN003671,2026-06-23 04:01:05,ACC00065,ACC00542,2064.77,UPI,transfer,0,,normal
TXN003672,2026-06-23 04:10:49,ACC00569,ACC00171,7202.11,NEFT,transfer,0,,normal
TXN003673,2026-06-23 04:14:13,ACC00693,ACC00680,4592.49,CASH_DEPOSIT,cash_deposit,0,,normal
TXN003674,2026-06-23 04:22:04,ACC00208,ACC00143,3282.3,RTGS,transfer,0,,normal
TXN003675,2026-06-23 04:29:41,ACC00361,ACC00576,2518.16,RTGS,transfer,0,,normal
TXN003676,2026-06-23 04:56:48,ACC00285,ACC00286,997.68,IMPS,transfer,0,,normal
TXN003677,2026-06-23 05:05:56,ACC00491,ACC00384,797968.69,RTGS,transfer,1,LAYER012,cyclic_layering
TXN003678,2026-06-23 05:09:20,ACC00652,ACC00687,2008.71,IMPS,transfer,0,,normal
TXN003679,2026-06-23 05:24:10,ACC00213,ACC00311,1913.69,NEFT,transfer,0,,normal
TXN003680,2026-06-23 05:45:59,ACC00444,ACC00600,8783.06,IMPS,transfer,0,,normal
TXN003681,2026-06-23 05:54:57,ACC00238,ACC00305,1358.66,CASH_DEPOSIT,cash_deposit,0,,normal
TXN003682,2026-06-23 05:58:56,ACC00685,ACC00099,3226.77,CASH_DEPOSIT,cash_deposit,0,,normal
TXN003683,2026-06-23 06:03:41,ACC00189,ACC00397,547.26,IMPS,transfer,0,,normal
TXN003684,2026-06-23 06:14:52,ACC00115,ACC00187,5140.22,CASH_DEPOSIT,cash_deposit,0,,normal
TXN003685,2026-06-23 06:20:13,ACC00566,ACC00198,4451.31,RTGS,transfer,0,,normal
TXN003686,2026-06-23 06:37:34,ACC00257,ACC00041,3401.26,NEFT,transfer,0,,normal
TXN003687,2026-06-23 06:39:03,ACC00281,ACC00684,575.63,UPI,transfer,0,,normal
TXN003688,2026-06-23 06:43:41,ACC00416,ACC00494,7925.36,UPI,transfer,0,,normal
TXN003689,2026-06-23 06:52:29,ACC00183,ACC00661,908.21,RTGS,transfer,0,,normal
TXN003690,2026-06-23 07:06:39,ACC00027,ACC00662,6262.42,RTGS,transfer,0,,normal
TXN003691,2026-06-23 07:22:23,ACC00655,ACC00188,20445.81,NEFT,transfer,0,,normal
TXN003692,2026-06-23 07:25:29,ACC00286,ACC00304,631.52,UPI,transfer,0,,normal
TXN003693,2026-06-23 07:34:58,ACC00673,ACC00199,775.96,RTGS,transfer,0,,normal
TXN003694,2026-06-23 07:47:15,ACC00115,ACC00629,8234.67,IMPS,transfer,0,,normal
TXN003695,2026-06-23 08:24:47,ACC00678,ACC00255,4826.45,RTGS,transfer,0,,normal
TXN003696,2026-06-23 08:26:01,ACC00281,ACC00588,3450.09,RTGS,transfer,0,,normal
TXN003697,2026-06-23 08:35:17,ACC00649,ACC00142,3120.88,NEFT,transfer,0,,normal
TXN003698,2026-06-23 08:38:18,ACC00273,ACC00408,1508.14,IMPS,transfer,0,,normal
TXN003699,2026-06-23 08:43:56,ACC00530,ACC00416,2297.12,NEFT,transfer,0,,normal
TXN003700,2026-06-23 08:45:47,ACC00544,ACC00404,3176.25,UPI,transfer,0,,normal
TXN003701,2026-06-23 08:48:49,ACC00392,ACC00368,5982.34,NEFT,transfer,0,,normal
TXN003702,2026-06-23 08:58:48,ACC00695,ACC00008,4453.89,NEFT,transfer,0,,normal
TXN003703,2026-06-23 09:15:03,ACC00528,ACC00131,7662.97,UPI,transfer,0,,normal
TXN003704,2026-06-23 09:31:39,ACC00294,ACC00051,1626.49,IMPS,transfer,0,,normal
TXN003705,2026-06-23 09:32:18,ACC00383,ACC00003,2253.63,UPI,transfer,0,,normal
TXN003706,2026-06-23 09:53:13,ACC00522,ACC00508,6053.01,IMPS,transfer,0,,normal
TXN003707,2026-06-23 10:06:51,ACC00530,ACC00453,41760.86,IMPS,transfer,0,,normal
TXN003708,2026-06-23 10:09:45,ACC00298,ACC00038,2658.47,CASH_DEPOSIT,cash_deposit,0,,normal
TXN003709,2026-06-23 10:22:16,ACC00589,ACC00035,2142.38,CASH_DEPOSIT,cash_deposit,0,,normal
TXN003710,2026-06-23 10:41:35,ACC00391,ACC00181,3909.41,IMPS,transfer,0,,normal
TXN003711,2026-06-23 10:55:50,ACC00026,ACC00156,938.35,IMPS,transfer,0,,normal
TXN003712,2026-06-23 11:01:04,ACC00529,ACC00589,18728.37,CASH_DEPOSIT,cash_deposit,0,,normal
TXN003713,2026-06-23 11:01:30,ACC00652,ACC00466,7368.89,RTGS,transfer,0,,normal
TXN003714,2026-06-23 11:04:06,ACC00465,ACC00690,4196.41,IMPS,transfer,0,,normal
TXN003715,2026-06-23 11:10:02,ACC00236,ACC00597,7042.71,UPI,transfer,0,,normal
TXN003716,2026-06-23 11:10:43,ACC00548,ACC00199,999.62,NEFT,transfer,0,,normal
TXN003717,2026-06-23 11:18:44,ACC00117,ACC00665,1596.09,CASH_DEPOSIT,cash_deposit,0,,normal
TXN003718,2026-06-23 11:37:48,ACC00117,ACC00022,4026.36,NEFT,transfer,0,,normal
TXN003719,2026-06-23 11:43:07,ACC00671,ACC00400,35487.47,UPI,transfer,0,,normal
TXN003720,2026-06-23 11:50:57,ACC00033,ACC00131,907.95,CASH_DEPOSIT,cash_deposit,0,,normal
TXN003721,2026-06-23 11:54:59,ACC00295,ACC00545,2424.85,IMPS,transfer,0,,normal
TXN003722,2026-06-23 11:56:01,ACC00382,ACC00577,6927.62,NEFT,transfer,0,,normal
TXN003723,2026-06-23 12:27:18,ACC00424,ACC00076,5714.42,IMPS,transfer,0,,normal
TXN003724,2026-06-23 12:45:54,ACC00111,ACC00472,639.79,IMPS,transfer,0,,normal
TXN003725,2026-06-23 13:26:12,ACC00321,ACC00637,18421.75,RTGS,transfer,0,,normal
TXN003726,2026-06-23 13:29:32,ACC00387,ACC00085,2889.24,NEFT,transfer,0,,normal
TXN003727,2026-06-23 13:36:36,ACC00010,ACC00689,21484.99,UPI,transfer,0,,normal
TXN003728,2026-06-23 13:49:20,ACC00358,ACC00675,280.05,RTGS,transfer,0,,normal
TXN003729,2026-06-23 14:28:25,ACC00693,ACC00403,2416.35,NEFT,transfer,0,,normal
TXN003730,2026-06-23 14:32:29,ACC00544,ACC00355,1277.11,NEFT,transfer,0,,normal
TXN003731,2026-06-23 14:57:54,ACC00271,ACC00095,1444.24,NEFT,transfer,0,,normal
TXN003732,2026-06-23 14:58:42,ACC00275,ACC00281,20966.38,NEFT,transfer,0,,normal
TXN003733,2026-06-23 15:04:55,ACC00192,ACC00615,539667.21,RTGS,transfer,1,LAYER005,cyclic_layering
TXN003734,2026-06-23 15:13:12,ACC00335,ACC00310,4155.72,CASH_DEPOSIT,cash_deposit,0,,normal
TXN003735,2026-06-23 15:15:34,ACC00526,ACC00538,1788.24,CASH_DEPOSIT,cash_deposit,0,,normal
TXN003736,2026-06-23 15:22:05,ACC00052,ACC00313,1812.49,RTGS,transfer,0,,normal
TXN003737,2026-06-23 15:23:48,ACC00687,ACC00642,891618.83,IMPS,transfer,1,LAYER010,cyclic_layering
TXN003738,2026-06-23 15:26:39,ACC00444,ACC00677,3076.05,CASH_DEPOSIT,cash_deposit,0,,normal
TXN003739,2026-06-23 15:26:58,ACC00265,ACC00106,9284.04,RTGS,transfer,0,,normal
TXN003740,2026-06-23 15:30:39,ACC00543,ACC00623,3614.46,UPI,transfer,0,,normal
TXN003741,2026-06-23 15:32:21,ACC00678,ACC00309,7686.13,NEFT,transfer,0,,normal
TXN003742,2026-06-23 15:38:48,ACC00542,ACC00383,773.58,CASH_DEPOSIT,cash_deposit,0,,normal
TXN003743,2026-06-23 15:42:07,ACC00428,ACC00126,1677.1,RTGS,transfer,0,,normal
TXN003744,2026-06-23 15:48:05,ACC00575,ACC00286,1251.75,CASH_DEPOSIT,cash_deposit,0,,normal
TXN003745,2026-06-23 15:49:11,ACC00619,ACC00178,5710.88,RTGS,transfer,0,,normal
TXN003746,2026-06-23 16:02:06,ACC00465,ACC00103,1672.4,RTGS,transfer,0,,normal
TXN003747,2026-06-23 16:06:01,ACC00383,ACC00394,278.9,CASH_DEPOSIT,cash_deposit,0,,normal
TXN003748,2026-06-23 16:06:32,ACC00299,ACC00649,4736.12,IMPS,transfer,0,,normal
TXN003749,2026-06-23 16:17:38,ACC00173,ACC00197,2321.84,NEFT,transfer,0,,normal
TXN003750,2026-06-23 17:03:14,ACC00229,ACC00305,1478.96,NEFT,transfer,0,,normal
TXN003751,2026-06-23 17:09:56,ACC00335,ACC00552,2987.81,UPI,transfer,0,,normal
TXN003752,2026-06-23 17:17:38,ACC00362,ACC00327,11269.59,RTGS,transfer,0,,normal
TXN003753,2026-06-23 17:23:36,ACC00296,ACC00520,2136.19,RTGS,transfer,0,,normal
TXN003754,2026-06-23 18:01:03,ACC00699,ACC00165,6448.42,IMPS,transfer,0,,normal
TXN003755,2026-06-23 18:11:06,ACC00573,ACC00569,11490.42,CASH_DEPOSIT,cash_deposit,0,,normal
TXN003756,2026-06-23 18:37:44,ACC00229,ACC00689,5524.63,CASH_DEPOSIT,cash_deposit,0,,normal
TXN003757,2026-06-23 18:40:08,ACC00646,ACC00368,3089.26,RTGS,transfer,0,,normal
TXN003758,2026-06-23 18:45:37,ACC00333,ACC00559,1629.07,CASH_DEPOSIT,cash_deposit,0,,normal
TXN003759,2026-06-23 19:04:08,ACC00591,ACC00163,2356.17,UPI,transfer,0,,normal
TXN003760,2026-06-23 19:22:19,ACC00634,ACC00449,2688.65,IMPS,transfer,0,,normal
TXN003761,2026-06-23 19:50:24,ACC00348,ACC00192,914.14,CASH_DEPOSIT,cash_deposit,0,,normal
TXN003762,2026-06-23 19:53:34,ACC00154,ACC00335,3333.83,UPI,transfer,0,,normal
TXN003763,2026-06-23 19:57:36,ACC00023,ACC00604,3359.98,UPI,transfer,0,,normal
TXN003764,2026-06-23 20:05:05,ACC00622,ACC00617,3269.34,RTGS,transfer,0,,normal
TXN003765,2026-06-23 20:06:44,ACC00102,ACC00388,501.39,UPI,transfer,0,,normal
TXN003766,2026-06-23 20:22:53,ACC00157,ACC00141,1022.54,RTGS,transfer,0,,normal
TXN003767,2026-06-23 20:28:44,ACC00375,ACC00544,1583.06,IMPS,transfer,0,,normal
TXN003768,2026-06-23 20:37:35,ACC00250,ACC00574,712.81,IMPS,transfer,0,,normal
TXN003769,2026-06-23 20:45:36,ACC00249,ACC00600,1316.64,NEFT,transfer,0,,normal
TXN003770,2026-06-23 20:56:59,ACC00555,ACC00300,6181.21,UPI,transfer,0,,normal
TXN003771,2026-06-23 21:01:38,ACC00363,ACC00480,3576.41,RTGS,transfer,0,,normal
TXN003772,2026-06-23 21:39:04,ACC00110,ACC00044,6937.56,UPI,transfer,0,,normal
TXN003773,2026-06-23 21:50:12,ACC00515,ACC00442,4344.29,NEFT,transfer,0,,normal
TXN003774,2026-06-23 21:50:45,ACC00301,ACC00678,1489.17,CASH_DEPOSIT,cash_deposit,0,,normal
TXN003775,2026-06-23 21:51:31,ACC00046,ACC00438,3388.3,IMPS,transfer,0,,normal
TXN003776,2026-06-23 22:02:34,ACC00525,ACC00205,1018.68,RTGS,transfer,0,,normal
TXN003777,2026-06-23 22:28:46,ACC00337,ACC00224,10597.46,CASH_DEPOSIT,cash_deposit,0,,normal
TXN003778,2026-06-23 22:28:48,ACC00195,ACC00164,11023.53,RTGS,transfer,0,,normal
TXN003779,2026-06-23 22:46:26,ACC00047,ACC00357,17498.67,IMPS,transfer,0,,normal
TXN003780,2026-06-23 22:59:55,ACC00174,ACC00639,2739.49,NEFT,transfer,0,,normal
TXN003781,2026-06-23 23:00:00,ACC00518,ACC00669,3108.8,RTGS,transfer,0,,normal
TXN003782,2026-06-23 23:26:25,ACC00068,ACC00265,5853.14,RTGS,transfer,0,,normal
TXN003783,2026-06-23 23:28:35,ACC00700,ACC00247,9129.31,IMPS,transfer,0,,normal
TXN003784,2026-06-23 23:30:12,ACC00675,ACC00642,7586.91,CASH_DEPOSIT,cash_deposit,0,,normal
TXN003785,2026-06-23 23:30:36,ACC00375,ACC00018,3749.94,UPI,transfer,0,,normal
TXN003786,2026-06-23 23:30:50,ACC00224,ACC00511,2396.37,UPI,transfer,0,,normal
TXN003787,2026-06-23 23:33:21,ACC00699,ACC00459,1792.82,IMPS,transfer,0,,normal
TXN003788,2026-06-23 23:58:53,ACC00642,ACC00409,3688.07,UPI,transfer,0,,normal
TXN003789,2026-06-24 00:02:28,ACC00121,ACC00530,619.81,NEFT,transfer,0,,normal
TXN003790,2026-06-24 00:08:11,ACC00257,ACC00502,2931.89,IMPS,transfer,0,,normal
TXN003791,2026-06-24 00:08:32,ACC00601,ACC00278,3472.12,UPI,transfer,0,,normal
TXN003792,2026-06-24 00:14:47,ACC00422,ACC00535,6265.32,CASH_DEPOSIT,cash_deposit,0,,normal
TXN003793,2026-06-24 00:25:30,ACC00050,ACC00116,1827.24,IMPS,transfer,0,,normal
TXN003794,2026-06-24 00:42:43,ACC00222,ACC00427,838.14,IMPS,transfer,0,,normal
TXN003795,2026-06-24 00:43:39,ACC00497,ACC00469,653.8,IMPS,transfer,0,,normal
TXN003796,2026-06-24 00:46:14,ACC00536,ACC00067,621.36,RTGS,transfer,0,,normal
TXN003797,2026-06-24 00:58:29,ACC00509,ACC00467,1699.88,CASH_DEPOSIT,cash_deposit,0,,normal
TXN003798,2026-06-24 01:06:53,ACC00634,ACC00220,4438.94,NEFT,transfer,0,,normal
TXN003799,2026-06-24 01:10:08,ACC00026,ACC00335,1560.46,UPI,transfer,0,,normal
TXN003800,2026-06-24 01:12:11,ACC00604,ACC00047,3390.86,NEFT,transfer,0,,normal
TXN003801,2026-06-24 01:27:58,ACC00587,ACC00330,14079.3,IMPS,transfer,0,,normal
TXN003802,2026-06-24 01:31:12,ACC00487,ACC00411,15883.97,IMPS,transfer,0,,normal
TXN003803,2026-06-24 01:54:12,ACC00216,ACC00304,2725.54,UPI,transfer,0,,normal
TXN003804,2026-06-24 02:00:51,ACC00039,ACC00653,6611.44,UPI,transfer,0,,normal
TXN003805,2026-06-24 02:01:15,ACC00095,ACC00223,3021.22,CASH_DEPOSIT,cash_deposit,0,,normal
TXN003806,2026-06-24 02:19:31,ACC00440,ACC00373,2777.74,CASH_DEPOSIT,cash_deposit,0,,normal
TXN003807,2026-06-24 02:34:24,ACC00267,ACC00367,4487.16,UPI,transfer,0,,normal
TXN003808,2026-06-24 02:48:52,ACC00672,ACC00101,5513.58,UPI,transfer,0,,normal
TXN003809,2026-06-24 02:59:29,ACC00489,ACC00343,2532.7,UPI,transfer,0,,normal
TXN003810,2026-06-24 03:33:05,ACC00008,ACC00592,1593.5,CASH_DEPOSIT,cash_deposit,0,,normal
TXN003811,2026-06-24 03:41:32,ACC00682,ACC00109,1408.67,NEFT,transfer,0,,normal
TXN003812,2026-06-24 03:41:59,ACC00462,ACC00561,5132.17,UPI,transfer,0,,normal
TXN003813,2026-06-24 03:52:13,ACC00605,ACC00037,5919.55,IMPS,transfer,0,,normal
TXN003814,2026-06-24 04:08:38,ACC00511,ACC00299,5313.92,RTGS,transfer,0,,normal
TXN003815,2026-06-24 04:09:03,ACC00257,ACC00481,1498.18,NEFT,transfer,0,,normal
TXN003816,2026-06-24 04:12:39,ACC00615,ACC00613,2307.75,RTGS,transfer,0,,normal
TXN003817,2026-06-24 04:25:08,ACC00588,ACC00686,3330.29,CASH_DEPOSIT,cash_deposit,0,,normal
TXN003818,2026-06-24 04:38:25,ACC00209,ACC00421,2394.13,RTGS,transfer,0,,normal
TXN003819,2026-06-24 04:46:55,ACC00307,ACC00555,3423.43,IMPS,transfer,0,,normal
TXN003820,2026-06-24 04:57:06,ACC00533,ACC00648,495.15,CASH_DEPOSIT,cash_deposit,0,,normal
TXN003821,2026-06-24 05:06:11,ACC00570,ACC00424,561.49,IMPS,transfer,0,,normal
TXN003822,2026-06-24 05:07:09,ACC00485,ACC00376,7706.82,RTGS,transfer,0,,normal
TXN003823,2026-06-24 05:16:33,ACC00659,ACC00161,5487.97,RTGS,transfer,0,,normal
TXN003824,2026-06-24 05:34:40,ACC00485,ACC00562,934348.75,NEFT,transfer,1,LAYER003,cyclic_layering
TXN003825,2026-06-24 05:43:29,ACC00638,ACC00253,1182.51,UPI,transfer,0,,normal
TXN003826,2026-06-24 05:53:18,ACC00589,ACC00191,2364.34,UPI,transfer,0,,normal
TXN003827,2026-06-24 05:54:34,ACC00452,ACC00486,1240.17,UPI,transfer,0,,normal
TXN003828,2026-06-24 06:02:42,ACC00023,ACC00551,1439.54,NEFT,transfer,0,,normal
TXN003829,2026-06-24 06:25:05,ACC00160,ACC00353,582.54,IMPS,transfer,0,,normal
TXN003830,2026-06-24 06:26:07,ACC00692,ACC00276,11758.5,RTGS,transfer,0,,normal
TXN003831,2026-06-24 06:43:37,ACC00134,ACC00380,9048.16,IMPS,transfer,0,,normal
TXN003832,2026-06-24 07:09:11,ACC00087,ACC00542,2736.36,UPI,transfer,0,,normal
TXN003833,2026-06-24 07:17:06,ACC00371,ACC00553,6194.27,IMPS,transfer,0,,normal
TXN003834,2026-06-24 07:19:08,ACC00552,ACC00498,6476.35,IMPS,transfer,0,,normal
TXN003835,2026-06-24 07:27:12,ACC00222,ACC00398,2416.51,UPI,transfer,0,,normal
TXN003836,2026-06-24 07:34:58,ACC00203,ACC00072,12608.48,CASH_DEPOSIT,cash_deposit,0,,normal
TXN003837,2026-06-24 07:36:31,ACC00580,ACC00443,6468.43,RTGS,transfer,0,,normal
TXN003838,2026-06-24 07:40:50,ACC00508,ACC00371,2941.54,IMPS,transfer,0,,normal
TXN003839,2026-06-24 07:41:24,ACC00366,ACC00437,2323.69,RTGS,transfer,0,,normal
TXN003840,2026-06-24 07:57:33,ACC00503,ACC00148,5907.58,IMPS,transfer,0,,normal
TXN003841,2026-06-24 08:02:33,ACC00532,ACC00516,938.35,NEFT,transfer,0,,normal
TXN003842,2026-06-24 08:08:39,ACC00180,ACC00417,3639.92,CASH_DEPOSIT,cash_deposit,0,,normal
TXN003843,2026-06-24 08:32:40,ACC00346,ACC00125,3465.8,CASH_DEPOSIT,cash_deposit,0,,normal
TXN003844,2026-06-24 08:39:52,ACC00561,ACC00486,4128.0,CASH_DEPOSIT,cash_deposit,0,,normal
TXN003845,2026-06-24 08:41:29,ACC00399,ACC00622,2004.01,CASH_DEPOSIT,cash_deposit,0,,normal
TXN003846,2026-06-24 08:41:44,ACC00285,ACC00052,1948.59,RTGS,transfer,0,,normal
TXN003847,2026-06-24 08:58:14,ACC00619,ACC00462,3922.75,NEFT,transfer,0,,normal
TXN003848,2026-06-24 09:09:18,ACC00595,ACC00098,3903.9,RTGS,transfer,0,,normal
TXN003849,2026-06-24 09:17:26,ACC00408,ACC00699,11014.76,UPI,transfer,0,,normal
TXN003850,2026-06-24 09:26:46,ACC00285,ACC00339,1311.92,RTGS,transfer,0,,normal
TXN003851,2026-06-24 09:28:31,ACC00464,ACC00498,4802.31,RTGS,transfer,0,,normal
TXN003852,2026-06-24 09:31:04,ACC00234,ACC00538,6752.84,UPI,transfer,0,,normal
TXN003853,2026-06-24 09:32:29,ACC00329,ACC00570,19989.7,UPI,transfer,0,,normal
TXN003854,2026-06-24 09:50:43,ACC00336,ACC00472,1403.48,CASH_DEPOSIT,cash_deposit,0,,normal
TXN003855,2026-06-24 10:06:50,ACC00133,ACC00328,27128.74,UPI,transfer,0,,normal
TXN003856,2026-06-24 10:13:30,ACC00062,ACC00408,10946.5,CASH_DEPOSIT,cash_deposit,0,,normal
TXN003857,2026-06-24 10:23:21,ACC00108,ACC00336,5989.93,NEFT,transfer,0,,normal
TXN003858,2026-06-24 10:32:34,ACC00570,ACC00011,21878.59,IMPS,transfer,0,,normal
TXN003859,2026-06-24 10:40:09,ACC00092,ACC00613,3705.57,RTGS,transfer,0,,normal
TXN003860,2026-06-24 10:56:30,ACC00076,ACC00396,4954.76,NEFT,transfer,0,,normal
TXN003861,2026-06-24 11:28:21,ACC00503,ACC00170,23134.11,NEFT,transfer,0,,normal
TXN003862,2026-06-24 11:28:28,ACC00450,ACC00181,10745.11,UPI,transfer,0,,normal
TXN003863,2026-06-24 11:34:45,ACC00158,ACC00218,4743.61,IMPS,transfer,0,,normal
TXN003864,2026-06-24 11:39:17,ACC00247,ACC00052,4009.76,UPI,transfer,0,,normal
TXN003865,2026-06-24 11:43:57,ACC00221,ACC00633,1326.93,UPI,transfer,0,,normal
TXN003866,2026-06-24 11:47:21,ACC00216,ACC00474,4341.01,UPI,transfer,0,,normal
TXN003867,2026-06-24 12:05:44,ACC00505,ACC00066,3713.39,CASH_DEPOSIT,cash_deposit,0,,normal
TXN003868,2026-06-24 12:08:16,ACC00059,ACC00378,6355.0,RTGS,transfer,0,,normal
TXN003869,2026-06-24 12:21:30,ACC00638,ACC00474,3665.81,RTGS,transfer,0,,normal
TXN003870,2026-06-24 12:26:39,ACC00193,ACC00154,16067.16,UPI,transfer,0,,normal
TXN003871,2026-06-24 12:27:18,ACC00216,ACC00626,5797.9,NEFT,transfer,0,,normal
TXN003872,2026-06-24 12:32:12,ACC00694,ACC00689,2915.43,IMPS,transfer,0,,normal
TXN003873,2026-06-24 12:51:34,ACC00349,ACC00043,11143.11,NEFT,transfer,0,,normal
TXN003874,2026-06-24 12:53:34,ACC00220,ACC00319,4555.11,IMPS,transfer,0,,normal
TXN003875,2026-06-24 12:59:22,ACC00388,ACC00652,6798.39,CASH_DEPOSIT,cash_deposit,0,,normal
TXN003876,2026-06-24 13:10:22,ACC00435,ACC00220,3369.56,NEFT,transfer,0,,normal
TXN003877,2026-06-24 13:39:03,ACC00095,ACC00455,3483.78,CASH_DEPOSIT,cash_deposit,0,,normal
TXN003878,2026-06-24 14:15:21,ACC00237,ACC00390,9700.11,NEFT,transfer,0,,normal
TXN003879,2026-06-24 14:15:58,ACC00463,ACC00097,5035.93,CASH_DEPOSIT,cash_deposit,0,,normal
TXN003880,2026-06-24 14:20:19,ACC00389,ACC00540,1310.19,NEFT,transfer,0,,normal
TXN003881,2026-06-24 14:35:48,ACC00485,ACC00374,25417.9,CASH_DEPOSIT,cash_deposit,0,,normal
TXN003882,2026-06-24 14:39:24,ACC00114,ACC00099,4341.32,IMPS,transfer,0,,normal
TXN003883,2026-06-24 14:44:35,ACC00079,ACC00047,8558.11,RTGS,transfer,0,,normal
TXN003884,2026-06-24 14:47:31,ACC00299,ACC00231,1665.1,CASH_DEPOSIT,cash_deposit,0,,normal
TXN003885,2026-06-24 14:52:58,ACC00576,ACC00234,2186.3,CASH_DEPOSIT,cash_deposit,0,,normal
TXN003886,2026-06-24 14:55:51,ACC00056,ACC00342,4317.34,UPI,transfer,0,,normal
TXN003887,2026-06-24 14:58:36,ACC00388,ACC00676,20107.77,IMPS,transfer,0,,normal
TXN003888,2026-06-24 15:01:40,ACC00670,ACC00080,1612.99,IMPS,transfer,0,,normal
TXN003889,2026-06-24 15:10:40,ACC00209,ACC00032,1160.58,CASH_DEPOSIT,cash_deposit,0,,normal
TXN003890,2026-06-24 15:13:27,ACC00544,ACC00537,14592.93,RTGS,transfer,0,,normal
TXN003891,2026-06-24 15:20:03,ACC00123,ACC00383,4896.11,NEFT,transfer,0,,normal
TXN003892,2026-06-24 15:29:39,ACC00044,ACC00352,2097.11,IMPS,transfer,0,,normal
TXN003893,2026-06-24 15:35:41,ACC00623,ACC00391,11564.39,UPI,transfer,0,,normal
TXN003894,2026-06-24 15:48:16,ACC00066,ACC00660,494.37,UPI,transfer,0,,normal
TXN003895,2026-06-24 15:49:13,ACC00138,ACC00226,2058.58,CASH_DEPOSIT,cash_deposit,0,,normal
TXN003896,2026-06-24 16:10:47,ACC00104,ACC00696,3332.64,UPI,transfer,0,,normal
TXN003897,2026-06-24 16:14:36,ACC00634,ACC00314,2392.47,IMPS,transfer,0,,normal
TXN003898,2026-06-24 16:14:44,ACC00285,ACC00629,5418.08,NEFT,transfer,0,,normal
TXN003899,2026-06-24 16:22:40,ACC00450,ACC00537,2992.18,NEFT,transfer,0,,normal
TXN003900,2026-06-24 16:34:36,ACC00014,ACC00141,4673.31,RTGS,transfer,0,,normal
TXN003901,2026-06-24 17:11:42,ACC00500,ACC00044,4939.87,CASH_DEPOSIT,cash_deposit,0,,normal
TXN003902,2026-06-24 17:15:43,ACC00302,ACC00514,664.47,NEFT,transfer,0,,normal
TXN003903,2026-06-24 17:19:14,ACC00521,ACC00259,2422.56,IMPS,transfer,0,,normal
TXN003904,2026-06-24 17:26:30,ACC00298,ACC00275,2496.16,RTGS,transfer,0,,normal
TXN003905,2026-06-24 17:42:42,ACC00460,ACC00392,2150.77,CASH_DEPOSIT,cash_deposit,0,,normal
TXN003906,2026-06-24 17:46:38,ACC00596,ACC00377,662.83,RTGS,transfer,0,,normal
TXN003907,2026-06-24 17:56:07,ACC00603,ACC00573,796.11,NEFT,transfer,0,,normal
TXN003908,2026-06-24 18:01:06,ACC00145,ACC00298,342.98,CASH_DEPOSIT,cash_deposit,0,,normal
TXN003909,2026-06-24 18:10:55,ACC00445,ACC00521,7739.15,NEFT,transfer,0,,normal
TXN003910,2026-06-24 18:17:20,ACC00313,ACC00392,8394.08,RTGS,transfer,0,,normal
TXN003911,2026-06-24 18:20:36,ACC00536,ACC00121,3009.41,IMPS,transfer,0,,normal
TXN003912,2026-06-24 18:21:08,ACC00562,ACC00175,888986.12,RTGS,transfer,1,LAYER003,cyclic_layering
TXN003913,2026-06-24 18:27:39,ACC00310,ACC00562,1987.92,UPI,transfer,0,,normal
TXN003914,2026-06-24 18:55:12,ACC00399,ACC00244,668.59,NEFT,transfer,0,,normal
TXN003915,2026-06-24 19:03:15,ACC00055,ACC00210,3529.48,RTGS,transfer,0,,normal
TXN003916,2026-06-24 19:09:33,ACC00538,ACC00594,208.71,NEFT,transfer,0,,normal
TXN003917,2026-06-24 19:33:54,ACC00698,ACC00387,2041.62,NEFT,transfer,0,,normal
TXN003918,2026-06-24 19:55:35,ACC00484,ACC00670,4388.94,IMPS,transfer,0,,normal
TXN003919,2026-06-24 20:07:10,ACC00110,ACC00099,1272.83,CASH_DEPOSIT,cash_deposit,0,,normal
TXN003920,2026-06-24 20:24:02,ACC00384,ACC00007,747286.1,IMPS,transfer,1,LAYER012,cyclic_layering
TXN003921,2026-06-24 20:34:29,ACC00469,ACC00539,1318.52,NEFT,transfer,0,,normal
TXN003922,2026-06-24 20:53:20,ACC00225,ACC00565,655.6,UPI,transfer,0,,normal
TXN003923,2026-06-24 20:59:31,ACC00410,ACC00570,2067.03,RTGS,transfer,0,,normal
TXN003924,2026-06-24 21:09:18,ACC00070,ACC00398,2968.32,UPI,transfer,0,,normal
TXN003925,2026-06-24 21:17:42,ACC00083,ACC00437,839443.1,RTGS,transfer,1,LAYER011,cyclic_layering
TXN003926,2026-06-24 21:28:54,ACC00469,ACC00151,1139.28,NEFT,transfer,0,,normal
TXN003927,2026-06-24 21:37:59,ACC00642,ACC00391,846267.25,NEFT,transfer,1,LAYER010,cyclic_layering
TXN003928,2026-06-24 21:38:20,ACC00064,ACC00142,3178.76,RTGS,transfer,0,,normal
TXN003929,2026-06-24 21:59:51,ACC00056,ACC00313,5825.65,CASH_DEPOSIT,cash_deposit,0,,normal
TXN003930,2026-06-24 22:09:37,ACC00045,ACC00675,3438.63,UPI,transfer,0,,normal
TXN003931,2026-06-24 22:12:38,ACC00174,ACC00699,5834.62,UPI,transfer,0,,normal
TXN003932,2026-06-24 22:26:38,ACC00406,ACC00302,9453.4,UPI,transfer,0,,normal
TXN003933,2026-06-24 22:26:47,ACC00501,ACC00066,14160.59,UPI,transfer,0,,normal
TXN003934,2026-06-24 22:39:10,ACC00370,ACC00344,8694.63,UPI,transfer,0,,normal
TXN003935,2026-06-24 22:47:43,ACC00635,ACC00516,5703.42,CASH_DEPOSIT,cash_deposit,0,,normal
TXN003936,2026-06-24 22:56:31,ACC00286,ACC00338,3165.67,NEFT,transfer,0,,normal
TXN003937,2026-06-24 22:57:58,ACC00692,ACC00228,17207.91,NEFT,transfer,0,,normal
TXN003938,2026-06-24 23:02:50,ACC00010,ACC00513,1107.53,NEFT,transfer,0,,normal
TXN003939,2026-06-24 23:13:16,ACC00149,ACC00247,785.01,IMPS,transfer,0,,normal
TXN003940,2026-06-24 23:29:37,ACC00604,ACC00621,3601.76,CASH_DEPOSIT,cash_deposit,0,,normal
TXN003941,2026-06-24 23:37:20,ACC00141,ACC00307,16326.28,CASH_DEPOSIT,cash_deposit,0,,normal
TXN003942,2026-06-25 00:12:41,ACC00169,ACC00659,13494.54,UPI,transfer,0,,normal
TXN003943,2026-06-25 00:21:17,ACC00432,ACC00281,2363.81,NEFT,transfer,0,,normal
TXN003944,2026-06-25 01:03:47,ACC00527,ACC00043,871467.39,NEFT,transfer,1,LAYER002,cyclic_layering
TXN003945,2026-06-25 01:08:50,ACC00184,ACC00067,2614.93,RTGS,transfer,0,,normal
TXN003946,2026-06-25 01:09:08,ACC00466,ACC00647,4128.58,IMPS,transfer,0,,normal
TXN003947,2026-06-25 01:12:40,ACC00676,ACC00456,1404.0,RTGS,transfer,0,,normal
TXN003948,2026-06-25 01:46:30,ACC00037,ACC00030,912.39,IMPS,transfer,0,,normal
TXN003949,2026-06-25 01:54:56,ACC00107,ACC00211,3884.82,RTGS,transfer,0,,normal
TXN003950,2026-06-25 01:56:11,ACC00397,ACC00195,5666.27,CASH_DEPOSIT,cash_deposit,0,,normal
TXN003951,2026-06-25 02:21:53,ACC00013,ACC00018,929.85,NEFT,transfer,0,,normal
TXN003952,2026-06-25 02:33:34,ACC00497,ACC00612,2594.97,CASH_DEPOSIT,cash_deposit,0,,normal
TXN003953,2026-06-25 02:43:54,ACC00493,ACC00035,3777.56,RTGS,transfer,0,,normal
TXN003954,2026-06-25 03:05:39,ACC00125,ACC00606,3643.43,CASH_DEPOSIT,cash_deposit,0,,normal
TXN003955,2026-06-25 03:06:46,ACC00330,ACC00383,12344.0,RTGS,transfer,0,,normal
TXN003956,2026-06-25 03:23:15,ACC00498,ACC00139,8201.27,RTGS,transfer,0,,normal
TXN003957,2026-06-25 04:10:59,ACC00211,ACC00349,7355.64,CASH_DEPOSIT,cash_deposit,0,,normal
TXN003958,2026-06-25 04:11:13,ACC00301,ACC00675,921.08,RTGS,transfer,0,,normal
TXN003959,2026-06-25 04:20:53,ACC00275,ACC00380,2463.93,NEFT,transfer,0,,normal
TXN003960,2026-06-25 04:30:41,ACC00515,ACC00549,4713.08,RTGS,transfer,0,,normal
TXN003961,2026-06-25 04:42:14,ACC00520,ACC00488,690.96,CASH_DEPOSIT,cash_deposit,0,,normal
TXN003962,2026-06-25 04:42:24,ACC00613,ACC00410,7607.5,CASH_DEPOSIT,cash_deposit,0,,normal
TXN003963,2026-06-25 04:42:42,ACC00406,ACC00449,4840.25,UPI,transfer,0,,normal
TXN003964,2026-06-25 04:49:59,ACC00184,ACC00157,3438.48,UPI,transfer,0,,normal
TXN003965,2026-06-25 04:56:49,ACC00162,ACC00256,3617.94,IMPS,transfer,0,,normal
TXN003966,2026-06-25 05:01:59,ACC00210,ACC00462,9386.15,RTGS,transfer,0,,normal
TXN003967,2026-06-25 05:22:10,ACC00588,ACC00141,6373.24,NEFT,transfer,0,,normal
TXN003968,2026-06-25 05:30:41,ACC00508,ACC00143,1446.42,UPI,transfer,0,,normal
TXN003969,2026-06-25 05:33:05,ACC00326,ACC00580,10446.18,NEFT,transfer,0,,normal
TXN003970,2026-06-25 05:48:11,ACC00488,ACC00678,1377.66,UPI,transfer,0,,normal
TXN003971,2026-06-25 05:50:32,ACC00132,ACC00137,8153.61,UPI,transfer,0,,normal
TXN003972,2026-06-25 06:03:26,ACC00559,ACC00064,512.77,RTGS,transfer,0,,normal
TXN003973,2026-06-25 06:07:26,ACC00458,ACC00346,2713.83,CASH_DEPOSIT,cash_deposit,0,,normal
TXN003974,2026-06-25 06:09:44,ACC00529,ACC00282,24062.25,CASH_DEPOSIT,cash_deposit,0,,normal
TXN003975,2026-06-25 06:41:40,ACC00415,ACC00621,1293.7,IMPS,transfer,0,,normal
TXN003976,2026-06-25 06:42:49,ACC00604,ACC00054,1463.55,IMPS,transfer,0,,normal
TXN003977,2026-06-25 07:15:19,ACC00230,ACC00047,2530.25,IMPS,transfer,0,,normal
TXN003978,2026-06-25 07:16:45,ACC00366,ACC00038,11246.58,IMPS,transfer,0,,normal
TXN003979,2026-06-25 07:18:39,ACC00070,ACC00224,21705.78,CASH_DEPOSIT,cash_deposit,0,,normal
TXN003980,2026-06-25 07:20:32,ACC00159,ACC00409,5590.29,IMPS,transfer,0,,normal
TXN003981,2026-06-25 07:21:02,ACC00405,ACC00621,2145.07,IMPS,transfer,0,,normal
TXN003982,2026-06-25 07:32:30,ACC00208,ACC00587,2204.64,CASH_DEPOSIT,cash_deposit,0,,normal
TXN003983,2026-06-25 07:38:14,ACC00509,ACC00356,21775.67,NEFT,transfer,0,,normal
TXN003984,2026-06-25 07:44:46,ACC00384,ACC00018,5456.1,NEFT,transfer,0,,normal
TXN003985,2026-06-25 07:54:42,ACC00069,ACC00188,2392.08,NEFT,transfer,0,,normal
TXN003986,2026-06-25 07:54:48,ACC00582,ACC00471,7014.02,CASH_DEPOSIT,cash_deposit,0,,normal
TXN003987,2026-06-25 08:00:01,ACC00507,ACC00626,877.83,IMPS,transfer,0,,normal
TXN003988,2026-06-25 08:08:12,ACC00305,ACC00199,1044.11,RTGS,transfer,0,,normal
TXN003989,2026-06-25 08:17:36,ACC00334,ACC00665,2085.55,UPI,transfer,0,,normal
TXN003990,2026-06-25 08:19:51,ACC00471,ACC00359,3821.92,UPI,transfer,0,,normal
TXN003991,2026-06-25 08:24:49,ACC00165,ACC00071,5738.94,NEFT,transfer,0,,normal
TXN003992,2026-06-25 08:38:07,ACC00562,ACC00405,1693.32,IMPS,transfer,0,,normal
TXN003993,2026-06-25 08:42:15,ACC00372,ACC00594,5288.59,NEFT,transfer,0,,normal
TXN003994,2026-06-25 09:23:03,ACC00694,ACC00459,563.9,CASH_DEPOSIT,cash_deposit,0,,normal
TXN003995,2026-06-25 09:32:34,ACC00420,ACC00680,425.64,IMPS,transfer,0,,normal
TXN003996,2026-06-25 10:04:43,ACC00361,ACC00091,9134.07,RTGS,transfer,0,,normal
TXN003997,2026-06-25 10:20:21,ACC00204,ACC00363,3809.32,CASH_DEPOSIT,cash_deposit,0,,normal
TXN003998,2026-06-25 10:40:00,ACC00007,ACC00572,729840.96,NEFT,transfer,1,LAYER012,cyclic_layering
TXN003999,2026-06-25 10:41:28,ACC00279,ACC00095,5983.12,IMPS,transfer,0,,normal
TXN004000,2026-06-25 10:55:13,ACC00483,ACC00247,3784.76,RTGS,transfer,0,,normal
TXN004001,2026-06-25 10:57:29,ACC00382,ACC00460,729.43,NEFT,transfer,0,,normal
TXN004002,2026-06-25 11:05:26,ACC00449,ACC00263,631.05,IMPS,transfer,0,,normal
TXN004003,2026-06-25 11:07:09,ACC00510,ACC00511,3792.2,RTGS,transfer,0,,normal
TXN004004,2026-06-25 11:08:43,ACC00615,ACC00128,515656.28,RTGS,transfer,1,LAYER005,cyclic_layering
TXN004005,2026-06-25 11:21:00,ACC00246,ACC00435,843.36,UPI,transfer,0,,normal
TXN004006,2026-06-25 11:22:27,ACC00338,ACC00626,1903.77,RTGS,transfer,0,,normal
TXN004007,2026-06-25 11:25:24,ACC00691,ACC00530,990.44,IMPS,transfer,0,,normal
TXN004008,2026-06-25 11:43:38,ACC00360,ACC00096,957.05,UPI,transfer,0,,normal
TXN004009,2026-06-25 11:47:16,ACC00294,ACC00112,4207.11,RTGS,transfer,0,,normal
TXN004010,2026-06-25 12:15:12,ACC00453,ACC00612,4461.25,IMPS,transfer,0,,normal
TXN004011,2026-06-25 12:42:40,ACC00354,ACC00247,1769.81,NEFT,transfer,0,,normal
TXN004012,2026-06-25 12:57:00,ACC00591,ACC00544,2886.38,CASH_DEPOSIT,cash_deposit,0,,normal
TXN004013,2026-06-25 12:59:00,ACC00145,ACC00185,11877.53,CASH_DEPOSIT,cash_deposit,0,,normal
TXN004014,2026-06-25 13:13:29,ACC00487,ACC00259,2836.25,UPI,transfer,0,,normal
TXN004015,2026-06-25 13:22:35,ACC00098,ACC00281,1768.62,RTGS,transfer,0,,normal
TXN004016,2026-06-25 13:28:21,ACC00668,ACC00493,13350.42,IMPS,transfer,0,,normal
TXN004017,2026-06-25 14:04:58,ACC00275,ACC00654,5646.57,RTGS,transfer,0,,normal
TXN004018,2026-06-25 14:06:13,ACC00021,ACC00090,2086.98,CASH_DEPOSIT,cash_deposit,0,,normal
TXN004019,2026-06-25 14:09:35,ACC00112,ACC00479,885.33,UPI,transfer,0,,normal
TXN004020,2026-06-25 14:10:36,ACC00228,ACC00273,3493.52,CASH_DEPOSIT,cash_deposit,0,,normal
TXN004021,2026-06-25 14:11:27,ACC00060,ACC00484,2514.22,IMPS,transfer,0,,normal
TXN004022,2026-06-25 14:13:53,ACC00331,ACC00010,3682.21,IMPS,transfer,0,,normal
TXN004023,2026-06-25 14:15:48,ACC00252,ACC00320,12217.6,UPI,transfer,0,,normal
TXN004024,2026-06-25 14:20:35,ACC00670,ACC00688,994.54,UPI,transfer,0,,normal
TXN004025,2026-06-25 14:23:39,ACC00075,ACC00326,8187.46,CASH_DEPOSIT,cash_deposit,0,,normal
TXN004026,2026-06-25 14:27:25,ACC00282,ACC00556,2354.7,CASH_DEPOSIT,cash_deposit,0,,normal
TXN004027,2026-06-25 14:56:27,ACC00676,ACC00442,2770.52,UPI,transfer,0,,normal
TXN004028,2026-06-25 15:05:13,ACC00390,ACC00024,11896.0,RTGS,transfer,0,,normal
TXN004029,2026-06-25 15:15:44,ACC00621,ACC00031,2989.98,IMPS,transfer,0,,normal
TXN004030,2026-06-25 15:20:52,ACC00416,ACC00142,3082.24,UPI,transfer,0,,normal
TXN004031,2026-06-25 15:22:34,ACC00101,ACC00241,12967.76,NEFT,transfer,0,,normal
TXN004032,2026-06-25 15:25:17,ACC00501,ACC00282,7758.51,NEFT,transfer,0,,normal
TXN004033,2026-06-25 15:31:19,ACC00114,ACC00141,7381.02,RTGS,transfer,0,,normal
TXN004034,2026-06-25 15:49:24,ACC00195,ACC00197,943.69,NEFT,transfer,0,,normal
TXN004035,2026-06-25 15:56:48,ACC00040,ACC00155,2214.29,RTGS,transfer,0,,normal
TXN004036,2026-06-25 15:59:16,ACC00219,ACC00084,8727.82,NEFT,transfer,0,,normal
TXN004037,2026-06-25 16:06:31,ACC00609,ACC00035,9810.39,NEFT,transfer,0,,normal
TXN004038,2026-06-25 16:33:26,ACC00015,ACC00504,1433.62,RTGS,transfer,0,,normal
TXN004039,2026-06-25 16:42:22,ACC00473,ACC00438,12585.85,RTGS,transfer,0,,normal
TXN004040,2026-06-25 16:44:46,ACC00368,ACC00540,3182.98,CASH_DEPOSIT,cash_deposit,0,,normal
TXN004041,2026-06-25 16:56:06,ACC00016,ACC00344,4209.8,UPI,transfer,0,,normal
TXN004042,2026-06-25 16:57:42,ACC00003,ACC00126,1673.81,UPI,transfer,0,,normal
TXN004043,2026-06-25 16:57:49,ACC00062,ACC00103,14069.4,UPI,transfer,0,,normal
TXN004044,2026-06-25 17:02:49,ACC00596,ACC00690,2059.16,RTGS,transfer,0,,normal
TXN004045,2026-06-25 17:09:49,ACC00222,ACC00408,993.82,RTGS,transfer,0,,normal
TXN004046,2026-06-25 17:21:53,ACC00571,ACC00605,1677.98,IMPS,transfer,0,,normal
TXN004047,2026-06-25 17:22:13,ACC00404,ACC00551,20338.63,IMPS,transfer,0,,normal
TXN004048,2026-06-25 17:22:46,ACC00279,ACC00523,4539.64,CASH_DEPOSIT,cash_deposit,0,,normal
TXN004049,2026-06-25 17:25:12,ACC00272,ACC00260,34714.2,NEFT,transfer,0,,normal
TXN004050,2026-06-25 17:58:35,ACC00613,ACC00366,2874.2,IMPS,transfer,0,,normal
TXN004051,2026-06-25 18:24:04,ACC00048,ACC00131,1469.85,CASH_DEPOSIT,cash_deposit,0,,normal
TXN004052,2026-06-25 18:36:13,ACC00006,ACC00534,913.35,NEFT,transfer,0,,normal
TXN004053,2026-06-25 18:56:27,ACC00257,ACC00613,3980.01,IMPS,transfer,0,,normal
TXN004054,2026-06-25 18:59:30,ACC00103,ACC00524,3755.0,UPI,transfer,0,,normal
TXN004055,2026-06-25 19:05:18,ACC00349,ACC00328,2594.68,IMPS,transfer,0,,normal
TXN004056,2026-06-25 19:07:13,ACC00561,ACC00669,683.71,RTGS,transfer,0,,normal
TXN004057,2026-06-25 19:20:29,ACC00610,ACC00167,5280.09,RTGS,transfer,0,,normal
TXN004058,2026-06-25 19:43:34,ACC00057,ACC00493,9039.34,NEFT,transfer,0,,normal
TXN004059,2026-06-25 19:46:50,ACC00228,ACC00443,6566.33,UPI,transfer,0,,normal
TXN004060,2026-06-25 20:10:27,ACC00077,ACC00684,376.14,CASH_DEPOSIT,cash_deposit,0,,normal
TXN004061,2026-06-25 20:12:25,ACC00202,ACC00641,4500.35,NEFT,transfer,0,,normal
TXN004062,2026-06-25 20:16:57,ACC00441,ACC00438,6121.9,UPI,transfer,0,,normal
TXN004063,2026-06-25 20:31:23,ACC00541,ACC00240,2702.1,CASH_DEPOSIT,cash_deposit,0,,normal
TXN004064,2026-06-25 20:40:22,ACC00047,ACC00310,6244.81,NEFT,transfer,0,,normal
TXN004065,2026-06-25 20:42:28,ACC00364,ACC00525,625.4,RTGS,transfer,0,,normal
TXN004066,2026-06-25 20:45:22,ACC00281,ACC00644,1858.95,UPI,transfer,0,,normal
TXN004067,2026-06-25 20:56:38,ACC00156,ACC00438,10588.58,IMPS,transfer,0,,normal
TXN004068,2026-06-25 21:10:31,ACC00243,ACC00491,11464.21,CASH_DEPOSIT,cash_deposit,0,,normal
TXN004069,2026-06-25 21:31:47,ACC00336,ACC00089,3260.26,IMPS,transfer,0,,normal
TXN004070,2026-06-25 22:00:03,ACC00051,ACC00390,8762.54,IMPS,transfer,0,,normal
TXN004071,2026-06-25 22:00:11,ACC00226,ACC00319,2540.6,UPI,transfer,0,,normal
TXN004072,2026-06-25 22:40:47,ACC00148,ACC00284,5421.27,CASH_DEPOSIT,cash_deposit,0,,normal
TXN004073,2026-06-25 22:56:30,ACC00326,ACC00476,1976.77,UPI,transfer,0,,normal
TXN004074,2026-06-25 23:33:37,ACC00202,ACC00308,6913.52,NEFT,transfer,0,,normal
TXN004075,2026-06-26 00:04:27,ACC00338,ACC00495,4137.23,UPI,transfer,0,,normal
TXN004076,2026-06-26 00:07:23,ACC00261,ACC00575,3205.51,UPI,transfer,0,,normal
TXN004077,2026-06-26 00:17:46,ACC00330,ACC00656,3646.84,CASH_DEPOSIT,cash_deposit,0,,normal
TXN004078,2026-06-26 00:17:54,ACC00222,ACC00069,3119.7,IMPS,transfer,0,,normal
TXN004079,2026-06-26 00:23:11,ACC00242,ACC00567,4357.48,IMPS,transfer,0,,normal
TXN004080,2026-06-26 00:30:05,ACC00080,ACC00558,482.5,RTGS,transfer,0,,normal
TXN004081,2026-06-26 00:41:36,ACC00055,ACC00008,12049.94,IMPS,transfer,0,,normal
TXN004082,2026-06-26 00:46:32,ACC00045,ACC00295,12544.49,IMPS,transfer,0,,normal
TXN004083,2026-06-26 01:04:33,ACC00164,ACC00111,22950.36,CASH_DEPOSIT,cash_deposit,0,,normal
TXN004084,2026-06-26 01:05:35,ACC00218,ACC00156,4819.1,CASH_DEPOSIT,cash_deposit,0,,normal
TXN004085,2026-06-26 01:13:35,ACC00066,ACC00074,3927.21,UPI,transfer,0,,normal
TXN004086,2026-06-26 01:17:12,ACC00002,ACC00364,9853.76,RTGS,transfer,0,,normal
TXN004087,2026-06-26 01:55:36,ACC00125,ACC00581,2683.27,NEFT,transfer,0,,normal
TXN004088,2026-06-26 02:08:34,ACC00437,ACC00699,803845.0,RTGS,transfer,1,LAYER011,cyclic_layering
TXN004089,2026-06-26 02:16:12,ACC00145,ACC00450,4757.34,NEFT,transfer,0,,normal
TXN004090,2026-06-26 02:17:10,ACC00345,ACC00157,44935.71,NEFT,transfer,0,,normal
TXN004091,2026-06-26 02:48:38,ACC00075,ACC00098,3051.37,IMPS,transfer,0,,normal
TXN004092,2026-06-26 03:00:52,ACC00128,ACC00254,471985.91,NEFT,transfer,1,LAYER005,cyclic_layering
TXN004093,2026-06-26 03:09:22,ACC00424,ACC00221,3157.47,UPI,transfer,0,,normal
TXN004094,2026-06-26 03:23:46,ACC00614,ACC00350,3458.75,IMPS,transfer,0,,normal
TXN004095,2026-06-26 03:26:45,ACC00505,ACC00603,1629.19,RTGS,transfer,0,,normal
TXN004096,2026-06-26 03:28:12,ACC00101,ACC00608,12214.37,UPI,transfer,0,,normal
TXN004097,2026-06-26 03:45:54,ACC00568,ACC00020,2311.91,NEFT,transfer,0,,normal
TXN004098,2026-06-26 03:49:26,ACC00466,ACC00606,7389.13,RTGS,transfer,0,,normal
TXN004099,2026-06-26 04:29:28,ACC00465,ACC00171,6756.5,IMPS,transfer,0,,normal
TXN004100,2026-06-26 04:35:53,ACC00248,ACC00552,2732.68,CASH_DEPOSIT,cash_deposit,0,,normal
TXN004101,2026-06-26 05:12:11,ACC00455,ACC00232,1267.74,RTGS,transfer,0,,normal
TXN004102,2026-06-26 05:21:29,ACC00417,ACC00501,1826.23,RTGS,transfer,0,,normal
TXN004103,2026-06-26 05:32:20,ACC00043,ACC00622,794114.44,IMPS,transfer,1,LAYER002,cyclic_layering
TXN004104,2026-06-26 05:37:58,ACC00054,ACC00335,2084.33,NEFT,transfer,0,,normal
TXN004105,2026-06-26 05:40:58,ACC00653,ACC00588,7905.33,RTGS,transfer,0,,normal
TXN004106,2026-06-26 06:00:03,ACC00378,ACC00485,2569.8,CASH_DEPOSIT,cash_deposit,0,,normal
TXN004107,2026-06-26 06:04:31,ACC00171,ACC00185,3189.68,IMPS,transfer,0,,normal
TXN004108,2026-06-26 06:06:55,ACC00569,ACC00006,5213.95,UPI,transfer,0,,normal
TXN004109,2026-06-26 06:10:06,ACC00336,ACC00587,1089.03,CASH_DEPOSIT,cash_deposit,0,,normal
TXN004110,2026-06-26 06:12:58,ACC00393,ACC00429,1618.85,RTGS,transfer,0,,normal
TXN004111,2026-06-26 06:28:56,ACC00070,ACC00539,4987.47,CASH_DEPOSIT,cash_deposit,0,,normal
TXN004112,2026-06-26 06:41:58,ACC00051,ACC00592,8711.79,IMPS,transfer,0,,normal
TXN004113,2026-06-26 06:50:21,ACC00546,ACC00132,4011.75,NEFT,transfer,0,,normal
TXN004114,2026-06-26 06:52:59,ACC00352,ACC00671,5407.47,IMPS,transfer,0,,normal
TXN004115,2026-06-26 06:59:57,ACC00204,ACC00377,4910.52,NEFT,transfer,0,,normal
TXN004116,2026-06-26 07:05:18,ACC00636,ACC00137,16287.9,RTGS,transfer,0,,normal
TXN004117,2026-06-26 07:09:36,ACC00196,ACC00454,8916.43,RTGS,transfer,0,,normal
TXN004118,2026-06-26 07:21:55,ACC00186,ACC00180,2949.8,CASH_DEPOSIT,cash_deposit,0,,normal
TXN004119,2026-06-26 07:31:25,ACC00287,ACC00266,3025.43,CASH_DEPOSIT,cash_deposit,0,,normal
TXN004120,2026-06-26 07:41:06,ACC00061,ACC00076,3286.9,RTGS,transfer,0,,normal
TXN004121,2026-06-26 07:46:35,ACC00163,ACC00576,3017.54,NEFT,transfer,0,,normal
TXN004122,2026-06-26 07:53:12,ACC00439,ACC00508,2560.5,CASH_DEPOSIT,cash_deposit,0,,normal
TXN004123,2026-06-26 08:08:48,ACC00217,ACC00209,2509.27,CASH_DEPOSIT,cash_deposit,0,,normal
TXN004124,2026-06-26 08:08:52,ACC00614,ACC00172,3996.18,NEFT,transfer,0,,normal
TXN004125,2026-06-26 08:09:36,ACC00163,ACC00319,8346.7,UPI,transfer,0,,normal
TXN004126,2026-06-26 08:11:37,ACC00668,ACC00108,4752.09,IMPS,transfer,0,,normal
TXN004127,2026-06-26 08:12:29,ACC00198,ACC00695,1602.86,CASH_DEPOSIT,cash_deposit,0,,normal
TXN004128,2026-06-26 08:13:45,ACC00319,ACC00281,3256.41,RTGS,transfer,0,,normal
TXN004129,2026-06-26 08:28:02,ACC00143,ACC00210,3046.12,UPI,transfer,0,,normal
TXN004130,2026-06-26 08:29:35,ACC00223,ACC00120,2013.15,RTGS,transfer,0,,normal
TXN004131,2026-06-26 09:06:17,ACC00674,ACC00544,3008.27,RTGS,transfer,0,,normal
TXN004132,2026-06-26 09:06:47,ACC00354,ACC00341,6002.68,RTGS,transfer,0,,normal
TXN004133,2026-06-26 09:13:42,ACC00607,ACC00313,5449.45,CASH_DEPOSIT,cash_deposit,0,,normal
TXN004134,2026-06-26 09:19:48,ACC00380,ACC00341,4579.1,RTGS,transfer,0,,normal
TXN004135,2026-06-26 09:22:24,ACC00372,ACC00535,3744.18,RTGS,transfer,0,,normal
TXN004136,2026-06-26 09:32:29,ACC00043,ACC00289,3391.71,RTGS,transfer,0,,normal
TXN004137,2026-06-26 09:36:37,ACC00469,ACC00124,2821.73,NEFT,transfer,0,,normal
TXN004138,2026-06-26 09:57:07,ACC00530,ACC00098,12098.13,UPI,transfer,0,,normal
TXN004139,2026-06-26 09:58:26,ACC00391,ACC00452,1261.84,NEFT,transfer,0,,normal
TXN004140,2026-06-26 10:00:49,ACC00424,ACC00119,9789.69,IMPS,transfer,0,,normal
TXN004141,2026-06-26 10:04:19,ACC00242,ACC00443,5931.21,NEFT,transfer,0,,normal
TXN004142,2026-06-26 10:05:12,ACC00634,ACC00653,8757.63,CASH_DEPOSIT,cash_deposit,0,,normal
TXN004143,2026-06-26 10:10:59,ACC00125,ACC00669,2965.48,UPI,transfer,0,,normal
TXN004144,2026-06-26 10:23:50,ACC00373,ACC00475,15629.4,RTGS,transfer,0,,normal
TXN004145,2026-06-26 10:26:20,ACC00138,ACC00617,1784.21,NEFT,transfer,0,,normal
TXN004146,2026-06-26 10:41:36,ACC00254,ACC00678,445922.72,NEFT,transfer,1,LAYER005,cyclic_layering
TXN004147,2026-06-26 10:54:58,ACC00565,ACC00267,6266.18,RTGS,transfer,0,,normal
TXN004148,2026-06-26 10:55:01,ACC00063,ACC00433,7466.47,RTGS,transfer,0,,normal
TXN004149,2026-06-26 10:59:41,ACC00375,ACC00236,1630.28,CASH_DEPOSIT,cash_deposit,0,,normal
TXN004150,2026-06-26 11:11:11,ACC00391,ACC00421,2999.87,CASH_DEPOSIT,cash_deposit,0,,normal
TXN004151,2026-06-26 11:30:47,ACC00228,ACC00200,4117.24,CASH_DEPOSIT,cash_deposit,0,,normal
TXN004152,2026-06-26 11:51:27,ACC00417,ACC00658,2046.45,IMPS,transfer,0,,normal
TXN004153,2026-06-26 12:07:45,ACC00041,ACC00677,1860.6,NEFT,transfer,0,,normal
TXN004154,2026-06-26 12:15:32,ACC00039,ACC00140,2914.33,CASH_DEPOSIT,cash_deposit,0,,normal
TXN004155,2026-06-26 12:15:51,ACC00104,ACC00525,1587.68,RTGS,transfer,0,,normal
TXN004156,2026-06-26 12:22:47,ACC00060,ACC00212,2219.57,CASH_DEPOSIT,cash_deposit,0,,normal
TXN004157,2026-06-26 12:32:40,ACC00504,ACC00492,2266.79,IMPS,transfer,0,,normal
TXN004158,2026-06-26 12:40:30,ACC00578,ACC00146,5455.05,RTGS,transfer,0,,normal
TXN004159,2026-06-26 12:42:25,ACC00255,ACC00122,7415.55,CASH_DEPOSIT,cash_deposit,0,,normal
TXN004160,2026-06-26 13:01:29,ACC00289,ACC00273,1250.14,IMPS,transfer,0,,normal
TXN004161,2026-06-26 13:11:34,ACC00698,ACC00268,4509.22,UPI,transfer,0,,normal
TXN004162,2026-06-26 13:12:41,ACC00352,ACC00554,1459.3,UPI,transfer,0,,normal
TXN004163,2026-06-26 13:23:28,ACC00591,ACC00572,5137.84,NEFT,transfer,0,,normal
TXN004164,2026-06-26 13:36:41,ACC00675,ACC00398,4738.83,NEFT,transfer,0,,normal
TXN004165,2026-06-26 13:58:38,ACC00567,ACC00347,1414.93,RTGS,transfer,0,,normal
TXN004166,2026-06-26 14:03:27,ACC00279,ACC00103,3600.87,NEFT,transfer,0,,normal
TXN004167,2026-06-26 14:07:02,ACC00517,ACC00109,3259.0,NEFT,transfer,0,,normal
TXN004168,2026-06-26 14:31:08,ACC00647,ACC00499,1469.09,IMPS,transfer,0,,normal
TXN004169,2026-06-26 14:46:00,ACC00142,ACC00381,11550.86,RTGS,transfer,0,,normal
TXN004170,2026-06-26 14:49:25,ACC00175,ACC00580,811468.83,IMPS,transfer,1,LAYER003,cyclic_layering
TXN004171,2026-06-26 14:53:00,ACC00122,ACC00650,617.15,UPI,transfer,0,,normal
TXN004172,2026-06-26 14:57:20,ACC00382,ACC00134,672.57,CASH_DEPOSIT,cash_deposit,0,,normal
TXN004173,2026-06-26 15:02:16,ACC00420,ACC00574,4887.58,NEFT,transfer,0,,normal
TXN004174,2026-06-26 15:04:41,ACC00476,ACC00498,1520.64,UPI,transfer,0,,normal
TXN004175,2026-06-26 15:08:46,ACC00312,ACC00506,3092.23,UPI,transfer,0,,normal
TXN004176,2026-06-26 15:15:36,ACC00547,ACC00678,3923.3,IMPS,transfer,0,,normal
TXN004177,2026-06-26 15:20:36,ACC00166,ACC00547,1757.34,RTGS,transfer,0,,normal
TXN004178,2026-06-26 15:21:48,ACC00280,ACC00436,9895.35,CASH_DEPOSIT,cash_deposit,0,,normal
TXN004179,2026-06-26 15:25:16,ACC00209,ACC00274,5068.16,RTGS,transfer,0,,normal
TXN004180,2026-06-26 15:26:32,ACC00081,ACC00477,695.01,RTGS,transfer,0,,normal
TXN004181,2026-06-26 15:27:46,ACC00053,ACC00584,2692.91,NEFT,transfer,0,,normal
TXN004182,2026-06-26 15:34:08,ACC00250,ACC00537,4886.2,NEFT,transfer,0,,normal
TXN004183,2026-06-26 15:36:07,ACC00206,ACC00570,10190.48,NEFT,transfer,0,,normal
TXN004184,2026-06-26 15:38:28,ACC00271,ACC00153,3932.23,RTGS,transfer,0,,normal
TXN004185,2026-06-26 15:41:33,ACC00194,ACC00390,4399.87,RTGS,transfer,0,,normal
TXN004186,2026-06-26 15:49:19,ACC00166,ACC00534,532.61,NEFT,transfer,0,,normal
TXN004187,2026-06-26 15:58:59,ACC00622,ACC00346,765534.22,RTGS,transfer,1,LAYER002,cyclic_layering
TXN004188,2026-06-26 16:00:57,ACC00617,ACC00052,14460.01,UPI,transfer,0,,normal
TXN004189,2026-06-26 16:00:59,ACC00250,ACC00219,3661.92,NEFT,transfer,0,,normal
TXN004190,2026-06-26 16:09:57,ACC00137,ACC00025,4186.58,RTGS,transfer,0,,normal
TXN004191,2026-06-26 16:37:01,ACC00322,ACC00622,3601.85,NEFT,transfer,0,,normal
TXN004192,2026-06-26 16:56:39,ACC00495,ACC00527,3205.16,UPI,transfer,0,,normal
TXN004193,2026-06-26 17:10:37,ACC00058,ACC00464,5737.64,RTGS,transfer,0,,normal
TXN004194,2026-06-26 17:32:20,ACC00012,ACC00354,2566.47,NEFT,transfer,0,,normal
TXN004195,2026-06-26 17:34:34,ACC00298,ACC00128,3957.49,CASH_DEPOSIT,cash_deposit,0,,normal
TXN004196,2026-06-26 17:41:18,ACC00301,ACC00629,5068.29,IMPS,transfer,0,,normal
TXN004197,2026-06-26 17:45:27,ACC00617,ACC00629,755.59,UPI,transfer,0,,normal
TXN004198,2026-06-26 18:13:57,ACC00248,ACC00518,739.55,CASH_DEPOSIT,cash_deposit,0,,normal
TXN004199,2026-06-26 18:18:42,ACC00185,ACC00006,5754.56,UPI,transfer,0,,normal
TXN004200,2026-06-26 18:21:39,ACC00154,ACC00064,1649.65,NEFT,transfer,0,,normal
TXN004201,2026-06-26 18:23:48,ACC00697,ACC00466,1073.58,CASH_DEPOSIT,cash_deposit,0,,normal
TXN004202,2026-06-26 18:37:37,ACC00279,ACC00238,17996.67,NEFT,transfer,0,,normal
TXN004203,2026-06-26 18:44:55,ACC00410,ACC00297,5573.79,UPI,transfer,0,,normal
TXN004204,2026-06-26 19:01:43,ACC00184,ACC00037,11442.82,RTGS,transfer,0,,normal
TXN004205,2026-06-26 19:04:46,ACC00087,ACC00318,1027.61,NEFT,transfer,0,,normal
TXN004206,2026-06-26 19:23:47,ACC00642,ACC00004,1125.14,CASH_DEPOSIT,cash_deposit,0,,normal
TXN004207,2026-06-26 19:24:40,ACC00449,ACC00434,3512.44,RTGS,transfer,0,,normal
TXN004208,2026-06-26 19:34:06,ACC00003,ACC00647,5573.25,NEFT,transfer,0,,normal
TXN004209,2026-06-26 20:03:11,ACC00640,ACC00361,1057.38,UPI,transfer,0,,normal
TXN004210,2026-06-26 20:07:11,ACC00127,ACC00688,2214.91,CASH_DEPOSIT,cash_deposit,0,,normal
TXN004211,2026-06-26 20:07:28,ACC00278,ACC00080,4721.36,UPI,transfer,0,,normal
TXN004212,2026-06-26 20:10:43,ACC00286,ACC00144,2558.84,IMPS,transfer,0,,normal
TXN004213,2026-06-26 20:31:50,ACC00577,ACC00446,8669.07,IMPS,transfer,0,,normal
TXN004214,2026-06-26 20:34:06,ACC00028,ACC00005,16471.79,CASH_DEPOSIT,cash_deposit,0,,normal
TXN004215,2026-06-26 20:36:55,ACC00035,ACC00598,3426.51,RTGS,transfer,0,,normal
TXN004216,2026-06-26 20:45:40,ACC00678,ACC00395,404839.82,RTGS,transfer,1,LAYER005,cyclic_layering
TXN004217,2026-06-26 20:50:12,ACC00527,ACC00540,524.08,RTGS,transfer,0,,normal
TXN004218,2026-06-26 20:52:09,ACC00022,ACC00412,4919.66,RTGS,transfer,0,,normal
TXN004219,2026-06-26 21:55:06,ACC00132,ACC00379,2843.07,UPI,transfer,0,,normal
TXN004220,2026-06-26 22:11:07,ACC00119,ACC00376,4036.08,CASH_DEPOSIT,cash_deposit,0,,normal
TXN004221,2026-06-26 22:35:47,ACC00582,ACC00089,1397.17,UPI,transfer,0,,normal
TXN004222,2026-06-26 22:40:05,ACC00634,ACC00619,7172.99,CASH_DEPOSIT,cash_deposit,0,,normal
TXN004223,2026-06-26 22:50:00,ACC00679,ACC00199,3746.52,CASH_DEPOSIT,cash_deposit,0,,normal
TXN004224,2026-06-26 22:51:29,ACC00347,ACC00214,1885.35,RTGS,transfer,0,,normal
TXN004225,2026-06-26 22:54:30,ACC00463,ACC00692,15919.99,CASH_DEPOSIT,cash_deposit,0,,normal
TXN004226,2026-06-26 23:03:03,ACC00567,ACC00524,5304.89,IMPS,transfer,0,,normal
TXN004227,2026-06-26 23:04:53,ACC00592,ACC00134,832.53,NEFT,transfer,0,,normal
TXN004228,2026-06-26 23:13:17,ACC00557,ACC00061,2912.91,UPI,transfer,0,,normal
TXN004229,2026-06-26 23:20:22,ACC00189,ACC00331,421.38,NEFT,transfer,0,,normal
TXN004230,2026-06-26 23:25:51,ACC00405,ACC00239,673.57,NEFT,transfer,0,,normal
TXN004231,2026-06-26 23:30:37,ACC00088,ACC00584,2326.65,RTGS,transfer,0,,normal
TXN004232,2026-06-26 23:33:49,ACC00261,ACC00196,7356.56,IMPS,transfer,0,,normal
TXN004233,2026-06-26 23:41:09,ACC00077,ACC00607,4591.57,IMPS,transfer,0,,normal
TXN004234,2026-06-26 23:43:00,ACC00011,ACC00016,3083.76,IMPS,transfer,0,,normal
TXN004235,2026-06-26 23:52:46,ACC00165,ACC00215,1157.22,NEFT,transfer,0,,normal
TXN004236,2026-06-27 00:08:43,ACC00085,ACC00362,2186.91,IMPS,transfer,0,,normal
TXN004237,2026-06-27 00:15:48,ACC00416,ACC00038,1225.2,IMPS,transfer,0,,normal
TXN004238,2026-06-27 00:16:22,ACC00634,ACC00555,6438.13,CASH_DEPOSIT,cash_deposit,0,,normal
TXN004239,2026-06-27 00:17:07,ACC00383,ACC00573,12829.16,CASH_DEPOSIT,cash_deposit,0,,normal
TXN004240,2026-06-27 00:34:14,ACC00343,ACC00577,906.47,RTGS,transfer,0,,normal
TXN004241,2026-06-27 00:38:41,ACC00023,ACC00649,4114.49,RTGS,transfer,0,,normal
TXN004242,2026-06-27 00:43:32,ACC00641,ACC00382,5902.47,UPI,transfer,0,,normal
TXN004243,2026-06-27 00:57:37,ACC00524,ACC00116,1906.55,CASH_DEPOSIT,cash_deposit,0,,normal
TXN004244,2026-06-27 01:31:50,ACC00116,ACC00088,6488.28,RTGS,transfer,0,,normal
TXN004245,2026-06-27 01:37:20,ACC00107,ACC00500,4655.06,RTGS,transfer,0,,normal
TXN004246,2026-06-27 01:52:08,ACC00495,ACC00460,4424.98,RTGS,transfer,0,,normal
TXN004247,2026-06-27 02:05:15,ACC00649,ACC00111,7135.17,CASH_DEPOSIT,cash_deposit,0,,normal
TXN004248,2026-06-27 02:08:12,ACC00500,ACC00113,4202.84,CASH_DEPOSIT,cash_deposit,0,,normal
TXN004249,2026-06-27 02:19:53,ACC00489,ACC00432,1715.94,UPI,transfer,0,,normal
TXN004250,2026-06-27 02:24:53,ACC00534,ACC00307,14012.27,CASH_DEPOSIT,cash_deposit,0,,normal
TXN004251,2026-06-27 02:25:21,ACC00572,ACC00073,6806.84,NEFT,transfer,0,,normal
TXN004252,2026-06-27 02:29:04,ACC00430,ACC00176,5739.7,RTGS,transfer,0,,normal
TXN004253,2026-06-27 02:29:12,ACC00114,ACC00285,4286.07,CASH_DEPOSIT,cash_deposit,0,,normal
TXN004254,2026-06-27 02:29:33,ACC00584,ACC00551,2803.44,IMPS,transfer,0,,normal
TXN004255,2026-06-27 03:04:40,ACC00088,ACC00305,264.32,CASH_DEPOSIT,cash_deposit,0,,normal
TXN004256,2026-06-27 03:06:16,ACC00443,ACC00460,1033.07,RTGS,transfer,0,,normal
TXN004257,2026-06-27 03:13:54,ACC00399,ACC00011,5197.22,IMPS,transfer,0,,normal
TXN004258,2026-06-27 03:28:24,ACC00238,ACC00032,21704.4,RTGS,transfer,0,,normal
TXN004259,2026-06-27 03:28:56,ACC00006,ACC00099,8123.61,UPI,transfer,0,,normal
TXN004260,2026-06-27 03:59:21,ACC00038,ACC00301,3647.43,NEFT,transfer,0,,normal
TXN004261,2026-06-27 04:01:28,ACC00416,ACC00509,7946.36,RTGS,transfer,0,,normal
TXN004262,2026-06-27 04:14:21,ACC00080,ACC00684,1537.92,NEFT,transfer,0,,normal
TXN004263,2026-06-27 04:16:30,ACC00580,ACC00061,747871.4,NEFT,transfer,1,LAYER003,cyclic_layering
TXN004264,2026-06-27 04:18:29,ACC00332,ACC00349,1511.78,RTGS,transfer,0,,normal
TXN004265,2026-06-27 04:23:56,ACC00452,ACC00599,2888.32,UPI,transfer,0,,normal
TXN004266,2026-06-27 04:27:18,ACC00212,ACC00061,3279.33,CASH_DEPOSIT,cash_deposit,0,,normal
TXN004267,2026-06-27 04:32:46,ACC00163,ACC00619,927.95,IMPS,transfer,0,,normal
TXN004268,2026-06-27 04:39:25,ACC00242,ACC00115,2094.58,UPI,transfer,0,,normal
TXN004269,2026-06-27 04:57:56,ACC00428,ACC00247,1093.29,NEFT,transfer,0,,normal
TXN004270,2026-06-27 05:03:30,ACC00029,ACC00582,2306.97,IMPS,transfer,0,,normal
TXN004271,2026-06-27 05:15:12,ACC00375,ACC00516,1474.53,NEFT,transfer,0,,normal
TXN004272,2026-06-27 06:24:38,ACC00128,ACC00535,458.83,UPI,transfer,0,,normal
TXN004273,2026-06-27 06:27:33,ACC00205,ACC00262,5218.68,NEFT,transfer,0,,normal
TXN004274,2026-06-27 06:36:13,ACC00475,ACC00060,5189.63,CASH_DEPOSIT,cash_deposit,0,,normal
TXN004275,2026-06-27 07:03:55,ACC00486,ACC00683,1580.29,UPI,transfer,0,,normal
TXN004276,2026-06-27 07:09:15,ACC00095,ACC00514,797.47,UPI,transfer,0,,normal
TXN004277,2026-06-27 07:23:59,ACC00363,ACC00490,1168.44,UPI,transfer,0,,normal
TXN004278,2026-06-27 07:28:26,ACC00250,ACC00476,6792.86,NEFT,transfer,0,,normal
TXN004279,2026-06-27 07:34:43,ACC00379,ACC00630,1659.56,CASH_DEPOSIT,cash_deposit,0,,normal
TXN004280,2026-06-27 07:42:58,ACC00661,ACC00340,2241.25,UPI,transfer,0,,normal
TXN004281,2026-06-27 08:00:29,ACC00456,ACC00617,6196.07,CASH_DEPOSIT,cash_deposit,0,,normal
TXN004282,2026-06-27 08:23:29,ACC00295,ACC00125,6376.92,RTGS,transfer,0,,normal
TXN004283,2026-06-27 08:27:31,ACC00016,ACC00033,1076.66,RTGS,transfer,0,,normal
TXN004284,2026-06-27 08:28:55,ACC00428,ACC00493,3540.12,NEFT,transfer,0,,normal
TXN004285,2026-06-27 08:33:57,ACC00272,ACC00415,6501.0,CASH_DEPOSIT,cash_deposit,0,,normal
TXN004286,2026-06-27 09:02:05,ACC00049,ACC00165,6932.28,UPI,transfer,0,,normal
TXN004287,2026-06-27 09:16:29,ACC00227,ACC00655,3023.14,IMPS,transfer,0,,normal
TXN004288,2026-06-27 09:18:03,ACC00611,ACC00162,777.7,CASH_DEPOSIT,cash_deposit,0,,normal
TXN004289,2026-06-27 09:22:48,ACC00504,ACC00688,9642.17,UPI,transfer,0,,normal
TXN004290,2026-06-27 09:28:26,ACC00103,ACC00528,1643.2,CASH_DEPOSIT,cash_deposit,0,,normal
TXN004291,2026-06-27 09:51:35,ACC00540,ACC00577,18524.47,RTGS,transfer,0,,normal
TXN004292,2026-06-27 09:57:49,ACC00284,ACC00678,883.87,NEFT,transfer,0,,normal
TXN004293,2026-06-27 10:24:33,ACC00052,ACC00414,2417.09,CASH_DEPOSIT,cash_deposit,0,,normal
TXN004294,2026-06-27 10:39:43,ACC00029,ACC00387,7095.3,IMPS,transfer,0,,normal
TXN004295,2026-06-27 10:43:56,ACC00429,ACC00236,6665.83,IMPS,transfer,0,,normal
TXN004296,2026-06-27 10:46:02,ACC00476,ACC00572,15037.29,IMPS,transfer,0,,normal
TXN004297,2026-06-27 10:52:02,ACC00383,ACC00017,1260.13,CASH_DEPOSIT,cash_deposit,0,,normal
TXN004298,2026-06-27 10:59:49,ACC00207,ACC00302,5164.07,UPI,transfer,0,,normal
TXN004299,2026-06-27 11:10:30,ACC00217,ACC00023,6806.6,UPI,transfer,0,,normal
TXN004300,2026-06-27 11:13:07,ACC00265,ACC00101,4339.74,RTGS,transfer,0,,normal
TXN004301,2026-06-27 11:20:42,ACC00076,ACC00207,2637.87,RTGS,transfer,0,,normal
TXN004302,2026-06-27 11:22:29,ACC00688,ACC00077,5034.89,RTGS,transfer,0,,normal
TXN004303,2026-06-27 11:26:14,ACC00657,ACC00200,1727.83,NEFT,transfer,0,,normal
TXN004304,2026-06-27 11:33:33,ACC00417,ACC00179,1963.64,NEFT,transfer,0,,normal
TXN004305,2026-06-27 11:55:09,ACC00418,ACC00631,8064.65,UPI,transfer,0,,normal
TXN004306,2026-06-27 12:09:06,ACC00529,ACC00534,4282.39,UPI,transfer,0,,normal
TXN004307,2026-06-27 12:13:24,ACC00629,ACC00452,1583.55,NEFT,transfer,0,,normal
TXN004308,2026-06-27 12:16:27,ACC00387,ACC00675,2283.75,UPI,transfer,0,,normal
TXN004309,2026-06-27 12:24:16,ACC00276,ACC00629,6303.7,IMPS,transfer,0,,normal
TXN004310,2026-06-27 12:28:09,ACC00339,ACC00239,7285.75,RTGS,transfer,0,,normal
TXN004311,2026-06-27 12:45:03,ACC00041,ACC00132,2471.85,UPI,transfer,0,,normal
TXN004312,2026-06-27 12:51:43,ACC00170,ACC00026,2065.45,NEFT,transfer,0,,normal
TXN004313,2026-06-27 12:54:42,ACC00423,ACC00351,1455.37,NEFT,transfer,0,,normal
TXN004314,2026-06-27 12:59:13,ACC00206,ACC00131,17603.15,RTGS,transfer,0,,normal
TXN004315,2026-06-27 13:11:58,ACC00311,ACC00152,3900.84,CASH_DEPOSIT,cash_deposit,0,,normal
TXN004316,2026-06-27 13:18:31,ACC00088,ACC00336,2924.65,IMPS,transfer,0,,normal
TXN004317,2026-06-27 13:31:22,ACC00082,ACC00061,5591.41,UPI,transfer,0,,normal
TXN004318,2026-06-27 13:31:32,ACC00607,ACC00408,2308.68,NEFT,transfer,0,,normal
TXN004319,2026-06-27 13:32:42,ACC00204,ACC00591,11014.86,IMPS,transfer,0,,normal
TXN004320,2026-06-27 13:33:34,ACC00672,ACC00667,2582.88,NEFT,transfer,0,,normal
TXN004321,2026-06-27 13:52:16,ACC00181,ACC00194,1528.77,IMPS,transfer,0,,normal
TXN004322,2026-06-27 14:00:08,ACC00050,ACC00109,1756.54,IMPS,transfer,0,,normal
TXN004323,2026-06-27 14:04:58,ACC00176,ACC00415,3752.21,IMPS,transfer,0,,normal
TXN004324,2026-06-27 15:00:22,ACC00117,ACC00084,3537.44,RTGS,transfer,0,,normal
TXN004325,2026-06-27 15:23:56,ACC00116,ACC00434,6626.29,UPI,transfer,0,,normal
TXN004326,2026-06-27 15:24:42,ACC00617,ACC00211,2326.65,NEFT,transfer,0,,normal
TXN004327,2026-06-27 15:36:31,ACC00524,ACC00301,3841.9,NEFT,transfer,0,,normal
TXN004328,2026-06-27 15:41:40,ACC00586,ACC00224,1997.87,CASH_DEPOSIT,cash_deposit,0,,normal
TXN004329,2026-06-27 15:59:09,ACC00541,ACC00247,1262.35,NEFT,transfer,0,,normal
TXN004330,2026-06-27 16:05:36,ACC00493,ACC00151,2870.04,CASH_DEPOSIT,cash_deposit,0,,normal
TXN004331,2026-06-27 16:21:13,ACC00529,ACC00004,4622.3,UPI,transfer,0,,normal
TXN004332,2026-06-27 16:26:15,ACC00276,ACC00288,1692.77,RTGS,transfer,0,,normal
TXN004333,2026-06-27 16:45:01,ACC00432,ACC00540,4990.71,IMPS,transfer,0,,normal
TXN004334,2026-06-27 16:45:55,ACC00532,ACC00572,535.12,RTGS,transfer,0,,normal
TXN004335,2026-06-27 16:46:38,ACC00063,ACC00029,619.15,NEFT,transfer,0,,normal
TXN004336,2026-06-27 16:51:43,ACC00524,ACC00260,12757.35,CASH_DEPOSIT,cash_deposit,0,,normal
TXN004337,2026-06-27 16:58:31,ACC00679,ACC00406,1504.08,NEFT,transfer,0,,normal
TXN004338,2026-06-27 17:07:53,ACC00395,ACC00469,392943.0,RTGS,transfer,1,LAYER005,cyclic_layering
TXN004339,2026-06-27 17:08:06,ACC00124,ACC00695,23127.43,UPI,transfer,0,,normal
TXN004340,2026-06-27 17:19:10,ACC00298,ACC00526,4117.79,CASH_DEPOSIT,cash_deposit,0,,normal
TXN004341,2026-06-27 17:25:42,ACC00163,ACC00124,8055.08,UPI,transfer,0,,normal
TXN004342,2026-06-27 17:41:08,ACC00189,ACC00612,3070.91,CASH_DEPOSIT,cash_deposit,0,,normal
TXN004343,2026-06-27 17:50:42,ACC00361,ACC00236,918.36,CASH_DEPOSIT,cash_deposit,0,,normal
TXN004344,2026-06-27 17:51:39,ACC00077,ACC00548,4531.38,CASH_DEPOSIT,cash_deposit,0,,normal
TXN004345,2026-06-27 18:03:53,ACC00153,ACC00659,1008.13,CASH_DEPOSIT,cash_deposit,0,,normal
TXN004346,2026-06-27 18:13:29,ACC00182,ACC00486,708.97,IMPS,transfer,0,,normal
TXN004347,2026-06-27 18:34:52,ACC00450,ACC00365,2854.81,IMPS,transfer,0,,normal
TXN004348,2026-06-27 18:54:20,ACC00215,ACC00167,8711.34,UPI,transfer,1,DORM001,dormant_reactivation
TXN004349,2026-06-27 18:59:46,ACC00486,ACC00275,3040.21,CASH_DEPOSIT,cash_deposit,0,,normal
TXN004350,2026-06-27 19:02:24,ACC00651,ACC00652,3292.29,NEFT,transfer,0,,normal
TXN004351,2026-06-27 19:06:26,ACC00214,ACC00628,2523.21,RTGS,transfer,0,,normal
TXN004352,2026-06-27 19:19:12,ACC00154,ACC00025,1285.1,CASH_DEPOSIT,cash_deposit,0,,normal
TXN004353,2026-06-27 19:21:33,ACC00465,ACC00611,10437.69,RTGS,transfer,0,,normal
TXN004354,2026-06-27 19:30:16,ACC00473,ACC00411,507.28,IMPS,transfer,0,,normal
TXN004355,2026-06-27 19:31:34,ACC00269,ACC00321,1791.36,NEFT,transfer,0,,normal
TXN004356,2026-06-27 19:32:47,ACC00381,ACC00267,2777.28,UPI,transfer,0,,normal
TXN004357,2026-06-27 19:39:54,ACC00292,ACC00631,819.4,NEFT,transfer,0,,normal
TXN004358,2026-06-27 19:58:03,ACC00351,ACC00031,3669.1,UPI,transfer,0,,normal
TXN004359,2026-06-27 20:01:15,ACC00353,ACC00092,1160.89,CASH_DEPOSIT,cash_deposit,0,,normal
TXN004360,2026-06-27 20:13:11,ACC00648,ACC00218,282.83,UPI,transfer,0,,normal
TXN004361,2026-06-27 20:20:20,ACC00494,ACC00649,7359.51,UPI,transfer,0,,normal
TXN004362,2026-06-27 20:27:31,ACC00592,ACC00411,12283.38,IMPS,transfer,0,,normal
TXN004363,2026-06-27 20:32:47,ACC00533,ACC00530,7594.3,IMPS,transfer,0,,normal
TXN004364,2026-06-27 20:32:59,ACC00081,ACC00362,7121.15,IMPS,transfer,0,,normal
TXN004365,2026-06-27 20:47:07,ACC00073,ACC00380,3921.93,CASH_DEPOSIT,transfer,1,DORM002,dormant_reactivation
TXN004366,2026-06-27 20:49:04,ACC00405,ACC00666,1505.39,IMPS,transfer,0,,normal
TXN004367,2026-06-27 20:53:43,ACC00591,ACC00385,1445.96,NEFT,transfer,0,,normal
TXN004368,2026-06-27 21:04:08,ACC00255,ACC00379,8561.36,UPI,transfer,0,,normal
TXN004369,2026-06-27 21:11:29,ACC00528,ACC00686,29853.13,CASH_DEPOSIT,cash_deposit,0,,normal
TXN004370,2026-06-27 21:14:21,ACC00204,ACC00039,2661.54,NEFT,transfer,0,,normal
TXN004371,2026-06-27 21:17:31,ACC00495,ACC00044,5489.68,UPI,transfer,0,,normal
TXN004372,2026-06-27 21:19:53,ACC00058,ACC00225,676.7,RTGS,transfer,0,,normal
TXN004373,2026-06-27 21:28:17,ACC00367,ACC00621,5264.37,UPI,transfer,0,,normal
TXN004374,2026-06-27 21:45:39,ACC00311,ACC00293,889.73,IMPS,transfer,0,,normal
TXN004375,2026-06-27 21:49:44,ACC00167,ACC00597,9537.72,RTGS,transfer,1,DORM001,dormant_reactivation
TXN004376,2026-06-27 22:07:57,ACC00660,ACC00160,547.7,CASH_DEPOSIT,cash_deposit,0,,normal
TXN004377,2026-06-27 22:15:16,ACC00682,ACC00578,6042.48,IMPS,transfer,0,,normal
TXN004378,2026-06-27 22:15:25,ACC00380,ACC00435,6900.44,CASH_DEPOSIT,transfer,1,DORM002,dormant_reactivation
TXN004379,2026-06-27 22:21:44,ACC00151,ACC00416,2571.16,IMPS,transfer,0,,normal
TXN004380,2026-06-27 22:36:00,ACC00380,ACC00251,17919.09,CASH_DEPOSIT,transfer,1,DORM002,dormant_reactivation
TXN004381,2026-06-27 22:40:26,ACC00408,ACC00202,1884.33,RTGS,transfer,0,,normal
TXN004382,2026-06-27 22:48:32,ACC00167,ACC00511,7352.26,UPI,transfer,1,DORM001,dormant_reactivation
TXN004383,2026-06-27 22:48:57,ACC00268,ACC00601,49500.0,UPI,transfer,1,STRUCT014,structuring
TXN004384,2026-06-27 22:50:54,ACC00166,ACC00380,17080.56,IMPS,transfer,1,DORM002,dormant_reactivation
TXN004385,2026-06-27 22:52:57,ACC00232,ACC00415,10529.62,CASH_DEPOSIT,cash_deposit,0,,normal
TXN004386,2026-06-27 22:56:48,ACC00247,ACC00660,19769.33,RTGS,transfer,0,,normal
TXN004387,2026-06-27 23:05:25,ACC00505,ACC00382,4912.05,UPI,transfer,0,,normal
TXN004388,2026-06-27 23:06:01,ACC00069,ACC00116,12490.59,NEFT,transfer,0,,normal
TXN004389,2026-06-27 23:09:46,ACC00652,ACC00569,2616.6,UPI,transfer,0,,normal
TXN004390,2026-06-27 23:12:09,ACC00412,ACC00167,6755.9,UPI,transfer,0,,normal
TXN004391,2026-06-27 23:13:36,ACC00240,ACC00529,1358.36,RTGS,transfer,0,,normal
TXN004392,2026-06-27 23:23:18,ACC00244,ACC00223,3812.64,RTGS,transfer,0,,normal
TXN004393,2026-06-27 23:27:24,ACC00278,ACC00296,4225.38,NEFT,transfer,0,,normal
TXN004394,2026-06-27 23:32:00,ACC00307,ACC00334,3648.46,UPI,transfer,0,,normal
TXN004395,2026-06-27 23:43:22,ACC00469,ACC00309,1600.21,NEFT,transfer,0,,normal
TXN004396,2026-06-27 23:49:41,ACC00578,ACC00219,3707.48,RTGS,transfer,0,,normal
TXN004397,2026-06-27 23:51:09,ACC00597,ACC00380,22006.33,NEFT,transfer,1,DORM002,dormant_reactivation
TXN004398,2026-06-28 00:03:30,ACC00575,ACC00663,6135.65,UPI,transfer,0,,normal
TXN004399,2026-06-28 00:10:48,ACC00258,ACC00279,4114.5,CASH_DEPOSIT,cash_deposit,0,,normal
TXN004400,2026-06-28 00:11:19,ACC00256,ACC00350,9434.84,IMPS,transfer,0,,normal
TXN004401,2026-06-28 00:18:10,ACC00677,ACC00374,1927.54,NEFT,transfer,0,,normal
TXN004402,2026-06-28 00:44:05,ACC00403,ACC00106,6160.31,NEFT,transfer,0,,normal
TXN004403,2026-06-28 00:51:38,ACC00475,ACC00402,14020.67,RTGS,transfer,0,,normal
TXN004404,2026-06-28 00:54:41,ACC00203,ACC00461,2180.15,IMPS,transfer,0,,normal
TXN004405,2026-06-28 00:57:40,ACC00268,ACC00310,5155.11,RTGS,transfer,0,,normal
TXN004406,2026-06-28 01:06:20,ACC00422,ACC00167,17625.89,UPI,transfer,1,DORM001,dormant_reactivation
TXN004407,2026-06-28 01:20:17,ACC00638,ACC00582,2710.73,CASH_DEPOSIT,cash_deposit,0,,normal
TXN004408,2026-06-28 01:26:06,ACC00158,ACC00417,1354.06,CASH_DEPOSIT,cash_deposit,0,,normal
TXN004409,2026-06-28 01:26:23,ACC00445,ACC00506,3945.99,NEFT,transfer,0,,normal
TXN004410,2026-06-28 01:28:17,ACC00453,ACC00082,2317.85,CASH_DEPOSIT,cash_deposit,0,,normal
TXN004411,2026-06-28 01:29:33,ACC00425,ACC00167,21046.25,CASH_DEPOSIT,transfer,1,DORM001,dormant_reactivation
TXN004412,2026-06-28 01:43:44,ACC00167,ACC00113,6240.72,RTGS,transfer,1,DORM001,dormant_reactivation
TXN004413,2026-06-28 01:57:38,ACC00313,ACC00186,2252.72,NEFT,transfer,0,,normal
TXN004414,2026-06-28 02:08:25,ACC00268,ACC00572,46676.21,IMPS,transfer,1,STRUCT014,structuring
TXN004415,2026-06-28 02:08:41,ACC00279,ACC00270,12576.7,RTGS,transfer,0,,normal
TXN004416,2026-06-28 02:09:55,ACC00167,ACC00677,15159.99,RTGS,transfer,1,DORM001,dormant_reactivation
TXN004417,2026-06-28 02:24:08,ACC00547,ACC00045,14527.46,RTGS,transfer,0,,normal
TXN004418,2026-06-28 02:25:28,ACC00612,ACC00073,1932.32,IMPS,transfer,0,,normal
TXN004419,2026-06-28 02:27:50,ACC00244,ACC00237,2305.5,UPI,transfer,0,,normal
TXN004420,2026-06-28 02:32:00,ACC00275,ACC00577,4432.33,RTGS,transfer,0,,normal
TXN004421,2026-06-28 02:48:47,ACC00048,ACC00667,9858.58,NEFT,transfer,0,,normal
TXN004422,2026-06-28 02:50:14,ACC00441,ACC00461,5390.28,NEFT,transfer,0,,normal
TXN004423,2026-06-28 02:51:39,ACC00364,ACC00261,19340.43,UPI,transfer,0,,normal
TXN004424,2026-06-28 02:52:00,ACC00476,ACC00378,1316.61,IMPS,transfer,0,,normal
TXN004425,2026-06-28 03:02:06,ACC00645,ACC00028,1292.18,CASH_DEPOSIT,cash_deposit,0,,normal
TXN004426,2026-06-28 03:08:27,ACC00455,ACC00380,9187.59,UPI,transfer,1,DORM002,dormant_reactivation
TXN004427,2026-06-28 03:10:11,ACC00595,ACC00357,838.65,UPI,transfer,0,,normal
TXN004428,2026-06-28 03:18:17,ACC00438,ACC00036,5131.83,NEFT,transfer,0,,normal
TXN004429,2026-06-28 03:42:18,ACC00091,ACC00516,3708.47,NEFT,transfer,0,,normal
TXN004430,2026-06-28 03:48:36,ACC00589,ACC00622,8536.67,NEFT,transfer,0,,normal
TXN004431,2026-06-28 03:50:11,ACC00380,ACC00511,9003.28,RTGS,transfer,1,DORM002,dormant_reactivation
TXN004432,2026-06-28 04:00:22,ACC00633,ACC00440,8924.06,NEFT,transfer,0,,normal
TXN004433,2026-06-28 04:03:11,ACC00017,ACC00213,4440.34,RTGS,transfer,0,,normal
TXN004434,2026-06-28 04:11:15,ACC00467,ACC00533,11925.95,IMPS,transfer,0,,normal
TXN004435,2026-06-28 04:12:01,ACC00268,ACC00504,46473.5,UPI,transfer,1,STRUCT014,structuring
TXN004436,2026-06-28 04:12:35,ACC00391,ACC00444,918.51,RTGS,transfer,0,,normal
TXN004437,2026-06-28 04:17:10,ACC00688,ACC00134,2655.26,CASH_DEPOSIT,cash_deposit,0,,normal
TXN004438,2026-06-28 04:43:13,ACC00674,ACC00159,2040.88,CASH_DEPOSIT,cash_deposit,0,,normal
TXN004439,2026-06-28 04:51:13,ACC00486,ACC00670,3569.46,NEFT,transfer,0,,normal
TXN004440,2026-06-28 04:53:55,ACC00393,ACC00338,3755.21,UPI,transfer,0,,normal
TXN004441,2026-06-28 05:09:26,ACC00692,ACC00380,9521.53,IMPS,transfer,1,DORM002,dormant_reactivation
TXN004442,2026-06-28 05:10:11,ACC00152,ACC00581,15814.32,UPI,transfer,0,,normal
TXN004443,2026-06-28 05:15:09,ACC00369,ACC00660,2073.11,CASH_DEPOSIT,cash_deposit,0,,normal
TXN004444,2026-06-28 05:17:48,ACC00268,ACC00252,49500.0,IMPS,transfer,1,STRUCT014,structuring
TXN004445,2026-06-28 05:51:48,ACC00268,ACC00245,49500.0,UPI,transfer,1,STRUCT014,structuring
TXN004446,2026-06-28 05:57:55,ACC00391,ACC00359,8012.92,CASH_DEPOSIT,cash_deposit,0,,normal
TXN004447,2026-06-28 05:58:27,ACC00243,ACC00634,1378.04,UPI,transfer,0,,normal
TXN004448,2026-06-28 06:08:45,ACC00268,ACC00696,49500.0,IMPS,transfer,1,STRUCT014,structuring
TXN004449,2026-06-28 06:19:34,ACC00644,ACC00502,5733.74,RTGS,transfer,0,,normal
TXN004450,2026-06-28 06:20:05,ACC00572,ACC00565,670734.36,RTGS,transfer,1,LAYER012,cyclic_layering
TXN004451,2026-06-28 06:20:09,ACC00447,ACC00079,2255.91,IMPS,transfer,0,,normal
TXN004452,2026-06-28 06:26:05,ACC00533,ACC00613,10217.31,NEFT,transfer,0,,normal
TXN004453,2026-06-28 06:28:56,ACC00268,ACC00584,45721.65,IMPS,transfer,1,STRUCT014,structuring
TXN004454,2026-06-28 06:55:33,ACC00657,ACC00088,8400.44,RTGS,transfer,0,,normal
TXN004455,2026-06-28 07:00:01,ACC00268,ACC00593,49360.98,IMPS,transfer,1,STRUCT014,structuring
TXN004456,2026-06-28 07:04:34,ACC00468,ACC00450,5299.6,IMPS,transfer,0,,normal
TXN004457,2026-06-28 07:04:42,ACC00533,ACC00680,1637.63,RTGS,transfer,0,,normal
TXN004458,2026-06-28 07:22:43,ACC00124,ACC00043,2227.34,IMPS,transfer,0,,normal
TXN004459,2026-06-28 07:26:24,ACC00268,ACC00039,46782.84,UPI,transfer,1,STRUCT014,structuring
TXN004460,2026-06-28 07:28:00,ACC00207,ACC00108,18499.15,CASH_DEPOSIT,cash_deposit,0,,normal
TXN004461,2026-06-28 07:29:05,ACC00505,ACC00069,966.11,RTGS,transfer,0,,normal
TXN004462,2026-06-28 07:30:31,ACC00322,ACC00534,991.32,NEFT,transfer,0,,normal
TXN004463,2026-06-28 07:31:13,ACC00276,ACC00427,619.95,RTGS,transfer,0,,normal
TXN004464,2026-06-28 07:56:08,ACC00465,ACC00246,3071.39,UPI,transfer,0,,normal
TXN004465,2026-06-28 08:00:49,ACC00380,ACC00454,6116.87,NEFT,transfer,0,,normal
TXN004466,2026-06-28 08:07:12,ACC00452,ACC00454,1718.55,UPI,transfer,0,,normal
TXN004467,2026-06-28 08:07:15,ACC00515,ACC00014,8699.7,NEFT,transfer,0,,normal
TXN004468,2026-06-28 08:14:28,ACC00465,ACC00518,7813.34,UPI,transfer,0,,normal
TXN004469,2026-06-28 08:18:51,ACC00075,ACC00636,22926.15,IMPS,transfer,0,,normal
TXN004470,2026-06-28 08:29:37,ACC00268,ACC00591,49500.0,IMPS,transfer,1,STRUCT014,structuring
TXN004471,2026-06-28 08:37:00,ACC00617,ACC00111,3351.75,UPI,transfer,0,,normal
TXN004472,2026-06-28 08:49:37,ACC00471,ACC00127,2469.3,RTGS,transfer,0,,normal
TXN004473,2026-06-28 08:52:56,ACC00053,ACC00295,2055.29,CASH_DEPOSIT,cash_deposit,0,,normal
TXN004474,2026-06-28 08:56:46,ACC00268,ACC00478,3437.95,NEFT,transfer,0,,normal
TXN004475,2026-06-28 09:01:07,ACC00554,ACC00046,5288.53,UPI,transfer,0,,normal
TXN004476,2026-06-28 09:04:44,ACC00214,ACC00258,200.55,UPI,transfer,0,,normal
TXN004477,2026-06-28 09:06:58,ACC00095,ACC00306,922.41,CASH_DEPOSIT,cash_deposit,0,,normal
TXN004478,2026-06-28 09:08:25,ACC00087,ACC00045,4360.81,CASH_DEPOSIT,cash_deposit,0,,normal
TXN004479,2026-06-28 09:16:26,ACC00584,ACC00103,2206.04,RTGS,transfer,0,,normal
TXN004480,2026-06-28 09:21:02,ACC00117,ACC00510,5433.27,UPI,transfer,0,,normal
TXN004481,2026-06-28 09:24:56,ACC00430,ACC00072,4217.51,UPI,transfer,0,,normal
TXN004482,2026-06-28 09:29:41,ACC00231,ACC00024,8741.1,RTGS,transfer,0,,normal
TXN004483,2026-06-28 09:30:45,ACC00691,ACC00435,3200.51,NEFT,transfer,0,,normal
TXN004484,2026-06-28 09:33:26,ACC00202,ACC00314,12128.0,IMPS,transfer,0,,normal
TXN004485,2026-06-28 09:49:50,ACC00283,ACC00545,3578.83,UPI,transfer,0,,normal
TXN004486,2026-06-28 09:56:06,ACC00398,ACC00429,5027.15,RTGS,transfer,0,,normal
TXN004487,2026-06-28 10:06:36,ACC00274,ACC00323,3788.24,IMPS,transfer,0,,normal
TXN004488,2026-06-28 10:07:19,ACC00461,ACC00004,1258.39,CASH_DEPOSIT,cash_deposit,0,,normal
TXN004489,2026-06-28 10:12:36,ACC00430,ACC00154,3911.35,CASH_DEPOSIT,cash_deposit,0,,normal
TXN004490,2026-06-28 10:18:21,ACC00051,ACC00380,9973.82,IMPS,transfer,0,,normal
TXN004491,2026-06-28 10:23:30,ACC00585,ACC00201,6415.19,RTGS,transfer,0,,normal
TXN004492,2026-06-28 10:25:14,ACC00268,ACC00218,44663.79,IMPS,transfer,1,STRUCT014,structuring
TXN004493,2026-06-28 10:27:28,ACC00221,ACC00418,3601.7,IMPS,transfer,0,,normal
TXN004494,2026-06-28 10:34:52,ACC00481,ACC00317,1942.28,UPI,transfer,0,,normal
TXN004495,2026-06-28 10:35:24,ACC00270,ACC00125,1323.84,CASH_DEPOSIT,cash_deposit,0,,normal
TXN004496,2026-06-28 10:38:17,ACC00386,ACC00484,3759.38,CASH_DEPOSIT,cash_deposit,0,,normal
TXN004497,2026-06-28 10:45:08,ACC00501,ACC00564,3113.53,CASH_DEPOSIT,cash_deposit,0,,normal
TXN004498,2026-06-28 10:54:49,ACC00336,ACC00349,15085.57,UPI,transfer,0,,normal
TXN004499,2026-06-28 10:57:57,ACC00340,ACC00401,3310.2,NEFT,transfer,0,,normal
TXN004500,2026-06-28 10:59:39,ACC00593,ACC00672,2629.24,IMPS,transfer,0,,normal
TXN004501,2026-06-28 11:12:19,ACC00086,ACC00291,14087.99,NEFT,transfer,0,,normal
TXN004502,2026-06-28 11:12:34,ACC00268,ACC00570,49500.0,IMPS,transfer,1,STRUCT014,structuring
TXN004503,2026-06-28 11:17:35,ACC00286,ACC00596,6170.59,RTGS,transfer,0,,normal
TXN004504,2026-06-28 11:19:23,ACC00687,ACC00024,1837.53,RTGS,transfer,0,,normal
TXN004505,2026-06-28 11:23:51,ACC00293,ACC00156,8121.01,UPI,transfer,0,,normal
TXN004506,2026-06-28 11:25:54,ACC00252,ACC00390,1029.47,CASH_DEPOSIT,cash_deposit,0,,normal
TXN004507,2026-06-28 11:32:06,ACC00379,ACC00122,3735.41,UPI,transfer,0,,normal
TXN004508,2026-06-28 11:41:34,ACC00241,ACC00175,2784.95,RTGS,transfer,0,,normal
TXN004509,2026-06-28 11:44:23,ACC00558,ACC00050,406.76,CASH_DEPOSIT,cash_deposit,0,,normal
TXN004510,2026-06-28 11:47:14,ACC00268,ACC00115,48075.44,IMPS,transfer,1,STRUCT014,structuring
TXN004511,2026-06-28 11:50:06,ACC00325,ACC00641,3436.11,RTGS,transfer,0,,normal
TXN004512,2026-06-28 12:15:14,ACC00582,ACC00282,1880.31,IMPS,transfer,0,,normal
TXN004513,2026-06-28 12:16:15,ACC00648,ACC00343,21112.61,UPI,transfer,0,,normal
TXN004514,2026-06-28 12:17:35,ACC00148,ACC00204,5288.97,UPI,transfer,0,,normal
TXN004515,2026-06-28 12:23:41,ACC00404,ACC00383,5123.92,NEFT,transfer,0,,normal
TXN004516,2026-06-28 12:32:09,ACC00182,ACC00606,1507.56,CASH_DEPOSIT,cash_deposit,0,,normal
TXN004517,2026-06-28 12:47:54,ACC00485,ACC00346,5733.23,NEFT,transfer,0,,normal
TXN004518,2026-06-28 12:49:39,ACC00036,ACC00033,2886.48,IMPS,transfer,0,,normal
TXN004519,2026-06-28 13:00:34,ACC00110,ACC00152,1093.44,UPI,transfer,0,,normal
TXN004520,2026-06-28 13:20:50,ACC00161,ACC00172,2122.44,IMPS,transfer,0,,normal
TXN004521,2026-06-28 13:21:17,ACC00679,ACC00350,5621.09,CASH_DEPOSIT,cash_deposit,0,,normal
TXN004522,2026-06-28 13:23:54,ACC00613,ACC00335,8174.72,UPI,transfer,0,,normal
TXN004523,2026-06-28 13:53:30,ACC00327,ACC00592,2054.93,NEFT,transfer,0,,normal
TXN004524,2026-06-28 14:01:02,ACC00632,ACC00520,4071.87,IMPS,transfer,0,,normal
TXN004525,2026-06-28 14:13:35,ACC00352,ACC00167,6074.6,IMPS,transfer,1,DORM001,dormant_reactivation
TXN004526,2026-06-28 14:22:40,ACC00674,ACC00615,1348.43,RTGS,transfer,0,,normal
TXN004527,2026-06-28 14:38:43,ACC00306,ACC00119,9690.87,RTGS,transfer,0,,normal
TXN004528,2026-06-28 14:42:15,ACC00176,ACC00162,562.82,CASH_DEPOSIT,cash_deposit,0,,normal
TXN004529,2026-06-28 14:42:32,ACC00690,ACC00479,5366.44,NEFT,transfer,0,,normal
TXN004530,2026-06-28 14:54:32,ACC00087,ACC00149,7360.75,RTGS,transfer,0,,normal
TXN004531,2026-06-28 15:00:52,ACC00639,ACC00697,14746.25,UPI,transfer,0,,normal
TXN004532,2026-06-28 15:00:54,ACC00380,ACC00223,4381.51,RTGS,transfer,1,DORM002,dormant_reactivation
TXN004533,2026-06-28 15:01:29,ACC00454,ACC00093,8464.45,CASH_DEPOSIT,cash_deposit,0,,normal
TXN004534,2026-06-28 15:05:00,ACC00577,ACC00009,7329.53,NEFT,transfer,0,,normal
TXN004535,2026-06-28 15:08:38,ACC00585,ACC00656,7156.57,RTGS,transfer,0,,normal
TXN004536,2026-06-28 15:08:54,ACC00103,ACC00535,7456.1,IMPS,transfer,0,,normal
TXN004537,2026-06-28 15:11:55,ACC00158,ACC00331,1816.39,CASH_DEPOSIT,cash_deposit,0,,normal
TXN004538,2026-06-28 15:13:43,ACC00090,ACC00380,24558.77,IMPS,transfer,1,DORM002,dormant_reactivation
TXN004539,2026-06-28 15:22:33,ACC00294,ACC00250,2589.65,IMPS,transfer,0,,normal
TXN004540,2026-06-28 15:31:27,ACC00199,ACC00671,15499.59,NEFT,transfer,0,,normal
TXN004541,2026-06-28 15:36:03,ACC00419,ACC00555,8909.88,UPI,transfer,0,,normal
TXN004542,2026-06-28 15:43:42,ACC00394,ACC00187,2757.1,UPI,transfer,0,,normal
TXN004543,2026-06-28 15:43:59,ACC00464,ACC00176,1389.68,IMPS,transfer,0,,normal
TXN004544,2026-06-28 16:07:05,ACC00329,ACC00506,20470.61,NEFT,transfer,0,,normal
TXN004545,2026-06-28 16:12:35,ACC00381,ACC00532,36102.19,IMPS,transfer,0,,normal
TXN004546,2026-06-28 16:13:15,ACC00110,ACC00261,1849.75,RTGS,transfer,0,,normal
TXN004547,2026-06-28 16:24:26,ACC00364,ACC00045,5092.67,NEFT,transfer,0,,normal
TXN004548,2026-06-28 16:36:34,ACC00441,ACC00639,6668.5,CASH_DEPOSIT,cash_deposit,0,,normal
TXN004549,2026-06-28 16:40:32,ACC00268,ACC00392,47509.04,UPI,transfer,1,STRUCT014,structuring
TXN004550,2026-06-28 16:50:15,ACC00330,ACC00162,1912.25,RTGS,transfer,0,,normal
TXN004551,2026-06-28 16:51:15,ACC00547,ACC00175,1071881.69,IMPS,transfer,1,LAYER006,cyclic_layering
TXN004552,2026-06-28 16:54:35,ACC00268,ACC00432,49500.0,IMPS,transfer,1,STRUCT014,structuring
TXN004553,2026-06-28 16:59:32,ACC00490,ACC00651,16884.19,RTGS,transfer,0,,normal
TXN004554,2026-06-28 17:01:48,ACC00437,ACC00400,2804.6,CASH_DEPOSIT,cash_deposit,0,,normal
TXN004555,2026-06-28 17:06:18,ACC00516,ACC00083,4330.06,UPI,transfer,0,,normal
TXN004556,2026-06-28 17:07:56,ACC00380,ACC00453,12535.26,NEFT,transfer,1,DORM002,dormant_reactivation
TXN004557,2026-06-28 17:19:21,ACC00431,ACC00132,1547.11,IMPS,transfer,0,,normal
TXN004558,2026-06-28 17:26:26,ACC00325,ACC00380,8429.86,UPI,transfer,1,DORM002,dormant_reactivation
TXN004559,2026-06-28 17:26:37,ACC00521,ACC00647,5036.15,RTGS,transfer,0,,normal
TXN004560,2026-06-28 17:32:55,ACC00289,ACC00507,1649.4,RTGS,transfer,0,,normal
TXN004561,2026-06-28 17:37:42,ACC00676,ACC00073,5560.45,CASH_DEPOSIT,cash_deposit,0,,normal
TXN004562,2026-06-28 17:38:12,ACC00496,ACC00501,13155.23,UPI,transfer,0,,normal
TXN004563,2026-06-28 17:38:33,ACC00171,ACC00554,645.16,UPI,transfer,0,,normal
TXN004564,2026-06-28 17:46:07,ACC00178,ACC00592,8619.51,RTGS,transfer,0,,normal
TXN004565,2026-06-28 17:46:40,ACC00575,ACC00496,4803.26,NEFT,transfer,0,,normal
TXN004566,2026-06-28 17:48:14,ACC00148,ACC00080,34572.38,RTGS,transfer,0,,normal
TXN004567,2026-06-28 17:51:40,ACC00268,ACC00041,49500.0,IMPS,transfer,1,STRUCT014,structuring
TXN004568,2026-06-28 17:56:34,ACC00380,ACC00143,10254.52,CASH_DEPOSIT,transfer,1,DORM002,dormant_reactivation
TXN004569,2026-06-28 17:56:47,ACC00208,ACC00119,1210.88,RTGS,transfer,0,,normal
TXN004570,2026-06-28 18:00:22,ACC00647,ACC00684,2686.42,NEFT,transfer,0,,normal
TXN004571,2026-06-28 18:01:26,ACC00497,ACC00322,1357.5,IMPS,transfer,0,,normal
TXN004572,2026-06-28 18:06:09,ACC00300,ACC00133,2105.87,UPI,transfer,0,,normal
TXN004573,2026-06-28 18:19:12,ACC00643,ACC00447,6130.42,IMPS,transfer,0,,normal
TXN004574,2026-06-28 18:35:18,ACC00678,ACC00484,30063.34,RTGS,transfer,0,,normal
TXN004575,2026-06-28 18:37:32,ACC00147,ACC00643,3253.03,UPI,transfer,0,,normal
TXN004576,2026-06-28 18:46:59,ACC00146,ACC00490,25051.94,NEFT,transfer,0,,normal
TXN004577,2026-06-28 18:59:59,ACC00146,ACC00580,2022.08,CASH_DEPOSIT,cash_deposit,0,,normal
TXN004578,2026-06-28 19:06:34,ACC00127,ACC00506,5275.13,RTGS,transfer,0,,normal
TXN004579,2026-06-28 19:08:23,ACC00268,ACC00330,43861.38,IMPS,transfer,1,STRUCT014,structuring
TXN004580,2026-06-28 19:11:11,ACC00546,ACC00530,5883.38,NEFT,transfer,0,,normal
TXN004581,2026-06-28 19:13:32,ACC00449,ACC00083,5617.71,NEFT,transfer,0,,normal
TXN004582,2026-06-28 19:26:25,ACC00566,ACC00658,1050.02,RTGS,transfer,0,,normal
TXN004583,2026-06-28 19:40:45,ACC00268,ACC00644,44093.54,IMPS,transfer,1,STRUCT014,structuring
TXN004584,2026-06-28 19:54:34,ACC00102,ACC00167,3479.43,RTGS,transfer,1,DORM001,dormant_reactivation
TXN004585,2026-06-28 19:58:44,ACC00253,ACC00586,3179.82,CASH_DEPOSIT,cash_deposit,0,,normal
TXN004586,2026-06-28 20:05:44,ACC00482,ACC00680,4531.51,RTGS,transfer,0,,normal
TXN004587,2026-06-28 20:17:02,ACC00586,ACC00427,2309.6,CASH_DEPOSIT,cash_deposit,0,,normal
TXN004588,2026-06-28 20:26:47,ACC00410,ACC00476,1657.76,RTGS,transfer,0,,normal
TXN004589,2026-06-28 20:30:31,ACC00674,ACC00693,7977.66,RTGS,transfer,0,,normal
TXN004590,2026-06-28 20:33:01,ACC00268,ACC00491,46475.92,UPI,transfer,1,STRUCT014,structuring
TXN004591,2026-06-28 20:39:45,ACC00027,ACC00167,9556.73,IMPS,transfer,1,DORM001,dormant_reactivation
TXN004592,2026-06-28 20:44:58,ACC00632,ACC00274,1909.67,CASH_DEPOSIT,cash_deposit,0,,normal
TXN004593,2026-06-28 20:48:20,ACC00268,ACC00079,46036.79,UPI,transfer,1,STRUCT014,structuring
TXN004594,2026-06-28 21:01:49,ACC00584,ACC00344,3705.75,NEFT,transfer,0,,normal
TXN004595,2026-06-28 21:05:54,ACC00364,ACC00167,11502.3,IMPS,transfer,1,DORM001,dormant_reactivation
TXN004596,2026-06-28 21:07:00,ACC00612,ACC00167,3310.12,IMPS,transfer,1,DORM001,dormant_reactivation
TXN004597,2026-06-28 21:12:59,ACC00318,ACC00167,16599.14,CASH_DEPOSIT,transfer,1,DORM001,dormant_reactivation
TXN004598,2026-06-28 21:13:25,ACC00425,ACC00392,1312.8,UPI,transfer,0,,normal
TXN004599,2026-06-28 21:15:58,ACC00507,ACC00635,802.09,NEFT,transfer,0,,normal
TXN004600,2026-06-28 21:16:37,ACC00336,ACC00205,968.73,CASH_DEPOSIT,cash_deposit,0,,normal
TXN004601,2026-06-28 21:18:19,ACC00635,ACC00317,7536.58,RTGS,transfer,0,,normal
TXN004602,2026-06-28 21:27:34,ACC00038,ACC00285,5831.28,UPI,transfer,0,,normal
TXN004603,2026-06-28 21:29:07,ACC00574,ACC00699,15360.03,CASH_DEPOSIT,cash_deposit,0,,normal
TXN004604,2026-06-28 21:34:25,ACC00107,ACC00269,2133.61,RTGS,transfer,0,,normal
TXN004605,2026-06-28 22:26:17,ACC00075,ACC00313,5508.45,CASH_DEPOSIT,cash_deposit,0,,normal
TXN004606,2026-06-28 22:38:29,ACC00123,ACC00380,4648.51,UPI,transfer,1,DORM002,dormant_reactivation
TXN004607,2026-06-28 22:44:46,ACC00321,ACC00506,7841.79,RTGS,transfer,0,,normal
TXN004608,2026-06-28 22:45:15,ACC00479,ACC00589,28564.26,NEFT,transfer,0,,normal
TXN004609,2026-06-28 22:50:40,ACC00268,ACC00153,45695.59,IMPS,transfer,1,STRUCT014,structuring
TXN004610,2026-06-28 22:51:42,ACC00319,ACC00115,15951.14,CASH_DEPOSIT,cash_deposit,0,,normal
TXN004611,2026-06-28 23:20:56,ACC00268,ACC00127,46344.83,UPI,transfer,1,STRUCT014,structuring
TXN004612,2026-06-28 23:23:01,ACC00185,ACC00385,2087.36,IMPS,transfer,0,,normal
TXN004613,2026-06-28 23:26:44,ACC00165,ACC00656,13284.49,NEFT,transfer,0,,normal
TXN004614,2026-06-28 23:27:59,ACC00019,ACC00255,2072.84,CASH_DEPOSIT,cash_deposit,0,,normal
TXN004615,2026-06-28 23:32:20,ACC00099,ACC00509,5173.63,UPI,transfer,0,,normal
TXN004616,2026-06-28 23:40:57,ACC00091,ACC00144,7574.8,IMPS,transfer,0,,normal
TXN004617,2026-06-28 23:41:54,ACC00138,ACC00324,10408.82,UPI,transfer,0,,normal
TXN004618,2026-06-28 23:42:42,ACC00652,ACC00030,3875.51,CASH_DEPOSIT,cash_deposit,0,,normal
TXN004619,2026-06-28 23:48:44,ACC00564,ACC00657,5546.49,CASH_DEPOSIT,cash_deposit,0,,normal
TXN004620,2026-06-28 23:58:27,ACC00442,ACC00212,963.69,NEFT,transfer,0,,normal
TXN004621,2026-06-29 00:00:03,ACC00142,ACC00423,12058.41,CASH_DEPOSIT,cash_deposit,0,,normal
TXN004622,2026-06-29 00:01:05,ACC00011,ACC00384,1756.8,CASH_DEPOSIT,cash_deposit,0,,normal
TXN004623,2026-06-29 00:38:46,ACC00391,ACC00375,14596.34,NEFT,transfer,0,,normal
TXN004624,2026-06-29 01:05:23,ACC00682,ACC00142,1487.74,NEFT,transfer,0,,normal
TXN004625,2026-06-29 01:05:41,ACC00268,ACC00657,49500.0,IMPS,transfer,1,STRUCT014,structuring
TXN004626,2026-06-29 01:09:50,ACC00261,ACC00254,3793.11,IMPS,transfer,0,,normal
TXN004627,2026-06-29 01:12:09,ACC00380,ACC00328,6250.42,RTGS,transfer,1,DORM002,dormant_reactivation
TXN004628,2026-06-29 01:13:39,ACC00536,ACC00331,5605.06,IMPS,transfer,0,,normal
TXN004629,2026-06-29 01:21:46,ACC00630,ACC00315,3871.86,UPI,transfer,0,,normal
TXN004630,2026-06-29 01:28:18,ACC00405,ACC00040,1420.11,NEFT,transfer,0,,normal
TXN004631,2026-06-29 01:48:52,ACC00268,ACC00194,49354.99,UPI,transfer,1,STRUCT014,structuring
TXN004632,2026-06-29 01:49:15,ACC00217,ACC00411,6715.73,IMPS,transfer,0,,normal
TXN004633,2026-06-29 01:52:19,ACC00700,ACC00380,7887.02,IMPS,transfer,1,DORM002,dormant_reactivation
TXN004634,2026-06-29 01:53:12,ACC00081,ACC00391,15766.17,IMPS,transfer,0,,normal
TXN004635,2026-06-29 01:55:21,ACC00699,ACC00593,786700.95,NEFT,transfer,1,LAYER011,cyclic_layering
TXN004636,2026-06-29 01:58:13,ACC00015,ACC00115,1906.08,IMPS,transfer,0,,normal
TXN004637,2026-06-29 01:59:26,ACC00534,ACC00306,4799.83,CASH_DEPOSIT,cash_deposit,0,,normal
TXN004638,2026-06-29 02:01:55,ACC00680,ACC00266,428.12,CASH_DEPOSIT,cash_deposit,0,,normal
TXN004639,2026-06-29 02:02:09,ACC00157,ACC00311,3140.38,UPI,transfer,0,,normal
TXN004640,2026-06-29 02:04:37,ACC00178,ACC00375,7832.3,RTGS,transfer,0,,normal
TXN004641,2026-06-29 02:05:33,ACC00207,ACC00403,1082.98,IMPS,transfer,0,,normal
TXN004642,2026-06-29 02:38:25,ACC00268,ACC00380,49500.0,UPI,transfer,1,STRUCT014,structuring
TXN004643,2026-06-29 02:42:40,ACC00202,ACC00044,10394.53,RTGS,transfer,0,,normal
TXN004644,2026-06-29 02:49:22,ACC00154,ACC00285,3456.05,UPI,transfer,0,,normal
TXN004645,2026-06-29 02:53:40,ACC00127,ACC00371,6975.8,CASH_DEPOSIT,cash_deposit,0,,normal
TXN004646,2026-06-29 02:54:18,ACC00194,ACC00652,2292.71,IMPS,transfer,0,,normal
TXN004647,2026-06-29 02:59:46,ACC00338,ACC00025,1949.98,UPI,transfer,0,,normal
TXN004648,2026-06-29 03:00:03,ACC00268,ACC00222,49500.0,UPI,transfer,1,STRUCT014,structuring
TXN004649,2026-06-29 03:03:39,ACC00248,ACC00447,841.93,IMPS,transfer,0,,normal
TXN004650,2026-06-29 03:26:48,ACC00394,ACC00152,12418.05,RTGS,transfer,0,,normal
TXN004651,2026-06-29 03:31:15,ACC00533,ACC00538,2553.99,CASH_DEPOSIT,cash_deposit,0,,normal
TXN004652,2026-06-29 03:35:13,ACC00394,ACC00411,10133.31,CASH_DEPOSIT,cash_deposit,0,,normal
TXN004653,2026-06-29 03:38:07,ACC00138,ACC00477,41469.97,NEFT,transfer,0,,normal
TXN004654,2026-06-29 03:41:42,ACC00087,ACC00591,6026.04,CASH_DEPOSIT,cash_deposit,0,,normal
TXN004655,2026-06-29 03:45:28,ACC00401,ACC00461,9131.28,IMPS,transfer,0,,normal
TXN004656,2026-06-29 03:47:00,ACC00311,ACC00549,2025.34,RTGS,transfer,0,,normal
TXN004657,2026-06-29 04:20:53,ACC00415,ACC00043,2630.21,NEFT,transfer,0,,normal
TXN004658,2026-06-29 04:23:34,ACC00510,ACC00204,5575.43,CASH_DEPOSIT,cash_deposit,0,,normal
TXN004659,2026-06-29 04:37:08,ACC00034,ACC00396,1125.37,IMPS,transfer,0,,normal
TXN004660,2026-06-29 04:40:41,ACC00479,ACC00220,4558.04,IMPS,transfer,0,,normal
TXN004661,2026-06-29 04:55:11,ACC00439,ACC00636,2437.31,UPI,transfer,0,,normal
TXN004662,2026-06-29 05:00:46,ACC00324,ACC00267,2282.9,UPI,transfer,0,,normal
TXN004663,2026-06-29 05:27:08,ACC00514,ACC00002,14487.39,UPI,transfer,0,,normal
TXN004664,2026-06-29 05:29:24,ACC00239,ACC00088,7146.33,NEFT,transfer,0,,normal
TXN004665,2026-06-29 05:30:29,ACC00499,ACC00324,947.15,CASH_DEPOSIT,cash_deposit,0,,normal
TXN004666,2026-06-29 05:39:35,ACC00568,ACC00501,9550.65,RTGS,transfer,0,,normal
TXN004667,2026-06-29 05:46:23,ACC00227,ACC00066,1563.19,CASH_DEPOSIT,cash_deposit,0,,normal
TXN004668,2026-06-29 05:55:23,ACC00369,ACC00460,1193.17,NEFT,transfer,0,,normal
TXN004669,2026-06-29 06:20:22,ACC00673,ACC00148,4532.95,CASH_DEPOSIT,cash_deposit,0,,normal
TXN004670,2026-06-29 06:20:35,ACC00658,ACC00422,16400.04,NEFT,transfer,0,,normal
TXN004671,2026-06-29 06:21:09,ACC00472,ACC00356,20135.54,UPI,transfer,0,,normal
TXN004672,2026-06-29 06:26:23,ACC00208,ACC00004,2070.24,RTGS,transfer,0,,normal
TXN004673,2026-06-29 06:34:48,ACC00637,ACC00383,5544.31,RTGS,transfer,0,,normal
TXN004674,2026-06-29 06:53:52,ACC00436,ACC00177,2701.9,NEFT,transfer,0,,normal
TXN004675,2026-06-29 07:00:54,ACC00141,ACC00112,2062.31,IMPS,transfer,0,,normal
TXN004676,2026-06-29 07:06:53,ACC00624,ACC00044,2536.1,CASH_DEPOSIT,cash_deposit,0,,normal
TXN004677,2026-06-29 07:34:12,ACC00236,ACC00478,2569.26,NEFT,transfer,0,,normal
TXN004678,2026-06-29 07:38:36,ACC00230,ACC00259,11516.3,NEFT,transfer,0,,normal
TXN004679,2026-06-29 08:00:54,ACC00346,ACC00447,731645.08,IMPS,transfer,1,LAYER002,cyclic_layering
TXN004680,2026-06-29 08:07:48,ACC00114,ACC00128,2099.42,IMPS,transfer,0,,normal
TXN004681,2026-06-29 08:38:18,ACC00557,ACC00274,5924.3,UPI,transfer,0,,normal
TXN004682,2026-06-29 08:56:46,ACC00472,ACC00386,2386.51,IMPS,transfer,0,,normal
TXN004683,2026-06-29 09:16:51,ACC00268,ACC00216,48473.79,IMPS,transfer,1,STRUCT014,structuring
TXN004684,2026-06-29 09:34:23,ACC00268,ACC00092,47157.79,UPI,transfer,1,STRUCT014,structuring
TXN004685,2026-06-29 09:37:50,ACC00272,ACC00265,3316.18,CASH_DEPOSIT,cash_deposit,0,,normal
TXN004686,2026-06-29 09:52:12,ACC00629,ACC00635,9270.02,RTGS,transfer,0,,normal
TXN004687,2026-06-29 10:02:33,ACC00358,ACC00074,4311.41,IMPS,transfer,0,,normal
TXN004688,2026-06-29 10:08:47,ACC00547,ACC00008,6969.73,IMPS,transfer,0,,normal
TXN004689,2026-06-29 10:11:55,ACC00663,ACC00331,5267.68,RTGS,transfer,0,,normal
TXN004690,2026-06-29 10:39:53,ACC00588,ACC00480,4362.33,UPI,transfer,0,,normal
TXN004691,2026-06-29 10:47:37,ACC00693,ACC00005,3211.66,NEFT,transfer,0,,normal
TXN004692,2026-06-29 11:04:11,ACC00315,ACC00417,2050.77,RTGS,transfer,0,,normal
TXN004693,2026-06-29 11:07:48,ACC00431,ACC00657,8173.57,IMPS,transfer,0,,normal
TXN004694,2026-06-29 11:13:59,ACC00655,ACC00243,14108.83,CASH_DEPOSIT,cash_deposit,0,,normal
TXN004695,2026-06-29 11:37:58,ACC00378,ACC00463,13466.33,RTGS,transfer,0,,normal
TXN004696,2026-06-29 11:50:47,ACC00061,ACC00338,690090.48,NEFT,transfer,1,LAYER003,cyclic_layering
TXN004697,2026-06-29 11:59:22,ACC00565,ACC00305,652595.16,IMPS,transfer,1,LAYER012,cyclic_layering
TXN004698,2026-06-29 12:31:27,ACC00440,ACC00254,807.87,IMPS,transfer,0,,normal
TXN004699,2026-06-29 12:38:43,ACC00306,ACC00356,3799.29,CASH_DEPOSIT,cash_deposit,0,,normal
TXN004700,2026-06-29 12:48:38,ACC00614,ACC00676,3195.78,RTGS,transfer,0,,normal
TXN004701,2026-06-29 12:52:48,ACC00543,ACC00511,1459.14,UPI,transfer,0,,normal
TXN004702,2026-06-29 13:22:10,ACC00157,ACC00525,1033.38,NEFT,transfer,0,,normal
TXN004703,2026-06-29 13:45:33,ACC00500,ACC00341,9356.59,UPI,transfer,0,,normal
TXN004704,2026-06-29 13:56:46,ACC00043,ACC00051,30710.46,UPI,transfer,0,,normal
TXN004705,2026-06-29 14:03:34,ACC00463,ACC00271,4604.04,NEFT,transfer,0,,normal
TXN004706,2026-06-29 14:23:57,ACC00209,ACC00073,6857.41,IMPS,transfer,0,,normal
TXN004707,2026-06-29 14:56:07,ACC00320,ACC00425,2616.22,UPI,transfer,0,,normal
TXN004708,2026-06-29 15:08:30,ACC00629,ACC00390,3457.65,NEFT,transfer,0,,normal
TXN004709,2026-06-29 15:21:47,ACC00435,ACC00219,1461.13,IMPS,transfer,0,,normal
TXN004710,2026-06-29 15:22:33,ACC00360,ACC00625,4568.85,IMPS,transfer,0,,normal
TXN004711,2026-06-29 16:01:14,ACC00120,ACC00507,2127.54,RTGS,transfer,0,,normal
TXN004712,2026-06-29 16:19:55,ACC00356,ACC00463,3994.31,UPI,transfer,0,,normal
TXN004713,2026-06-29 16:21:23,ACC00036,ACC00096,3650.99,NEFT,transfer,0,,normal
TXN004714,2026-06-29 16:32:54,ACC00277,ACC00259,3531.46,UPI,transfer,0,,normal
TXN004715,2026-06-29 16:53:04,ACC00579,ACC00437,3403.52,RTGS,transfer,0,,normal
TXN004716,2026-06-29 17:09:34,ACC00577,ACC00095,15547.89,RTGS,transfer,0,,normal
TXN004717,2026-06-29 17:41:18,ACC00150,ACC00268,4047.4,UPI,transfer,0,,normal
TXN004718,2026-06-29 17:49:09,ACC00606,ACC00624,6509.57,UPI,transfer,0,,normal
TXN004719,2026-06-29 17:49:51,ACC00062,ACC00008,6759.36,RTGS,transfer,0,,normal
TXN004720,2026-06-29 18:03:15,ACC00230,ACC00504,3912.47,NEFT,transfer,0,,normal
TXN004721,2026-06-29 18:11:32,ACC00004,ACC00330,5988.61,IMPS,transfer,0,,normal
TXN004722,2026-06-29 18:14:12,ACC00565,ACC00207,2332.12,NEFT,transfer,0,,normal
TXN004723,2026-06-29 18:17:17,ACC00473,ACC00332,1549.89,CASH_DEPOSIT,cash_deposit,0,,normal
TXN004724,2026-06-29 18:27:16,ACC00407,ACC00438,4372.21,CASH_DEPOSIT,cash_deposit,0,,normal
TXN004725,2026-06-29 18:27:38,ACC00185,ACC00020,10451.97,IMPS,transfer,0,,normal
TXN004726,2026-06-29 18:30:15,ACC00093,ACC00376,3362.06,IMPS,transfer,0,,normal
TXN004727,2026-06-29 18:31:45,ACC00014,ACC00511,4718.4,IMPS,transfer,0,,normal
TXN004728,2026-06-29 18:48:25,ACC00507,ACC00271,1245.53,RTGS,transfer,0,,normal
TXN004729,2026-06-29 19:00:11,ACC00025,ACC00396,3543.12,RTGS,transfer,0,,normal
TXN004730,2026-06-29 19:16:40,ACC00189,ACC00460,142.45,IMPS,transfer,0,,normal
TXN004731,2026-06-29 19:19:48,ACC00116,ACC00242,2191.73,IMPS,transfer,0,,normal
TXN004732,2026-06-29 19:20:00,ACC00530,ACC00305,5669.25,CASH_DEPOSIT,cash_deposit,0,,normal
TXN004733,2026-06-29 19:40:58,ACC00318,ACC00584,2776.98,IMPS,transfer,0,,normal
TXN004734,2026-06-29 19:48:19,ACC00292,ACC00214,7035.39,IMPS,transfer,0,,normal
TXN004735,2026-06-29 20:27:45,ACC00401,ACC00490,13644.14,RTGS,transfer,0,,normal
TXN004736,2026-06-29 21:04:34,ACC00054,ACC00406,4873.91,IMPS,transfer,0,,normal
TXN004737,2026-06-29 21:33:59,ACC00609,ACC00036,14901.77,RTGS,transfer,1,DORM009,dormant_reactivation
TXN004738,2026-06-29 21:50:59,ACC00459,ACC00159,1102.11,NEFT,transfer,0,,normal
TXN004739,2026-06-29 22:06:02,ACC00314,ACC00644,1752.34,CASH_DEPOSIT,cash_deposit,0,,normal
TXN004740,2026-06-29 22:24:36,ACC00232,ACC00335,4142.62,RTGS,transfer,0,,normal
TXN004741,2026-06-29 22:26:51,ACC00214,ACC00036,2633.47,CASH_DEPOSIT,transfer,1,DORM009,dormant_reactivation
TXN004742,2026-06-29 22:30:13,ACC00587,ACC00130,597.82,RTGS,transfer,0,,normal
TXN004743,2026-06-29 22:31:54,ACC00098,ACC00610,5430.46,CASH_DEPOSIT,cash_deposit,0,,normal
TXN004744,2026-06-29 22:35:11,ACC00483,ACC00623,1690.62,RTGS,transfer,0,,normal
TXN004745,2026-06-29 22:44:42,ACC00629,ACC00692,2112.72,NEFT,transfer,0,,normal
TXN004746,2026-06-29 22:45:11,ACC00117,ACC00213,5411.7,UPI,transfer,0,,normal
TXN004747,2026-06-29 23:15:01,ACC00409,ACC00286,1733.42,UPI,transfer,0,,normal
TXN004748,2026-06-29 23:20:40,ACC00132,ACC00565,5709.45,IMPS,transfer,0,,normal
TXN004749,2026-06-29 23:24:42,ACC00525,ACC00567,1778.53,NEFT,transfer,0,,normal
TXN004750,2026-06-29 23:25:35,ACC00156,ACC00086,7431.18,RTGS,transfer,0,,normal
TXN004751,2026-06-29 23:28:28,ACC00488,ACC00035,7197.28,RTGS,transfer,0,,normal
TXN004752,2026-06-29 23:35:02,ACC00174,ACC00256,6487.97,NEFT,transfer,0,,normal
TXN004753,2026-06-29 23:44:02,ACC00700,ACC00127,16473.04,CASH_DEPOSIT,cash_deposit,0,,normal
TXN004754,2026-06-29 23:52:00,ACC00238,ACC00650,5500.26,IMPS,transfer,0,,normal
TXN004755,2026-06-29 23:56:02,ACC00060,ACC00034,2543.76,NEFT,transfer,0,,normal
TXN004756,2026-06-30 00:08:03,ACC00246,ACC00565,3116.42,RTGS,transfer,0,,normal
TXN004757,2026-06-30 00:18:44,ACC00549,ACC00017,2241.82,IMPS,transfer,0,,normal
TXN004758,2026-06-30 00:35:06,ACC00036,ACC00669,10071.55,IMPS,transfer,1,DORM009,dormant_reactivation
TXN004759,2026-06-30 00:53:37,ACC00175,ACC00242,1043681.41,RTGS,transfer,1,LAYER006,cyclic_layering
TXN004760,2026-06-30 01:02:44,ACC00252,ACC00484,28948.53,UPI,transfer,0,,normal
TXN004761,2026-06-30 01:03:43,ACC00398,ACC00567,7119.81,UPI,transfer,0,,normal
TXN004762,2026-06-30 01:04:18,ACC00228,ACC00273,5234.2,NEFT,transfer,0,,normal
TXN004763,2026-06-30 01:04:50,ACC00423,ACC00519,2295.53,NEFT,transfer,0,,normal
TXN004764,2026-06-30 01:09:10,ACC00314,ACC00414,4365.5,NEFT,transfer,0,,normal
TXN004765,2026-06-30 01:13:58,ACC00077,ACC00688,3225.85,IMPS,transfer,0,,normal
TXN004766,2026-06-30 01:25:26,ACC00104,ACC00058,2486.17,NEFT,transfer,0,,normal
TXN004767,2026-06-30 01:31:43,ACC00412,ACC00232,2540.44,CASH_DEPOSIT,cash_deposit,0,,normal
TXN004768,2026-06-30 01:48:32,ACC00154,ACC00009,14226.37,IMPS,transfer,0,,normal
TXN004769,2026-06-30 02:00:14,ACC00563,ACC00473,1176.82,UPI,transfer,0,,normal
TXN004770,2026-06-30 02:03:49,ACC00336,ACC00507,8214.17,IMPS,transfer,0,,normal
TXN004771,2026-06-30 02:08:59,ACC00255,ACC00695,2240.88,UPI,transfer,0,,normal
TXN004772,2026-06-30 02:13:24,ACC00103,ACC00596,777.1,UPI,transfer,0,,normal
TXN004773,2026-06-30 02:31:18,ACC00663,ACC00627,16127.09,RTGS,transfer,0,,normal
TXN004774,2026-06-30 02:36:33,ACC00285,ACC00635,1058.68,IMPS,transfer,0,,normal
TXN004775,2026-06-30 02:37:03,ACC00353,ACC00193,6769.94,CASH_DEPOSIT,cash_deposit,0,,normal
TXN004776,2026-06-30 02:45:24,ACC00087,ACC00517,18552.79,RTGS,transfer,0,,normal
TXN004777,2026-06-30 02:47:09,ACC00494,ACC00160,700.28,CASH_DEPOSIT,cash_deposit,0,,normal
TXN004778,2026-06-30 02:55:09,ACC00593,ACC00062,13385.23,UPI,transfer,0,,normal
TXN004779,2026-06-30 03:06:19,ACC00435,ACC00575,538.32,IMPS,transfer,0,,normal
TXN004780,2026-06-30 03:09:04,ACC00232,ACC00656,7187.5,IMPS,transfer,0,,normal
TXN004781,2026-06-30 03:09:47,ACC00112,ACC00180,5416.34,NEFT,transfer,0,,normal
TXN004782,2026-06-30 03:13:38,ACC00489,ACC00292,2368.34,IMPS,transfer,0,,normal
TXN004783,2026-06-30 03:14:13,ACC00266,ACC00451,2286.64,UPI,transfer,0,,normal
TXN004784,2026-06-30 03:22:42,ACC00283,ACC00258,50329.98,NEFT,transfer,0,,normal
TXN004785,2026-06-30 03:37:21,ACC00503,ACC00337,4197.67,CASH_DEPOSIT,cash_deposit,0,,normal
TXN004786,2026-06-30 03:52:52,ACC00270,ACC00169,3182.71,IMPS,transfer,0,,normal
TXN004787,2026-06-30 04:04:41,ACC00063,ACC00541,3072.55,RTGS,transfer,0,,normal
TXN004788,2026-06-30 04:20:09,ACC00167,ACC00405,2325.83,CASH_DEPOSIT,cash_deposit,0,,normal
TXN004789,2026-06-30 04:26:26,ACC00087,ACC00626,3634.96,NEFT,transfer,0,,normal
TXN004790,2026-06-30 04:40:18,ACC00054,ACC00647,2024.58,UPI,transfer,0,,normal
TXN004791,2026-06-30 04:41:42,ACC00105,ACC00270,3249.06,RTGS,transfer,0,,normal
TXN004792,2026-06-30 04:43:31,ACC00450,ACC00552,4804.02,CASH_DEPOSIT,cash_deposit,0,,normal
TXN004793,2026-06-30 04:46:55,ACC00209,ACC00596,7751.93,RTGS,transfer,0,,normal
TXN004794,2026-06-30 05:22:09,ACC00594,ACC00394,492.15,IMPS,transfer,0,,normal
TXN004795,2026-06-30 05:31:56,ACC00602,ACC00274,1391.77,NEFT,transfer,0,,normal
TXN004796,2026-06-30 05:32:54,ACC00670,ACC00036,9038.99,CASH_DEPOSIT,transfer,1,DORM009,dormant_reactivation
TXN004797,2026-06-30 05:45:02,ACC00476,ACC00491,2774.31,UPI,transfer,0,,normal
TXN004798,2026-06-30 05:47:01,ACC00590,ACC00507,1255.45,IMPS,transfer,0,,normal
TXN004799,2026-06-30 06:02:59,ACC00059,ACC00180,4937.91,IMPS,transfer,0,,normal
TXN004800,2026-06-30 06:04:13,ACC00058,ACC00627,6667.93,CASH_DEPOSIT,cash_deposit,0,,normal
TXN004801,2026-06-30 06:08:46,ACC00254,ACC00284,17546.8,CASH_DEPOSIT,cash_deposit,0,,normal
TXN004802,2026-06-30 06:13:21,ACC00577,ACC00112,3958.74,UPI,transfer,0,,normal
TXN004803,2026-06-30 06:19:36,ACC00497,ACC00420,41294.97,CASH_DEPOSIT,cash_deposit,0,,normal
TXN004804,2026-06-30 06:25:05,ACC00033,ACC00585,5390.42,RTGS,transfer,0,,normal
TXN004805,2026-06-30 06:50:57,ACC00412,ACC00678,13987.4,IMPS,transfer,0,,normal
TXN004806,2026-06-30 06:59:02,ACC00191,ACC00499,1885.86,IMPS,transfer,0,,normal
TXN004807,2026-06-30 07:21:31,ACC00598,ACC00036,5388.68,IMPS,transfer,1,DORM009,dormant_reactivation
TXN004808,2026-06-30 07:21:43,ACC00643,ACC00024,3471.02,UPI,transfer,0,,normal
TXN004809,2026-06-30 07:33:31,ACC00336,ACC00110,7013.31,UPI,transfer,1,DORM010,dormant_reactivation
TXN004810,2026-06-30 07:42:58,ACC00012,ACC00074,20503.09,RTGS,transfer,0,,normal
TXN004811,2026-06-30 07:46:48,ACC00446,ACC00537,1289.49,NEFT,transfer,0,,normal
TXN004812,2026-06-30 07:53:36,ACC00599,ACC00424,2982.8,CASH_DEPOSIT,cash_deposit,0,,normal
TXN004813,2026-06-30 07:54:38,ACC00650,ACC00461,16475.66,UPI,transfer,0,,normal
TXN004814,2026-06-30 08:07:08,ACC00579,ACC00189,2524.31,NEFT,transfer,0,,normal
TXN004815,2026-06-30 08:34:48,ACC00302,ACC00191,812.34,IMPS,transfer,0,,normal
TXN004816,2026-06-30 08:59:10,ACC00015,ACC00177,5256.64,UPI,transfer,0,,normal
TXN004817,2026-06-30 09:03:59,ACC00401,ACC00601,707.3,UPI,transfer,0,,normal
TXN004818,2026-06-30 09:27:00,ACC00015,ACC00147,2887.49,IMPS,transfer,0,,normal
TXN004819,2026-06-30 09:27:19,ACC00105,ACC00036,9054.14,RTGS,transfer,1,DORM009,dormant_reactivation
TXN004820,2026-06-30 09:35:14,ACC00315,ACC00138,3669.86,UPI,transfer,0,,normal
TXN004821,2026-06-30 09:36:05,ACC00240,ACC00272,2926.53,UPI,transfer,0,,normal
TXN004822,2026-06-30 09:37:17,ACC00030,ACC00668,36856.81,NEFT,transfer,0,,normal
TXN004823,2026-06-30 09:39:26,ACC00142,ACC00517,5571.21,RTGS,transfer,0,,normal
TXN004824,2026-06-30 09:41:10,ACC00263,ACC00453,4010.62,UPI,transfer,0,,normal
TXN004825,2026-06-30 09:41:19,ACC00115,ACC00589,6988.64,RTGS,transfer,0,,normal
TXN004826,2026-06-30 10:04:34,ACC00336,ACC00451,5615.85,CASH_DEPOSIT,transfer,1,DORM010,dormant_reactivation
TXN004827,2026-06-30 10:07:00,ACC00520,ACC00340,5694.1,NEFT,transfer,0,,normal
TXN004828,2026-06-30 10:13:31,ACC00240,ACC00321,4034.72,RTGS,transfer,0,,normal
TXN004829,2026-06-30 10:23:42,ACC00221,ACC00651,622.06,UPI,transfer,0,,normal
TXN004830,2026-06-30 10:40:04,ACC00470,ACC00036,8749.54,NEFT,transfer,1,DORM009,dormant_reactivation
TXN004831,2026-06-30 10:40:32,ACC00059,ACC00454,1209.59,RTGS,transfer,0,,normal
TXN004832,2026-06-30 10:48:47,ACC00534,ACC00425,3439.87,UPI,transfer,0,,normal
TXN004833,2026-06-30 10:51:44,ACC00142,ACC00680,1918.01,RTGS,transfer,0,,normal
TXN004834,2026-06-30 10:57:54,ACC00305,ACC00580,628117.22,RTGS,transfer,1,LAYER012,cyclic_layering
TXN004835,2026-06-30 10:58:42,ACC00221,ACC00585,10784.68,UPI,transfer,0,,normal
TXN004836,2026-06-30 11:03:05,ACC00195,ACC00636,767.21,UPI,transfer,0,,normal
TXN004837,2026-06-30 11:09:19,ACC00401,ACC00164,4068.92,IMPS,transfer,0,,normal
TXN004838,2026-06-30 11:10:03,ACC00398,ACC00549,1856.99,CASH_DEPOSIT,cash_deposit,0,,normal
TXN004839,2026-06-30 11:34:24,ACC00112,ACC00336,6775.77,RTGS,transfer,1,DORM010,dormant_reactivation
TXN004840,2026-06-30 11:40:05,ACC00065,ACC00268,1195.5,CASH_DEPOSIT,cash_deposit,0,,normal
TXN004841,2026-06-30 11:53:22,ACC00390,ACC00036,13837.35,NEFT,transfer,1,DORM009,dormant_reactivation
TXN004842,2026-06-30 12:14:39,ACC00605,ACC00144,1482.68,IMPS,transfer,0,,normal
TXN004843,2026-06-30 12:17:02,ACC00242,ACC00297,979107.89,NEFT,transfer,1,LAYER006,cyclic_layering
TXN004844,2026-06-30 12:28:58,ACC00261,ACC00447,10188.94,UPI,transfer,0,,normal
TXN004845,2026-06-30 12:45:06,ACC00110,ACC00016,3366.48,NEFT,transfer,0,,normal
TXN004846,2026-06-30 13:25:17,ACC00041,ACC00356,8745.2,RTGS,transfer,0,,normal
TXN004847,2026-06-30 13:43:25,ACC00246,ACC00058,3994.1,UPI,transfer,0,,normal
TXN004848,2026-06-30 14:08:15,ACC00269,ACC00644,1579.02,RTGS,transfer,0,,normal
TXN004849,2026-06-30 14:08:21,ACC00607,ACC00314,3376.5,IMPS,transfer,0,,normal
TXN004850,2026-06-30 14:22:48,ACC00036,ACC00145,34233.17,RTGS,transfer,1,DORM009,dormant_reactivation
TXN004851,2026-06-30 14:31:27,ACC00087,ACC00039,4831.46,NEFT,transfer,0,,normal
TXN004852,2026-06-30 14:33:33,ACC00171,ACC00679,1583.11,UPI,transfer,0,,normal
TXN004853,2026-06-30 14:35:13,ACC00681,ACC00382,2044.68,UPI,transfer,0,,normal
TXN004854,2026-06-30 14:43:32,ACC00036,ACC00375,6005.62,RTGS,transfer,1,DORM009,dormant_reactivation
TXN004855,2026-06-30 14:46:08,ACC00023,ACC00036,27558.89,NEFT,transfer,1,DORM009,dormant_reactivation
TXN004856,2026-06-30 14:50:48,ACC00127,ACC00387,3441.34,NEFT,transfer,0,,normal
TXN004857,2026-06-30 14:57:15,ACC00036,ACC00692,5584.4,RTGS,transfer,0,,normal
TXN004858,2026-06-30 15:15:57,ACC00336,ACC00148,19893.1,UPI,transfer,1,DORM010,dormant_reactivation
TXN004859,2026-06-30 15:17:39,ACC00599,ACC00511,2382.4,RTGS,transfer,0,,normal
TXN004860,2026-06-30 15:23:27,ACC00239,ACC00118,5807.96,CASH_DEPOSIT,cash_deposit,0,,normal
TXN004861,2026-06-30 15:37:26,ACC00112,ACC00556,1217.79,CASH_DEPOSIT,cash_deposit,0,,normal
TXN004862,2026-06-30 15:40:35,ACC00124,ACC00622,2486.46,UPI,transfer,0,,normal
TXN004863,2026-06-30 15:40:54,ACC00543,ACC00336,2919.93,IMPS,transfer,1,DORM010,dormant_reactivation
TXN004864,2026-06-30 15:42:03,ACC00461,ACC00586,1437.6,RTGS,transfer,0,,normal
TXN004865,2026-06-30 15:47:01,ACC00575,ACC00051,2052.55,RTGS,transfer,0,,normal
TXN004866,2026-06-30 16:01:39,ACC00677,ACC00078,3798.04,NEFT,transfer,0,,normal
TXN004867,2026-06-30 16:08:55,ACC00431,ACC00262,2994.57,UPI,transfer,0,,normal
TXN004868,2026-06-30 16:23:21,ACC00487,ACC00589,12545.91,CASH_DEPOSIT,cash_deposit,0,,normal
TXN004869,2026-06-30 16:25:58,ACC00187,ACC00300,1768.74,RTGS,transfer,0,,normal
TXN004870,2026-06-30 16:36:40,ACC00326,ACC00267,4257.99,NEFT,transfer,0,,normal
TXN004871,2026-06-30 16:47:56,ACC00336,ACC00295,7778.19,NEFT,transfer,1,DORM010,dormant_reactivation
TXN004872,2026-06-30 16:57:06,ACC00084,ACC00161,3484.41,RTGS,transfer,0,,normal
TXN004873,2026-06-30 16:58:21,ACC00062,ACC00365,880.69,UPI,transfer,0,,normal
TXN004874,2026-06-30 17:07:18,ACC00528,ACC00424,3393.42,NEFT,transfer,0,,normal
TXN004875,2026-06-30 17:12:11,ACC00362,ACC00036,5493.26,IMPS,transfer,1,DORM009,dormant_reactivation
TXN004876,2026-06-30 17:12:34,ACC00061,ACC00269,7021.95,UPI,transfer,0,,normal
TXN004877,2026-06-30 17:14:20,ACC00186,ACC00031,1446.23,UPI,transfer,0,,normal
TXN004878,2026-06-30 17:20:21,ACC00403,ACC00123,5889.51,RTGS,transfer,0,,normal
TXN004879,2026-06-30 17:20:46,ACC00427,ACC00690,5906.84,RTGS,transfer,0,,normal
TXN004880,2026-06-30 17:27:55,ACC00247,ACC00191,1517.67,RTGS,transfer,0,,normal
TXN004881,2026-06-30 17:28:01,ACC00569,ACC00128,14525.44,IMPS,transfer,0,,normal
TXN004882,2026-06-30 17:28:44,ACC00535,ACC00650,4700.67,IMPS,transfer,0,,normal
TXN004883,2026-06-30 17:35:19,ACC00486,ACC00136,1673.22,UPI,transfer,0,,normal
TXN004884,2026-06-30 17:41:57,ACC00002,ACC00695,3740.7,NEFT,transfer,0,,normal
TXN004885,2026-06-30 17:41:58,ACC00139,ACC00395,1698.11,NEFT,transfer,0,,normal
TXN004886,2026-06-30 17:45:40,ACC00531,ACC00601,16494.91,IMPS,transfer,0,,normal
TXN004887,2026-06-30 17:49:04,ACC00496,ACC00544,1037.01,NEFT,transfer,0,,normal
TXN004888,2026-06-30 17:50:02,ACC00036,ACC00577,15006.46,UPI,transfer,1,DORM009,dormant_reactivation
TXN004889,2026-06-30 17:58:18,ACC00036,ACC00262,26974.68,RTGS,transfer,1,DORM009,dormant_reactivation
TXN004890,2026-06-30 18:01:15,ACC00173,ACC00190,1418.79,UPI,transfer,0,,normal
TXN004891,2026-06-30 18:03:25,ACC00445,ACC00356,8395.25,NEFT,transfer,0,,normal
TXN004892,2026-06-30 18:16:00,ACC00282,ACC00648,933.84,UPI,transfer,0,,normal
TXN004893,2026-06-30 18:19:24,ACC00177,ACC00192,1519.36,CASH_DEPOSIT,cash_deposit,0,,normal
TXN004894,2026-06-30 18:24:41,ACC00036,ACC00126,4827.51,NEFT,transfer,1,DORM009,dormant_reactivation
TXN004895,2026-06-30 18:25:34,ACC00504,ACC00358,12383.89,IMPS,transfer,0,,normal
TXN004896,2026-06-30 18:37:31,ACC00025,ACC00036,7643.52,IMPS,transfer,1,DORM009,dormant_reactivation
TXN004897,2026-06-30 18:38:18,ACC00489,ACC00321,1834.96,RTGS,transfer,0,,normal
TXN004898,2026-06-30 18:48:24,ACC00031,ACC00547,658.72,RTGS,transfer,0,,normal
TXN004899,2026-06-30 18:48:38,ACC00209,ACC00571,2624.86,IMPS,transfer,0,,normal
TXN004900,2026-06-30 18:56:05,ACC00439,ACC00593,13840.71,UPI,transfer,0,,normal
TXN004901,2026-06-30 19:01:06,ACC00198,ACC00467,5795.04,IMPS,transfer,0,,normal
TXN004902,2026-06-30 19:03:44,ACC00557,ACC00578,1346.98,NEFT,transfer,0,,normal
TXN004903,2026-06-30 19:07:11,ACC00299,ACC00036,5967.38,CASH_DEPOSIT,transfer,1,DORM009,dormant_reactivation
TXN004904,2026-06-30 19:20:17,ACC00316,ACC00698,6659.64,IMPS,transfer,0,,normal
TXN004905,2026-06-30 19:28:48,ACC00136,ACC00336,9496.6,NEFT,transfer,1,DORM010,dormant_reactivation
TXN004906,2026-06-30 19:37:14,ACC00336,ACC00166,10950.5,IMPS,transfer,1,DORM010,dormant_reactivation
TXN004907,2026-06-30 19:48:57,ACC00124,ACC00288,12975.58,IMPS,transfer,0,,normal
TXN004908,2026-06-30 19:49:39,ACC00587,ACC00053,4927.22,CASH_DEPOSIT,cash_deposit,0,,normal
TXN004909,2026-06-30 20:03:31,ACC00024,ACC00352,2811.0,IMPS,transfer,0,,normal
TXN004910,2026-06-30 20:20:49,ACC00121,ACC00528,1525.49,IMPS,transfer,0,,normal
TXN004911,2026-06-30 20:28:57,ACC00485,ACC00276,6636.63,NEFT,transfer,0,,normal
TXN004912,2026-06-30 20:40:28,ACC00402,ACC00303,10117.87,IMPS,transfer,0,,normal
TXN004913,2026-06-30 20:42:28,ACC00224,ACC00629,2060.12,NEFT,transfer,0,,normal
TXN004914,2026-06-30 20:45:51,ACC00039,ACC00443,2978.8,UPI,transfer,0,,normal
TXN004915,2026-06-30 20:50:15,ACC00065,ACC00179,2043.66,CASH_DEPOSIT,cash_deposit,0,,normal
TXN004916,2026-06-30 20:55:44,ACC00036,ACC00374,11866.04,IMPS,transfer,1,DORM009,dormant_reactivation
TXN004917,2026-06-30 21:06:25,ACC00510,ACC00573,2780.19,IMPS,transfer,0,,normal
TXN004918,2026-06-30 21:07:55,ACC00235,ACC00336,10141.97,UPI,transfer,1,DORM010,dormant_reactivation
TXN004919,2026-06-30 21:32:03,ACC00628,ACC00270,2135.74,NEFT,transfer,0,,normal
TXN004920,2026-06-30 21:33:35,ACC00351,ACC00277,2572.36,RTGS,transfer,0,,normal
TXN004921,2026-06-30 21:39:29,ACC00132,ACC00331,1028.84,CASH_DEPOSIT,cash_deposit,0,,normal
TXN004922,2026-06-30 21:54:22,ACC00475,ACC00036,10343.45,RTGS,transfer,1,DORM009,dormant_reactivation
TXN004923,2026-06-30 22:02:43,ACC00355,ACC00104,8816.8,UPI,transfer,0,,normal
TXN004924,2026-06-30 22:03:05,ACC00408,ACC00049,3590.31,UPI,transfer,0,,normal
TXN004925,2026-06-30 22:13:43,ACC00035,ACC00661,2188.52,RTGS,transfer,0,,normal
TXN004926,2026-06-30 22:15:01,ACC00609,ACC00117,8375.86,UPI,transfer,0,,normal
TXN004927,2026-06-30 22:16:01,ACC00510,ACC00036,6184.36,IMPS,transfer,1,DORM009,dormant_reactivation
TXN004928,2026-06-30 22:31:55,ACC00609,ACC00546,6083.77,RTGS,transfer,0,,normal
TXN004929,2026-06-30 22:42:13,ACC00131,ACC00369,1115.0,UPI,transfer,0,,normal
TXN004930,2026-06-30 22:46:08,ACC00187,ACC00639,12331.33,NEFT,transfer,0,,normal
TXN004931,2026-06-30 22:48:18,ACC00336,ACC00149,8418.79,CASH_DEPOSIT,transfer,1,DORM010,dormant_reactivation
TXN004932,2026-06-30 23:23:11,ACC00191,ACC00656,2485.4,CASH_DEPOSIT,cash_deposit,0,,normal
TXN004933,2026-06-30 23:29:51,ACC00016,ACC00174,14827.37,NEFT,transfer,0,,normal
TXN004934,2026-06-30 23:34:32,ACC00427,ACC00192,622.43,NEFT,transfer,0,,normal
TXN004935,2026-06-30 23:44:39,ACC00128,ACC00053,4996.52,NEFT,transfer,0,,normal
TXN004936,2026-06-30 23:46:25,ACC00567,ACC00065,1657.4,NEFT,transfer,0,,normal
TXN004937,2026-07-01 00:04:54,ACC00360,ACC00058,1488.5,NEFT,transfer,0,,normal
TXN004938,2026-07-01 00:07:17,ACC00079,ACC00371,6647.23,RTGS,transfer,0,,normal
TXN004939,2026-07-01 00:10:13,ACC00266,ACC00408,2837.84,RTGS,transfer,0,,normal
TXN004940,2026-07-01 00:21:00,ACC00495,ACC00053,3983.21,IMPS,transfer,0,,normal
TXN004941,2026-07-01 00:21:06,ACC00513,ACC00546,4875.67,NEFT,transfer,0,,normal
TXN004942,2026-07-01 00:25:32,ACC00360,ACC00400,5353.56,IMPS,transfer,0,,normal
TXN004943,2026-07-01 00:25:33,ACC00334,ACC00570,1842.56,CASH_DEPOSIT,cash_deposit,0,,normal
TXN004944,2026-07-01 00:29:32,ACC00476,ACC00482,2263.81,NEFT,transfer,0,,normal
TXN004945,2026-07-01 00:29:53,ACC00256,ACC00117,2747.92,RTGS,transfer,0,,normal
TXN004946,2026-07-01 00:32:40,ACC00121,ACC00513,14358.04,RTGS,transfer,0,,normal
TXN004947,2026-07-01 00:46:08,ACC00036,ACC00022,3880.78,CASH_DEPOSIT,transfer,1,DORM009,dormant_reactivation
TXN004948,2026-07-01 00:51:23,ACC00312,ACC00469,1072.0,RTGS,transfer,0,,normal
TXN004949,2026-07-01 01:12:00,ACC00036,ACC00235,4011.42,UPI,transfer,1,DORM009,dormant_reactivation
TXN004950,2026-07-01 01:12:53,ACC00589,ACC00003,8746.02,UPI,transfer,0,,normal
TXN004951,2026-07-01 01:17:35,ACC00148,ACC00269,1322.56,NEFT,transfer,0,,normal
TXN004952,2026-07-01 01:18:07,ACC00179,ACC00642,1610.04,RTGS,transfer,0,,normal
TXN004953,2026-07-01 01:25:16,ACC00539,ACC00605,610.2,UPI,transfer,0,,normal
TXN004954,2026-07-01 01:31:59,ACC00559,ACC00035,12374.19,RTGS,transfer,0,,normal
TXN004955,2026-07-01 01:35:35,ACC00499,ACC00540,1880.41,RTGS,transfer,0,,normal
TXN004956,2026-07-01 01:42:12,ACC00446,ACC00163,10548.1,RTGS,transfer,0,,normal
TXN004957,2026-07-01 01:50:00,ACC00370,ACC00645,7273.23,CASH_DEPOSIT,cash_deposit,0,,normal
TXN004958,2026-07-01 02:12:26,ACC00012,ACC00498,6176.68,RTGS,transfer,0,,normal
TXN004959,2026-07-01 02:12:38,ACC00239,ACC00682,4327.75,CASH_DEPOSIT,cash_deposit,0,,normal
TXN004960,2026-07-01 02:29:23,ACC00699,ACC00336,3484.11,NEFT,transfer,1,DORM010,dormant_reactivation
TXN004961,2026-07-01 02:53:00,ACC00440,ACC00253,1760.08,UPI,transfer,0,,normal
TXN004962,2026-07-01 03:06:26,ACC00198,ACC00539,21859.65,IMPS,transfer,0,,normal
TXN004963,2026-07-01 03:52:16,ACC00438,ACC00335,5441.9,NEFT,transfer,0,,normal
TXN004964,2026-07-01 03:53:17,ACC00665,ACC00243,6380.54,NEFT,transfer,0,,normal
TXN004965,2026-07-01 03:54:44,ACC00196,ACC00521,1122.15,RTGS,transfer,0,,normal
TXN004966,2026-07-01 04:17:28,ACC00097,ACC00534,10630.62,RTGS,transfer,0,,normal
TXN004967,2026-07-01 04:17:33,ACC00116,ACC00662,387.98,RTGS,transfer,0,,normal
TXN004968,2026-07-01 04:21:27,ACC00319,ACC00087,5054.86,RTGS,transfer,0,,normal
TXN004969,2026-07-01 04:25:17,ACC00622,ACC00484,946.21,NEFT,transfer,0,,normal
TXN004970,2026-07-01 04:34:13,ACC00025,ACC00336,6797.74,RTGS,transfer,1,DORM010,dormant_reactivation
TXN004971,2026-07-01 04:35:02,ACC00001,ACC00085,2568.07,NEFT,transfer,0,,normal
TXN004972,2026-07-01 04:43:07,ACC00297,ACC00188,959453.05,NEFT,transfer,1,LAYER006,cyclic_layering
TXN004973,2026-07-01 05:39:56,ACC00415,ACC00654,11505.63,RTGS,transfer,0,,normal
TXN004974,2026-07-01 05:43:29,ACC00563,ACC00550,8778.71,CASH_DEPOSIT,cash_deposit,0,,normal
TXN004975,2026-07-01 05:44:07,ACC00244,ACC00257,4096.99,UPI,transfer,0,,normal
TXN004976,2026-07-01 05:46:01,ACC00226,ACC00652,3059.46,CASH_DEPOSIT,cash_deposit,0,,normal
TXN004977,2026-07-01 05:47:20,ACC00397,ACC00305,2809.23,NEFT,transfer,0,,normal
TXN004978,2026-07-01 05:49:55,ACC00529,ACC00624,10611.96,NEFT,transfer,0,,normal
TXN004979,2026-07-01 05:52:21,ACC00470,ACC00651,13703.46,UPI,transfer,0,,normal
TXN004980,2026-07-01 05:54:29,ACC00011,ACC00432,1611.28,UPI,transfer,0,,normal
TXN004981,2026-07-01 06:05:27,ACC00128,ACC00670,4275.38,IMPS,transfer,0,,normal
TXN004982,2026-07-01 06:19:58,ACC00631,ACC00176,4361.75,CASH_DEPOSIT,cash_deposit,0,,normal
TXN004983,2026-07-01 06:23:09,ACC00355,ACC00453,1765.37,IMPS,transfer,0,,normal
TXN004984,2026-07-01 06:26:30,ACC00017,ACC00492,10898.44,RTGS,transfer,0,,normal
TXN004985,2026-07-01 06:42:37,ACC00085,ACC00562,5607.41,RTGS,transfer,0,,normal
TXN004986,2026-07-01 07:03:00,ACC00506,ACC00336,5349.51,RTGS,transfer,1,DORM010,dormant_reactivation
TXN004987,2026-07-01 07:08:41,ACC00677,ACC00682,1165.92,NEFT,transfer,0,,normal
TXN004988,2026-07-01 07:15:57,ACC00413,ACC00034,3384.83,UPI,transfer,0,,normal
TXN004989,2026-07-01 07:22:01,ACC00097,ACC00476,3451.37,NEFT,transfer,0,,normal
TXN004990,2026-07-01 07:27:51,ACC00561,ACC00493,4546.97,UPI,transfer,0,,normal
TXN004991,2026-07-01 08:14:43,ACC00183,ACC00308,2750.37,RTGS,transfer,0,,normal
TXN004992,2026-07-01 08:18:05,ACC00544,ACC00311,6356.13,CASH_DEPOSIT,cash_deposit,0,,normal
TXN004993,2026-07-01 08:18:29,ACC00474,ACC00596,2691.34,RTGS,transfer,0,,normal
TXN004994,2026-07-01 08:28:09,ACC00079,ACC00518,15588.45,NEFT,transfer,0,,normal
TXN004995,2026-07-01 08:34:33,ACC00635,ACC00402,7919.58,UPI,transfer,0,,normal
TXN004996,2026-07-01 08:42:13,ACC00447,ACC00069,665303.77,NEFT,transfer,1,LAYER002,cyclic_layering
TXN004997,2026-07-01 08:49:08,ACC00337,ACC00632,48125.27,IMPS,transfer,0,,normal
TXN004998,2026-07-01 08:50:25,ACC00679,ACC00448,2116.75,RTGS,transfer,0,,normal
TXN004999,2026-07-01 08:56:49,ACC00250,ACC00563,3923.03,UPI,transfer,0,,normal
TXN005000,2026-07-01 09:03:41,ACC00552,ACC00624,4757.63,UPI,transfer,0,,normal
TXN005001,2026-07-01 09:10:47,ACC00524,ACC00499,1097.28,RTGS,transfer,0,,normal
TXN005002,2026-07-01 09:18:44,ACC00216,ACC00382,620.79,IMPS,transfer,0,,normal
TXN005003,2026-07-01 09:35:44,ACC00382,ACC00578,1122.56,CASH_DEPOSIT,cash_deposit,0,,normal
TXN005004,2026-07-01 09:37:32,ACC00668,ACC00399,9498.02,NEFT,transfer,0,,normal
TXN005005,2026-07-01 09:42:39,ACC00615,ACC00414,9542.87,UPI,transfer,0,,normal
TXN005006,2026-07-01 10:07:41,ACC00300,ACC00673,1921.74,CASH_DEPOSIT,cash_deposit,0,,normal
TXN005007,2026-07-01 10:16:46,ACC00435,ACC00686,7766.72,IMPS,transfer,0,,normal
TXN005008,2026-07-01 10:21:27,ACC00171,ACC00511,4135.8,UPI,transfer,0,,normal
TXN005009,2026-07-01 10:29:39,ACC00287,ACC00336,7114.6,RTGS,transfer,1,DORM010,dormant_reactivation
TXN005010,2026-07-01 10:29:50,ACC00309,ACC00431,5424.61,NEFT,transfer,0,,normal
TXN005011,2026-07-01 10:30:15,ACC00505,ACC00377,1768.61,UPI,transfer,0,,normal
TXN005012,2026-07-01 10:31:48,ACC00336,ACC00676,7740.77,RTGS,transfer,1,DORM010,dormant_reactivation
TXN005013,2026-07-01 10:36:47,ACC00609,ACC00050,766.56,UPI,transfer,0,,normal
TXN005014,2026-07-01 10:37:40,ACC00366,ACC00132,8468.63,NEFT,transfer,0,,normal
TXN005015,2026-07-01 10:50:10,ACC00369,ACC00245,1446.38,UPI,transfer,0,,normal
TXN005016,2026-07-01 11:18:24,ACC00580,ACC00491,602482.41,NEFT,transfer,1,LAYER012,cyclic_layering
TXN005017,2026-07-01 11:27:42,ACC00284,ACC00268,7863.6,NEFT,transfer,0,,normal
TXN005018,2026-07-01 11:27:44,ACC00272,ACC00662,5153.2,UPI,transfer,0,,normal
TXN005019,2026-07-01 11:29:17,ACC00338,ACC00045,16352.93,NEFT,transfer,0,,normal
TXN005020,2026-07-01 11:36:44,ACC00001,ACC00053,8584.46,UPI,transfer,0,,normal
TXN005021,2026-07-01 11:43:57,ACC00252,ACC00219,8421.13,RTGS,transfer,0,,normal
TXN005022,2026-07-01 11:50:51,ACC00498,ACC00608,3157.9,CASH_DEPOSIT,cash_deposit,0,,normal
TXN005023,2026-07-01 11:53:16,ACC00377,ACC00502,2903.3,IMPS,transfer,0,,normal
TXN005024,2026-07-01 12:20:24,ACC00563,ACC00468,4165.69,NEFT,transfer,0,,normal
TXN005025,2026-07-01 12:22:42,ACC00242,ACC00064,1425.33,IMPS,transfer,0,,normal
TXN005026,2026-07-01 12:29:09,ACC00155,ACC00393,4754.83,NEFT,transfer,0,,normal
TXN005027,2026-07-01 12:39:23,ACC00475,ACC00636,643.54,UPI,transfer,0,,normal
TXN005028,2026-07-01 12:42:40,ACC00661,ACC00412,1433.16,RTGS,transfer,0,,normal
TXN005029,2026-07-01 12:58:42,ACC00067,ACC00408,1247.17,RTGS,transfer,0,,normal
TXN005030,2026-07-01 13:10:45,ACC00238,ACC00300,1925.38,RTGS,transfer,0,,normal
TXN005031,2026-07-01 13:11:10,ACC00060,ACC00338,3974.64,NEFT,transfer,0,,normal
TXN005032,2026-07-01 13:14:01,ACC00452,ACC00234,1717.09,IMPS,transfer,0,,normal
TXN005033,2026-07-01 13:23:43,ACC00605,ACC00087,11287.31,IMPS,transfer,0,,normal
TXN005034,2026-07-01 13:28:25,ACC00576,ACC00338,6359.72,RTGS,transfer,0,,normal
TXN005035,2026-07-01 13:30:04,ACC00063,ACC00422,2954.11,IMPS,transfer,0,,normal
TXN005036,2026-07-01 13:35:39,ACC00352,ACC00024,6504.31,UPI,transfer,0,,normal
TXN005037,2026-07-01 13:47:29,ACC00096,ACC00494,1676.51,CASH_DEPOSIT,cash_deposit,0,,normal
TXN005038,2026-07-01 13:59:19,ACC00501,ACC00375,38031.62,RTGS,transfer,0,,normal
TXN005039,2026-07-01 14:01:56,ACC00698,ACC00621,5350.97,NEFT,transfer,0,,normal
TXN005040,2026-07-01 14:09:41,ACC00210,ACC00169,9636.98,IMPS,transfer,0,,normal
TXN005041,2026-07-01 14:39:22,ACC00333,ACC00471,7036.55,IMPS,transfer,0,,normal
TXN005042,2026-07-01 14:42:41,ACC00313,ACC00668,8691.72,NEFT,transfer,0,,normal
TXN005043,2026-07-01 14:44:08,ACC00261,ACC00505,4796.84,IMPS,transfer,0,,normal
TXN005044,2026-07-01 14:53:13,ACC00403,ACC00347,3170.0,RTGS,transfer,0,,normal
TXN005045,2026-07-01 14:53:29,ACC00633,ACC00654,3155.36,RTGS,transfer,0,,normal
TXN005046,2026-07-01 14:56:07,ACC00515,ACC00525,5817.82,RTGS,transfer,0,,normal
TXN005047,2026-07-01 15:01:00,ACC00568,ACC00601,1802.55,CASH_DEPOSIT,cash_deposit,0,,normal
TXN005048,2026-07-01 15:05:15,ACC00481,ACC00301,567.72,CASH_DEPOSIT,cash_deposit,0,,normal
TXN005049,2026-07-01 15:36:40,ACC00477,ACC00295,873.59,RTGS,transfer,0,,normal
TXN005050,2026-07-01 15:36:53,ACC00292,ACC00490,6992.36,UPI,transfer,0,,normal
TXN005051,2026-07-01 15:54:58,ACC00195,ACC00159,3293.85,IMPS,transfer,0,,normal
TXN005052,2026-07-01 16:15:56,ACC00348,ACC00211,26215.46,NEFT,transfer,0,,normal
TXN005053,2026-07-01 16:17:46,ACC00096,ACC00662,8201.31,UPI,transfer,0,,normal
TXN005054,2026-07-01 16:20:24,ACC00229,ACC00599,1488.87,RTGS,transfer,0,,normal
TXN005055,2026-07-01 16:36:57,ACC00069,ACC00349,4693.02,UPI,transfer,0,,normal
TXN005056,2026-07-01 16:47:32,ACC00661,ACC00657,3439.4,IMPS,transfer,0,,normal
TXN005057,2026-07-01 16:52:21,ACC00344,ACC00531,2356.06,CASH_DEPOSIT,cash_deposit,0,,normal
TXN005058,2026-07-01 17:51:00,ACC00126,ACC00660,4890.4,CASH_DEPOSIT,cash_deposit,0,,normal
TXN005059,2026-07-01 17:55:03,ACC00225,ACC00512,2812.66,NEFT,transfer,0,,normal
TXN005060,2026-07-01 18:10:34,ACC00210,ACC00312,2506.98,CASH_DEPOSIT,cash_deposit,0,,normal
TXN005061,2026-07-01 18:19:15,ACC00366,ACC00229,2675.0,RTGS,transfer,0,,normal
TXN005062,2026-07-01 18:36:22,ACC00695,ACC00676,4890.45,UPI,transfer,0,,normal
TXN005063,2026-07-01 18:37:39,ACC00144,ACC00141,1322.57,UPI,transfer,0,,normal
TXN005064,2026-07-01 18:42:15,ACC00608,ACC00379,3562.4,NEFT,transfer,0,,normal
TXN005065,2026-07-01 18:51:15,ACC00115,ACC00100,3748.71,IMPS,transfer,0,,normal
TXN005066,2026-07-01 18:52:10,ACC00593,ACC00389,5316.04,NEFT,transfer,0,,normal
TXN005067,2026-07-01 18:55:33,ACC00127,ACC00104,724.32,IMPS,transfer,0,,normal
TXN005068,2026-07-01 18:57:51,ACC00008,ACC00050,3329.63,UPI,transfer,0,,normal
TXN005069,2026-07-01 19:01:48,ACC00580,ACC00643,1324.59,IMPS,transfer,0,,normal
TXN005070,2026-07-01 19:06:09,ACC00068,ACC00309,8970.01,UPI,transfer,0,,normal
TXN005071,2026-07-01 19:28:29,ACC00456,ACC00412,15013.91,IMPS,transfer,0,,normal
TXN005072,2026-07-01 19:39:56,ACC00284,ACC00514,3258.4,IMPS,transfer,0,,normal
TXN005073,2026-07-01 19:43:18,ACC00092,ACC00505,427.24,RTGS,transfer,0,,normal
TXN005074,2026-07-01 19:48:07,ACC00328,ACC00485,1834.19,IMPS,transfer,0,,normal
TXN005075,2026-07-01 19:57:26,ACC00175,ACC00323,15860.07,NEFT,transfer,0,,normal
TXN005076,2026-07-01 19:59:54,ACC00528,ACC00619,2100.13,RTGS,transfer,0,,normal
TXN005077,2026-07-01 19:59:55,ACC00018,ACC00399,1496.54,CASH_DEPOSIT,cash_deposit,0,,normal
TXN005078,2026-07-01 20:11:16,ACC00049,ACC00033,28644.6,NEFT,transfer,0,,normal
TXN005079,2026-07-01 20:15:08,ACC00611,ACC00462,1779.18,UPI,transfer,0,,normal
TXN005080,2026-07-01 20:27:09,ACC00559,ACC00011,4503.46,CASH_DEPOSIT,cash_deposit,0,,normal
TXN005081,2026-07-01 20:28:07,ACC00149,ACC00034,3446.44,NEFT,transfer,0,,normal
TXN005082,2026-07-01 20:35:16,ACC00586,ACC00661,2886.05,RTGS,transfer,0,,normal
TXN005083,2026-07-01 20:51:36,ACC00687,ACC00127,9583.6,RTGS,transfer,0,,normal
TXN005084,2026-07-01 21:15:37,ACC00577,ACC00661,5139.39,NEFT,transfer,0,,normal
TXN005085,2026-07-01 21:26:42,ACC00396,ACC00158,2138.48,IMPS,transfer,0,,normal
TXN005086,2026-07-01 22:01:02,ACC00031,ACC00392,1035.45,IMPS,transfer,0,,normal
TXN005087,2026-07-01 22:08:02,ACC00438,ACC00145,3462.45,UPI,transfer,0,,normal
TXN005088,2026-07-01 22:16:12,ACC00576,ACC00036,833.62,IMPS,transfer,0,,normal
TXN005089,2026-07-01 22:18:15,ACC00446,ACC00223,2480.18,RTGS,transfer,0,,normal
TXN005090,2026-07-01 22:27:03,ACC00117,ACC00082,2897.04,NEFT,transfer,0,,normal
TXN005091,2026-07-01 22:32:54,ACC00438,ACC00657,5452.19,NEFT,transfer,0,,normal
TXN005092,2026-07-01 22:48:52,ACC00365,ACC00488,2511.98,RTGS,transfer,0,,normal
TXN005093,2026-07-01 23:06:30,ACC00582,ACC00591,9226.83,IMPS,transfer,0,,normal
TXN005094,2026-07-01 23:06:44,ACC00427,ACC00100,4292.87,UPI,transfer,0,,normal
TXN005095,2026-07-01 23:09:15,ACC00039,ACC00297,2958.4,NEFT,transfer,0,,normal
TXN005096,2026-07-01 23:22:06,ACC00569,ACC00187,5385.4,NEFT,transfer,0,,normal
TXN005097,2026-07-01 23:31:21,ACC00591,ACC00101,1879.57,NEFT,transfer,0,,normal
TXN005098,2026-07-01 23:34:42,ACC00651,ACC00354,2586.26,UPI,transfer,0,,normal
TXN005099,2026-07-01 23:37:40,ACC00595,ACC00555,4099.97,IMPS,transfer,0,,normal
TXN005100,2026-07-01 23:50:31,ACC00094,ACC00664,14433.41,CASH_DEPOSIT,cash_deposit,0,,normal
TXN005101,2026-07-01 23:50:32,ACC00097,ACC00258,3836.79,RTGS,transfer,0,,normal
TXN005102,2026-07-01 23:54:33,ACC00353,ACC00659,7575.97,NEFT,transfer,0,,normal
TXN005103,2026-07-01 23:55:57,ACC00004,ACC00636,806.72,CASH_DEPOSIT,cash_deposit,0,,normal
TXN005104,2026-07-02 00:04:28,ACC00618,ACC00668,3952.03,IMPS,transfer,0,,normal
TXN005105,2026-07-02 00:08:36,ACC00350,ACC00282,15701.26,RTGS,transfer,0,,normal
TXN005106,2026-07-02 00:53:24,ACC00349,ACC00557,18713.65,UPI,transfer,0,,normal
TXN005107,2026-07-02 00:54:27,ACC00094,ACC00647,6739.54,IMPS,transfer,0,,normal
TXN005108,2026-07-02 00:55:09,ACC00634,ACC00624,5989.34,RTGS,transfer,0,,normal
TXN005109,2026-07-02 01:01:03,ACC00528,ACC00284,5458.04,UPI,transfer,0,,normal
TXN005110,2026-07-02 01:10:47,ACC00265,ACC00309,1791.41,IMPS,transfer,0,,normal
TXN005111,2026-07-02 01:11:19,ACC00241,ACC00143,18490.59,RTGS,transfer,0,,normal
TXN005112,2026-07-02 01:11:30,ACC00068,ACC00105,1930.91,NEFT,transfer,0,,normal
TXN005113,2026-07-02 01:12:23,ACC00137,ACC00571,4299.89,NEFT,transfer,0,,normal
TXN005114,2026-07-02 01:15:45,ACC00582,ACC00112,1064.75,NEFT,transfer,0,,normal
TXN005115,2026-07-02 01:32:58,ACC00497,ACC00639,2910.98,UPI,transfer,0,,normal
TXN005116,2026-07-02 01:53:40,ACC00247,ACC00430,8172.45,UPI,transfer,0,,normal
TXN005117,2026-07-02 02:02:55,ACC00241,ACC00647,2994.96,IMPS,transfer,0,,normal
TXN005118,2026-07-02 02:15:41,ACC00199,ACC00377,4249.92,RTGS,transfer,0,,normal
TXN005119,2026-07-02 02:23:25,ACC00180,ACC00642,18945.11,UPI,transfer,0,,normal
TXN005120,2026-07-02 02:32:05,ACC00136,ACC00299,1269.23,RTGS,transfer,0,,normal
TXN005121,2026-07-02 02:50:49,ACC00099,ACC00555,7098.51,CASH_DEPOSIT,cash_deposit,0,,normal
TXN005122,2026-07-02 03:04:28,ACC00169,ACC00239,8340.87,IMPS,transfer,0,,normal
TXN005123,2026-07-02 03:09:48,ACC00228,ACC00572,4090.54,IMPS,transfer,0,,normal
TXN005124,2026-07-02 03:19:45,ACC00555,ACC00296,9354.01,CASH_DEPOSIT,cash_deposit,0,,normal
TXN005125,2026-07-02 03:23:03,ACC00576,ACC00017,9141.29,IMPS,transfer,0,,normal
TXN005126,2026-07-02 03:29:45,ACC00432,ACC00200,761.06,NEFT,transfer,0,,normal
TXN005127,2026-07-02 03:35:07,ACC00019,ACC00356,16749.95,NEFT,transfer,0,,normal
TXN005128,2026-07-02 03:40:38,ACC00240,ACC00321,3121.09,IMPS,transfer,0,,normal
TXN005129,2026-07-02 04:02:39,ACC00559,ACC00412,1575.14,RTGS,transfer,0,,normal
TXN005130,2026-07-02 04:06:25,ACC00544,ACC00299,7110.21,UPI,transfer,0,,normal
TXN005131,2026-07-02 04:08:44,ACC00029,ACC00566,3475.91,CASH_DEPOSIT,cash_deposit,0,,normal
TXN005132,2026-07-02 04:12:54,ACC00625,ACC00395,4934.42,IMPS,transfer,0,,normal
TXN005133,2026-07-02 04:13:26,ACC00285,ACC00590,18342.92,IMPS,transfer,0,,normal
TXN005134,2026-07-02 04:17:28,ACC00337,ACC00276,5529.35,RTGS,transfer,0,,normal
TXN005135,2026-07-02 04:51:20,ACC00217,ACC00534,4102.44,CASH_DEPOSIT,cash_deposit,0,,normal
TXN005136,2026-07-02 04:53:43,ACC00007,ACC00117,1265.86,CASH_DEPOSIT,cash_deposit,0,,normal
TXN005137,2026-07-02 05:07:45,ACC00176,ACC00416,2720.26,NEFT,transfer,0,,normal
TXN005138,2026-07-02 05:10:17,ACC00644,ACC00037,1593.37,UPI,transfer,0,,normal
TXN005139,2026-07-02 05:12:10,ACC00086,ACC00071,4908.51,CASH_DEPOSIT,cash_deposit,0,,normal
TXN005140,2026-07-02 05:22:55,ACC00059,ACC00115,2223.61,CASH_DEPOSIT,cash_deposit,0,,normal
TXN005141,2026-07-02 05:33:32,ACC00410,ACC00634,59187.73,CASH_DEPOSIT,cash_deposit,0,,normal
TXN005142,2026-07-02 05:38:02,ACC00160,ACC00018,2201.92,IMPS,transfer,0,,normal
TXN005143,2026-07-02 05:55:35,ACC00443,ACC00191,2257.26,UPI,transfer,0,,normal
TXN005144,2026-07-02 06:09:58,ACC00572,ACC00542,3454.43,CASH_DEPOSIT,cash_deposit,0,,normal
TXN005145,2026-07-02 06:12:11,ACC00693,ACC00684,899.89,RTGS,transfer,0,,normal
TXN005146,2026-07-02 06:34:58,ACC00439,ACC00178,3416.07,RTGS,transfer,0,,normal
TXN005147,2026-07-02 06:44:50,ACC00303,ACC00195,1413.61,CASH_DEPOSIT,cash_deposit,0,,normal
TXN005148,2026-07-02 06:58:10,ACC00553,ACC00250,2732.92,CASH_DEPOSIT,cash_deposit,0,,normal
TXN005149,2026-07-02 06:59:25,ACC00238,ACC00237,1145.82,RTGS,transfer,0,,normal
TXN005150,2026-07-02 07:09:19,ACC00478,ACC00310,6156.05,RTGS,transfer,0,,normal
TXN005151,2026-07-02 07:35:54,ACC00558,ACC00155,2555.45,IMPS,transfer,0,,normal
TXN005152,2026-07-02 07:55:29,ACC00453,ACC00120,2510.66,RTGS,transfer,0,,normal
TXN005153,2026-07-02 08:06:06,ACC00478,ACC00540,2529.62,CASH_DEPOSIT,cash_deposit,0,,normal
TXN005154,2026-07-02 08:08:21,ACC00095,ACC00631,22749.22,UPI,transfer,0,,normal
TXN005155,2026-07-02 08:12:51,ACC00461,ACC00244,2517.9,NEFT,transfer,0,,normal
TXN005156,2026-07-02 08:17:43,ACC00587,ACC00258,7321.76,CASH_DEPOSIT,cash_deposit,0,,normal
TXN005157,2026-07-02 08:19:49,ACC00672,ACC00202,13982.02,IMPS,transfer,0,,normal
TXN005158,2026-07-02 08:29:51,ACC00185,ACC00640,3266.49,IMPS,transfer,0,,normal
TXN005159,2026-07-02 08:39:06,ACC00035,ACC00620,10539.56,CASH_DEPOSIT,cash_deposit,0,,normal
TXN005160,2026-07-02 08:50:04,ACC00469,ACC00315,2741.5,CASH_DEPOSIT,cash_deposit,0,,normal
TXN005161,2026-07-02 08:56:47,ACC00513,ACC00274,3138.27,IMPS,transfer,0,,normal
TXN005162,2026-07-02 09:09:06,ACC00257,ACC00421,16317.56,CASH_DEPOSIT,cash_deposit,0,,normal
TXN005163,2026-07-02 09:11:10,ACC00164,ACC00266,8199.94,CASH_DEPOSIT,cash_deposit,0,,normal
TXN005164,2026-07-02 09:13:54,ACC00385,ACC00083,4296.05,CASH_DEPOSIT,cash_deposit,0,,normal
TXN005165,2026-07-02 09:16:15,ACC00116,ACC00136,2611.59,IMPS,transfer,0,,normal
TXN005166,2026-07-02 09:18:14,ACC00338,ACC00485,666106.66,IMPS,transfer,1,LAYER003,cyclic_layering
TXN005167,2026-07-02 09:25:29,ACC00123,ACC00368,6333.75,RTGS,transfer,0,,normal
TXN005168,2026-07-02 09:42:43,ACC00085,ACC00216,7617.54,CASH_DEPOSIT,cash_deposit,0,,normal
TXN005169,2026-07-02 09:45:02,ACC00023,ACC00549,12302.04,NEFT,transfer,0,,normal
TXN005170,2026-07-02 09:49:04,ACC00351,ACC00558,3814.23,UPI,transfer,0,,normal
TXN005171,2026-07-02 09:58:41,ACC00555,ACC00145,7455.49,NEFT,transfer,0,,normal
TXN005172,2026-07-02 10:05:36,ACC00333,ACC00096,4689.54,CASH_DEPOSIT,cash_deposit,0,,normal
TXN005173,2026-07-02 10:21:07,ACC00377,ACC00418,7517.71,NEFT,transfer,0,,normal
TXN005174,2026-07-02 10:28:15,ACC00628,ACC00280,6498.34,NEFT,transfer,0,,normal
TXN005175,2026-07-02 10:28:44,ACC00227,ACC00415,7892.19,CASH_DEPOSIT,cash_deposit,0,,normal
TXN005176,2026-07-02 10:31:53,ACC00084,ACC00085,1715.6,UPI,transfer,0,,normal
TXN005177,2026-07-02 11:06:20,ACC00524,ACC00030,6100.36,CASH_DEPOSIT,cash_deposit,0,,normal
TXN005178,2026-07-02 11:27:08,ACC00418,ACC00391,4009.62,NEFT,transfer,0,,normal
TXN005179,2026-07-02 11:33:14,ACC00488,ACC00428,23013.53,IMPS,transfer,0,,normal
TXN005180,2026-07-02 11:35:03,ACC00098,ACC00403,3934.35,IMPS,transfer,0,,normal
TXN005181,2026-07-02 11:52:58,ACC00375,ACC00560,2261.81,UPI,transfer,0,,normal
TXN005182,2026-07-02 11:56:36,ACC00659,ACC00191,7290.02,NEFT,transfer,0,,normal
TXN005183,2026-07-02 12:01:05,ACC00277,ACC00097,4939.79,IMPS,transfer,0,,normal
TXN005184,2026-07-02 12:03:13,ACC00408,ACC00634,4432.83,UPI,transfer,0,,normal
TXN005185,2026-07-02 12:05:05,ACC00338,ACC00422,494.05,RTGS,transfer,0,,normal
TXN005186,2026-07-02 12:19:45,ACC00630,ACC00259,13574.88,UPI,transfer,0,,normal
TXN005187,2026-07-02 12:31:08,ACC00323,ACC00275,3615.84,IMPS,transfer,0,,normal
TXN005188,2026-07-02 12:58:00,ACC00141,ACC00583,7527.68,IMPS,transfer,0,,normal
TXN005189,2026-07-02 13:04:02,ACC00467,ACC00594,1259.92,UPI,transfer,0,,normal
TXN005190,2026-07-02 13:06:08,ACC00046,ACC00488,4937.04,UPI,transfer,0,,normal
TXN005191,2026-07-02 13:19:52,ACC00314,ACC00195,946.23,RTGS,transfer,0,,normal
TXN005192,2026-07-02 13:20:41,ACC00377,ACC00286,16627.17,RTGS,transfer,0,,normal
TXN005193,2026-07-02 13:23:09,ACC00190,ACC00114,613.76,RTGS,transfer,0,,normal
TXN005194,2026-07-02 13:35:38,ACC00516,ACC00556,18895.11,UPI,transfer,0,,normal
TXN005195,2026-07-02 13:37:43,ACC00415,ACC00596,1695.62,RTGS,transfer,0,,normal
TXN005196,2026-07-02 13:42:05,ACC00216,ACC00231,4730.6,IMPS,transfer,0,,normal
TXN005197,2026-07-02 13:45:37,ACC00662,ACC00379,1904.18,IMPS,transfer,0,,normal
TXN005198,2026-07-02 13:52:37,ACC00606,ACC00549,3382.25,UPI,transfer,0,,normal
TXN005199,2026-07-02 13:56:48,ACC00429,ACC00345,767.96,RTGS,transfer,0,,normal
TXN005200,2026-07-02 14:08:19,ACC00532,ACC00536,12037.44,RTGS,transfer,0,,normal
TXN005201,2026-07-02 14:17:53,ACC00547,ACC00384,9718.39,CASH_DEPOSIT,cash_deposit,0,,normal
TXN005202,2026-07-02 14:29:12,ACC00038,ACC00330,1762.1,UPI,transfer,0,,normal
TXN005203,2026-07-02 14:29:38,ACC00656,ACC00398,10316.71,RTGS,transfer,0,,normal
TXN005204,2026-07-02 15:06:49,ACC00232,ACC00308,2143.12,UPI,transfer,0,,normal
TXN005205,2026-07-02 15:31:20,ACC00693,ACC00136,15331.39,NEFT,transfer,0,,normal
TXN005206,2026-07-02 15:40:19,ACC00472,ACC00169,19922.27,NEFT,transfer,0,,normal
TXN005207,2026-07-02 15:50:56,ACC00012,ACC00584,2412.7,RTGS,transfer,0,,normal
TXN005208,2026-07-02 15:56:01,ACC00426,ACC00434,2884.28,CASH_DEPOSIT,cash_deposit,0,,normal
TXN005209,2026-07-02 16:21:21,ACC00408,ACC00507,1810.12,UPI,transfer,0,,normal
TXN005210,2026-07-02 16:26:54,ACC00561,ACC00259,1965.52,IMPS,transfer,0,,normal
TXN005211,2026-07-02 16:28:37,ACC00434,ACC00487,2400.31,IMPS,transfer,0,,normal
TXN005212,2026-07-02 16:29:39,ACC00263,ACC00188,1438.32,IMPS,transfer,0,,normal
TXN005213,2026-07-02 16:29:45,ACC00194,ACC00442,18189.72,CASH_DEPOSIT,cash_deposit,0,,normal
TXN005214,2026-07-02 16:30:18,ACC00576,ACC00336,6706.65,IMPS,transfer,0,,normal
TXN005215,2026-07-02 16:32:28,ACC00679,ACC00292,4917.56,IMPS,transfer,0,,normal
TXN005216,2026-07-02 16:43:02,ACC00613,ACC00689,8298.68,UPI,transfer,0,,normal
TXN005217,2026-07-02 16:50:25,ACC00439,ACC00490,5298.19,RTGS,transfer,0,,normal
TXN005218,2026-07-02 17:03:26,ACC00653,ACC00010,2106.77,RTGS,transfer,0,,normal
TXN005219,2026-07-02 17:05:15,ACC00058,ACC00582,1974.56,UPI,transfer,0,,normal
TXN005220,2026-07-02 17:09:53,ACC00188,ACC00165,2132.84,IMPS,transfer,0,,normal
TXN005221,2026-07-02 17:18:30,ACC00159,ACC00689,948.77,NEFT,transfer,0,,normal
TXN005222,2026-07-02 17:24:43,ACC00204,ACC00269,4129.45,RTGS,transfer,0,,normal
TXN005223,2026-07-02 17:47:14,ACC00484,ACC00106,7671.39,IMPS,transfer,0,,normal
TXN005224,2026-07-02 18:03:57,ACC00585,ACC00644,5252.09,CASH_DEPOSIT,cash_deposit,0,,normal
TXN005225,2026-07-02 18:04:45,ACC00349,ACC00078,2333.74,IMPS,transfer,0,,normal
TXN005226,2026-07-02 18:13:07,ACC00317,ACC00556,3498.45,UPI,transfer,0,,normal
TXN005227,2026-07-02 18:21:51,ACC00006,ACC00320,10545.04,UPI,transfer,0,,normal
TXN005228,2026-07-02 18:56:58,ACC00259,ACC00486,3778.92,UPI,transfer,0,,normal
TXN005229,2026-07-02 19:12:19,ACC00543,ACC00170,3395.67,IMPS,transfer,0,,normal
TXN005230,2026-07-02 19:19:03,ACC00178,ACC00203,5080.63,NEFT,transfer,0,,normal
TXN005231,2026-07-02 19:33:42,ACC00539,ACC00639,372.78,NEFT,transfer,0,,normal
TXN005232,2026-07-02 19:45:55,ACC00318,ACC00672,2608.53,CASH_DEPOSIT,cash_deposit,0,,normal
TXN005233,2026-07-02 20:00:11,ACC00434,ACC00169,9130.39,CASH_DEPOSIT,cash_deposit,0,,normal
TXN005234,2026-07-02 20:12:44,ACC00108,ACC00436,10401.79,UPI,transfer,0,,normal
TXN005235,2026-07-02 20:14:28,ACC00250,ACC00661,8580.23,UPI,transfer,0,,normal
TXN005236,2026-07-02 20:17:51,ACC00193,ACC00241,6570.22,UPI,transfer,0,,normal
TXN005237,2026-07-02 20:21:58,ACC00319,ACC00633,2592.35,IMPS,transfer,0,,normal
TXN005238,2026-07-02 20:30:21,ACC00429,ACC00549,931.67,CASH_DEPOSIT,cash_deposit,0,,normal
TXN005239,2026-07-02 20:32:58,ACC00465,ACC00073,1732.17,CASH_DEPOSIT,cash_deposit,0,,normal
TXN005240,2026-07-02 21:01:27,ACC00061,ACC00483,5190.46,UPI,transfer,0,,normal
TXN005241,2026-07-02 21:12:11,ACC00561,ACC00151,8692.89,NEFT,transfer,0,,normal
TXN005242,2026-07-02 21:27:27,ACC00410,ACC00676,8641.01,UPI,transfer,0,,normal
TXN005243,2026-07-02 21:35:07,ACC00339,ACC00361,3495.14,NEFT,transfer,0,,normal
TXN005244,2026-07-02 21:42:18,ACC00216,ACC00430,6103.78,RTGS,transfer,0,,normal
TXN005245,2026-07-02 21:44:48,ACC00274,ACC00021,1166.72,NEFT,transfer,0,,normal
TXN005246,2026-07-02 21:51:16,ACC00533,ACC00423,1545.76,UPI,transfer,0,,normal
TXN005247,2026-07-02 21:55:55,ACC00501,ACC00310,5052.17,RTGS,transfer,0,,normal
TXN005248,2026-07-02 22:06:52,ACC00031,ACC00122,1994.98,CASH_DEPOSIT,cash_deposit,0,,normal
TXN005249,2026-07-02 22:20:11,ACC00628,ACC00157,6433.08,IMPS,transfer,0,,normal
TXN005250,2026-07-02 22:23:24,ACC00237,ACC00003,4145.71,NEFT,transfer,0,,normal
TXN005251,2026-07-02 22:30:46,ACC00103,ACC00165,6199.44,NEFT,transfer,0,,normal
TXN005252,2026-07-02 22:48:00,ACC00207,ACC00367,2861.56,UPI,transfer,0,,normal
TXN005253,2026-07-02 22:50:10,ACC00638,ACC00621,8573.19,UPI,transfer,0,,normal
TXN005254,2026-07-02 23:21:40,ACC00095,ACC00343,8909.46,RTGS,transfer,0,,normal
TXN005255,2026-07-02 23:42:07,ACC00094,ACC00507,2936.94,RTGS,transfer,0,,normal
TXN005256,2026-07-02 23:42:59,ACC00213,ACC00351,2328.83,NEFT,transfer,0,,normal
TXN005257,2026-07-02 23:43:16,ACC00626,ACC00214,5746.34,NEFT,transfer,0,,normal
TXN005258,2026-07-02 23:59:51,ACC00291,ACC00427,1890.75,RTGS,transfer,0,,normal
TXN005259,2026-07-03 00:10:00,ACC00491,ACC00249,16876.8,RTGS,transfer,0,,normal
TXN005260,2026-07-03 00:10:10,ACC00606,ACC00029,4321.6,CASH_DEPOSIT,cash_deposit,0,,normal
TXN005261,2026-07-03 00:19:05,ACC00464,ACC00279,1241.7,NEFT,transfer,0,,normal
TXN005262,2026-07-03 00:45:46,ACC00050,ACC00078,1441.26,NEFT,transfer,0,,normal
TXN005263,2026-07-03 00:52:15,ACC00138,ACC00577,800.02,UPI,transfer,0,,normal
TXN005264,2026-07-03 01:05:24,ACC00523,ACC00529,4424.72,UPI,transfer,0,,normal
TXN005265,2026-07-03 01:10:40,ACC00402,ACC00429,7846.7,NEFT,transfer,0,,normal
TXN005266,2026-07-03 01:12:05,ACC00090,ACC00066,1732.36,CASH_DEPOSIT,cash_deposit,0,,normal
TXN005267,2026-07-03 01:36:21,ACC00177,ACC00690,2428.4,CASH_DEPOSIT,cash_deposit,0,,normal
TXN005268,2026-07-03 01:41:42,ACC00216,ACC00546,14412.82,NEFT,transfer,0,,normal
TXN005269,2026-07-03 01:51:31,ACC00237,ACC00102,1622.87,UPI,transfer,0,,normal
TXN005270,2026-07-03 01:53:50,ACC00551,ACC00263,3544.95,IMPS,transfer,0,,normal
TXN005271,2026-07-03 01:55:04,ACC00110,ACC00588,4154.0,UPI,transfer,0,,normal
TXN005272,2026-07-03 02:20:58,ACC00290,ACC00200,3232.71,UPI,transfer,0,,normal
TXN005273,2026-07-03 02:26:01,ACC00679,ACC00536,4749.06,CASH_DEPOSIT,cash_deposit,0,,normal
TXN005274,2026-07-03 02:28:45,ACC00529,ACC00130,3156.81,CASH_DEPOSIT,cash_deposit,0,,normal
TXN005275,2026-07-03 02:36:37,ACC00047,ACC00151,13263.7,CASH_DEPOSIT,cash_deposit,0,,normal
TXN005276,2026-07-03 02:41:34,ACC00382,ACC00164,1375.71,IMPS,transfer,0,,normal
TXN005277,2026-07-03 02:42:06,ACC00250,ACC00639,1287.03,NEFT,transfer,0,,normal
TXN005278,2026-07-03 02:49:02,ACC00062,ACC00146,3007.94,IMPS,transfer,0,,normal
TXN005279,2026-07-03 02:51:19,ACC00010,ACC00009,246.65,RTGS,transfer,0,,normal
TXN005280,2026-07-03 02:59:49,ACC00290,ACC00448,9990.09,IMPS,transfer,0,,normal
TXN005281,2026-07-03 03:12:12,ACC00455,ACC00171,32339.51,UPI,transfer,0,,normal
TXN005282,2026-07-03 03:30:40,ACC00554,ACC00391,4731.9,IMPS,transfer,0,,normal
TXN005283,2026-07-03 03:31:41,ACC00115,ACC00426,4825.06,RTGS,transfer,0,,normal
TXN005284,2026-07-03 03:40:12,ACC00143,ACC00266,5433.66,NEFT,transfer,0,,normal
TXN005285,2026-07-03 03:49:16,ACC00512,ACC00660,957.19,NEFT,transfer,0,,normal
TXN005286,2026-07-03 04:01:03,ACC00048,ACC00249,3646.8,RTGS,transfer,0,,normal
TXN005287,2026-07-03 04:28:58,ACC00176,ACC00329,432.36,RTGS,transfer,0,,normal
TXN005288,2026-07-03 04:44:31,ACC00124,ACC00564,7781.12,NEFT,transfer,0,,normal
TXN005289,2026-07-03 05:06:34,ACC00210,ACC00291,6977.23,NEFT,transfer,0,,normal
TXN005290,2026-07-03 05:25:11,ACC00381,ACC00056,2196.45,UPI,transfer,0,,normal
TXN005291,2026-07-03 05:39:20,ACC00287,ACC00582,2544.13,IMPS,transfer,0,,normal
TXN005292,2026-07-03 05:48:00,ACC00249,ACC00494,9487.72,RTGS,transfer,0,,normal
TXN005293,2026-07-03 06:11:23,ACC00044,ACC00555,3546.6,RTGS,transfer,0,,normal
TXN005294,2026-07-03 06:23:38,ACC00180,ACC00113,7314.42,CASH_DEPOSIT,cash_deposit,0,,normal
TXN005295,2026-07-03 06:31:16,ACC00001,ACC00438,973.5,RTGS,transfer,0,,normal
TXN005296,2026-07-03 06:34:22,ACC00668,ACC00453,5014.57,RTGS,transfer,0,,normal
TXN005297,2026-07-03 07:19:07,ACC00264,ACC00124,1718.41,UPI,transfer,0,,normal
TXN005298,2026-07-03 07:27:24,ACC00491,ACC00160,6517.29,UPI,transfer,0,,normal
TXN005299,2026-07-03 07:35:12,ACC00227,ACC00621,6726.85,IMPS,transfer,0,,normal
TXN005300,2026-07-03 07:36:11,ACC00634,ACC00165,3308.65,IMPS,transfer,0,,normal
TXN005301,2026-07-03 07:47:47,ACC00475,ACC00512,1066.68,IMPS,transfer,0,,normal
TXN005302,2026-07-03 07:53:02,ACC00129,ACC00700,3360.07,NEFT,transfer,0,,normal
TXN005303,2026-07-03 08:01:03,ACC00350,ACC00043,1474.87,UPI,transfer,0,,normal
TXN005304,2026-07-03 08:16:08,ACC00514,ACC00314,4450.79,IMPS,transfer,0,,normal
TXN005305,2026-07-03 08:16:29,ACC00250,ACC00382,1012.31,IMPS,transfer,0,,normal
TXN005306,2026-07-03 08:35:24,ACC00564,ACC00404,2431.62,RTGS,transfer,0,,normal
TXN005307,2026-07-03 08:37:37,ACC00576,ACC00657,6829.0,UPI,transfer,0,,normal
TXN005308,2026-07-03 08:58:33,ACC00467,ACC00516,4350.84,NEFT,transfer,0,,normal
TXN005309,2026-07-03 08:59:12,ACC00386,ACC00374,4159.04,RTGS,transfer,0,,normal
TXN005310,2026-07-03 09:21:12,ACC00178,ACC00641,6350.33,IMPS,transfer,0,,normal
TXN005311,2026-07-03 09:32:21,ACC00013,ACC00224,542.82,NEFT,transfer,0,,normal
TXN005312,2026-07-03 09:37:30,ACC00413,ACC00613,6317.63,RTGS,transfer,0,,normal
TXN005313,2026-07-03 09:40:58,ACC00212,ACC00089,1779.08,IMPS,transfer,0,,normal
TXN005314,2026-07-03 09:40:59,ACC00625,ACC00055,7665.71,UPI,transfer,0,,normal
TXN005315,2026-07-03 09:54:46,ACC00191,ACC00094,5586.06,RTGS,transfer,0,,normal
TXN005316,2026-07-03 09:58:47,ACC00051,ACC00269,1089.95,RTGS,transfer,0,,normal
TXN005317,2026-07-03 10:05:37,ACC00022,ACC00358,6322.94,NEFT,transfer,0,,normal
TXN005318,2026-07-03 10:08:58,ACC00697,ACC00415,2526.27,CASH_DEPOSIT,cash_deposit,0,,normal
TXN005319,2026-07-03 10:10:00,ACC00226,ACC00304,2107.54,IMPS,transfer,0,,normal
TXN005320,2026-07-03 10:12:29,ACC00269,ACC00515,9134.07,IMPS,transfer,0,,normal
TXN005321,2026-07-03 10:33:54,ACC00073,ACC00184,5302.39,RTGS,transfer,0,,normal
TXN005322,2026-07-03 10:37:25,ACC00414,ACC00532,1335.85,IMPS,transfer,0,,normal
TXN005323,2026-07-03 10:46:37,ACC00393,ACC00240,1750.03,UPI,transfer,0,,normal
TXN005324,2026-07-03 11:06:15,ACC00562,ACC00105,3578.19,UPI,transfer,0,,normal
TXN005325,2026-07-03 11:07:04,ACC00051,ACC00363,4023.94,NEFT,transfer,0,,normal
TXN005326,2026-07-03 11:19:13,ACC00055,ACC00001,1722.0,NEFT,transfer,0,,normal
TXN005327,2026-07-03 11:28:53,ACC00576,ACC00087,1155.03,UPI,transfer,0,,normal
TXN005328,2026-07-03 11:30:13,ACC00684,ACC00356,4556.81,NEFT,transfer,0,,normal
TXN005329,2026-07-03 11:43:39,ACC00227,ACC00020,196.89,UPI,transfer,0,,normal
TXN005330,2026-07-03 11:45:27,ACC00158,ACC00367,6724.22,IMPS,transfer,0,,normal
TXN005331,2026-07-03 12:06:34,ACC00444,ACC00613,5234.08,NEFT,transfer,0,,normal
TXN005332,2026-07-03 12:08:25,ACC00199,ACC00388,2817.62,UPI,transfer,0,,normal
TXN005333,2026-07-03 12:16:42,ACC00045,ACC00005,12226.26,NEFT,transfer,0,,normal
TXN005334,2026-07-03 12:19:19,ACC00050,ACC00145,1229.77,IMPS,transfer,0,,normal
TXN005335,2026-07-03 12:32:27,ACC00595,ACC00689,7443.83,RTGS,transfer,0,,normal
TXN005336,2026-07-03 12:37:43,ACC00002,ACC00173,11086.27,IMPS,transfer,0,,normal
TXN005337,2026-07-03 12:43:01,ACC00011,ACC00044,3695.0,CASH_DEPOSIT,cash_deposit,0,,normal
TXN005338,2026-07-03 12:46:10,ACC00650,ACC00291,3002.92,UPI,transfer,0,,normal
TXN005339,2026-07-03 12:50:20,ACC00401,ACC00425,2053.7,NEFT,transfer,0,,normal
TXN005340,2026-07-03 12:59:15,ACC00310,ACC00597,1232.89,NEFT,transfer,0,,normal
TXN005341,2026-07-03 13:05:53,ACC00357,ACC00522,2890.81,NEFT,transfer,0,,normal
TXN005342,2026-07-03 13:18:23,ACC00088,ACC00537,7585.17,CASH_DEPOSIT,cash_deposit,0,,normal
TXN005343,2026-07-03 13:22:07,ACC00123,ACC00013,1062.65,IMPS,transfer,0,,normal
TXN005344,2026-07-03 13:29:10,ACC00251,ACC00474,59971.17,UPI,transfer,0,,normal
TXN005345,2026-07-03 13:40:16,ACC00243,ACC00351,2008.37,UPI,transfer,0,,normal
TXN005346,2026-07-03 13:47:16,ACC00131,ACC00687,3692.49,CASH_DEPOSIT,cash_deposit,0,,normal
TXN005347,2026-07-03 13:52:53,ACC00296,ACC00571,2713.44,RTGS,transfer,0,,normal
TXN005348,2026-07-03 13:59:15,ACC00141,ACC00205,2023.78,NEFT,transfer,0,,normal
TXN005349,2026-07-03 14:26:32,ACC00402,ACC00184,4974.3,RTGS,transfer,0,,normal
TXN005350,2026-07-03 14:35:58,ACC00382,ACC00560,6359.88,CASH_DEPOSIT,cash_deposit,0,,normal
TXN005351,2026-07-03 14:47:45,ACC00218,ACC00393,916.51,NEFT,transfer,0,,normal
TXN005352,2026-07-03 14:59:19,ACC00681,ACC00172,2354.88,CASH_DEPOSIT,cash_deposit,0,,normal
TXN005353,2026-07-03 15:07:02,ACC00593,ACC00671,3666.36,UPI,transfer,0,,normal
TXN005354,2026-07-03 15:08:55,ACC00066,ACC00270,11354.12,UPI,transfer,0,,normal
TXN005355,2026-07-03 15:10:52,ACC00503,ACC00442,2300.44,RTGS,transfer,0,,normal
TXN005356,2026-07-03 15:21:50,ACC00585,ACC00339,11292.02,UPI,transfer,0,,normal
TXN005357,2026-07-03 15:23:27,ACC00031,ACC00004,5204.83,NEFT,transfer,0,,normal
TXN005358,2026-07-03 15:45:15,ACC00388,ACC00030,3616.52,CASH_DEPOSIT,cash_deposit,0,,normal
TXN005359,2026-07-03 15:48:33,ACC00665,ACC00106,2226.6,NEFT,transfer,0,,normal
TXN005360,2026-07-03 15:57:11,ACC00194,ACC00216,11240.59,UPI,transfer,0,,normal
TXN005361,2026-07-03 15:58:15,ACC00689,ACC00144,558.98,IMPS,transfer,0,,normal
TXN005362,2026-07-03 16:00:26,ACC00166,ACC00232,12723.8,IMPS,transfer,0,,normal
TXN005363,2026-07-03 16:12:35,ACC00592,ACC00617,3249.1,IMPS,transfer,0,,normal
TXN005364,2026-07-03 16:35:33,ACC00013,ACC00610,2625.94,IMPS,transfer,0,,normal
TXN005365,2026-07-03 16:40:45,ACC00419,ACC00515,3972.22,CASH_DEPOSIT,cash_deposit,0,,normal
TXN005366,2026-07-03 16:44:29,ACC00592,ACC00295,4006.06,UPI,transfer,0,,normal
TXN005367,2026-07-03 16:44:59,ACC00553,ACC00635,1553.33,RTGS,transfer,0,,normal
TXN005368,2026-07-03 16:45:41,ACC00196,ACC00203,2606.77,NEFT,transfer,0,,normal
TXN005369,2026-07-03 16:49:36,ACC00194,ACC00006,2705.09,CASH_DEPOSIT,cash_deposit,0,,normal
TXN005370,2026-07-03 17:24:02,ACC00519,ACC00593,1929.09,IMPS,transfer,0,,normal
TXN005371,2026-07-03 17:27:11,ACC00331,ACC00212,13965.41,RTGS,transfer,0,,normal
TXN005372,2026-07-03 17:40:09,ACC00493,ACC00681,4732.65,RTGS,transfer,0,,normal
TXN005373,2026-07-03 18:01:01,ACC00146,ACC00103,750.8,CASH_DEPOSIT,cash_deposit,0,,normal
TXN005374,2026-07-03 18:16:34,ACC00029,ACC00633,23565.96,UPI,transfer,0,,normal
TXN005375,2026-07-03 18:33:36,ACC00237,ACC00124,3725.1,CASH_DEPOSIT,cash_deposit,0,,normal
TXN005376,2026-07-03 18:38:54,ACC00469,ACC00378,3283.54,RTGS,transfer,0,,normal
TXN005377,2026-07-03 18:42:04,ACC00322,ACC00492,4493.91,RTGS,transfer,0,,normal
TXN005378,2026-07-03 19:08:31,ACC00274,ACC00085,7194.77,CASH_DEPOSIT,cash_deposit,0,,normal
TXN005379,2026-07-03 19:13:21,ACC00322,ACC00688,4938.82,NEFT,transfer,0,,normal
TXN005380,2026-07-03 20:01:34,ACC00407,ACC00405,10563.86,IMPS,transfer,0,,normal
TXN005381,2026-07-03 20:01:57,ACC00399,ACC00575,3236.24,IMPS,transfer,0,,normal
TXN005382,2026-07-03 20:31:25,ACC00512,ACC00105,2674.21,CASH_DEPOSIT,cash_deposit,0,,normal
TXN005383,2026-07-03 20:33:51,ACC00658,ACC00516,3858.24,UPI,transfer,0,,normal
TXN005384,2026-07-03 20:41:47,ACC00174,ACC00601,4468.22,UPI,transfer,0,,normal
TXN005385,2026-07-03 20:58:03,ACC00339,ACC00677,10412.46,NEFT,transfer,0,,normal
TXN005386,2026-07-03 21:15:15,ACC00261,ACC00339,1018.44,RTGS,transfer,0,,normal
TXN005387,2026-07-03 21:15:49,ACC00611,ACC00185,10651.56,UPI,transfer,0,,normal
TXN005388,2026-07-03 21:18:58,ACC00360,ACC00225,10671.02,UPI,transfer,0,,normal
TXN005389,2026-07-03 21:25:08,ACC00659,ACC00370,2110.94,CASH_DEPOSIT,cash_deposit,0,,normal
TXN005390,2026-07-03 21:26:11,ACC00099,ACC00140,3429.59,NEFT,transfer,0,,normal
TXN005391,2026-07-03 21:39:29,ACC00315,ACC00573,3510.29,RTGS,transfer,0,,normal
TXN005392,2026-07-03 21:46:20,ACC00391,ACC00613,9451.75,IMPS,transfer,0,,normal
TXN005393,2026-07-03 22:00:38,ACC00195,ACC00352,1137.03,CASH_DEPOSIT,cash_deposit,0,,normal
TXN005394,2026-07-03 22:15:34,ACC00350,ACC00408,673.5,RTGS,transfer,0,,normal
TXN005395,2026-07-03 22:20:10,ACC00506,ACC00235,4073.58,UPI,transfer,0,,normal
TXN005396,2026-07-03 22:26:55,ACC00234,ACC00357,2475.53,CASH_DEPOSIT,cash_deposit,0,,normal
TXN005397,2026-07-03 22:38:42,ACC00689,ACC00316,1696.66,UPI,transfer,0,,normal
TXN005398,2026-07-03 23:00:34,ACC00308,ACC00162,9326.17,IMPS,transfer,0,,normal
TXN005399,2026-07-03 23:16:39,ACC00348,ACC00471,16298.31,NEFT,transfer,0,,normal
TXN005400,2026-07-03 23:23:35,ACC00675,ACC00158,307.12,UPI,transfer,0,,normal
TXN005401,2026-07-03 23:23:44,ACC00493,ACC00303,4037.42,NEFT,transfer,0,,normal
TXN005402,2026-07-03 23:35:41,ACC00389,ACC00605,1105.04,RTGS,transfer,0,,normal
TXN005403,2026-07-03 23:42:35,ACC00495,ACC00638,2368.75,UPI,transfer,0,,normal
TXN005404,2026-07-03 23:42:53,ACC00074,ACC00433,844.68,NEFT,transfer,0,,normal
TXN005405,2026-07-04 00:00:55,ACC00593,ACC00178,5825.08,RTGS,transfer,0,,normal
TXN005406,2026-07-04 00:01:55,ACC00273,ACC00533,3052.74,CASH_DEPOSIT,cash_deposit,0,,normal
TXN005407,2026-07-04 00:22:12,ACC00093,ACC00187,3608.83,CASH_DEPOSIT,cash_deposit,0,,normal
TXN005408,2026-07-04 00:23:27,ACC00621,ACC00499,781.88,UPI,transfer,0,,normal
TXN005409,2026-07-04 00:33:08,ACC00309,ACC00477,5246.11,NEFT,transfer,0,,normal
TXN005410,2026-07-04 00:34:47,ACC00188,ACC00557,887542.79,RTGS,transfer,1,LAYER006,cyclic_layering
TXN005411,2026-07-04 00:38:15,ACC00372,ACC00487,3181.33,UPI,transfer,0,,normal
TXN005412,2026-07-04 00:42:55,ACC00266,ACC00290,5793.72,NEFT,transfer,0,,normal
TXN005413,2026-07-04 00:48:52,ACC00471,ACC00483,3911.29,UPI,transfer,0,,normal
TXN005414,2026-07-04 00:49:24,ACC00599,ACC00345,5019.45,RTGS,transfer,1,DORM005,dormant_reactivation
TXN005415,2026-07-04 00:57:34,ACC00141,ACC00286,2540.48,NEFT,transfer,0,,normal
TXN005416,2026-07-04 01:06:42,ACC00594,ACC00374,1461.9,NEFT,transfer,0,,normal
TXN005417,2026-07-04 01:07:00,ACC00592,ACC00234,5154.84,IMPS,transfer,0,,normal
TXN005418,2026-07-04 01:10:17,ACC00127,ACC00105,7821.46,UPI,transfer,0,,normal
TXN005419,2026-07-04 01:20:25,ACC00073,ACC00241,7617.03,NEFT,transfer,0,,normal
TXN005420,2026-07-04 01:24:04,ACC00081,ACC00228,3284.02,CASH_DEPOSIT,cash_deposit,0,,normal
TXN005421,2026-07-04 01:32:20,ACC00519,ACC00511,4306.04,NEFT,transfer,0,,normal
TXN005422,2026-07-04 01:41:28,ACC00281,ACC00255,2648.33,RTGS,transfer,0,,normal
TXN005423,2026-07-04 01:52:07,ACC00400,ACC00391,906.88,RTGS,transfer,0,,normal
TXN005424,2026-07-04 02:01:41,ACC00269,ACC00422,2668.86,RTGS,transfer,0,,normal
TXN005425,2026-07-04 02:30:38,ACC00101,ACC00213,1284.76,NEFT,transfer,0,,normal
TXN005426,2026-07-04 02:51:16,ACC00611,ACC00295,2997.8,CASH_DEPOSIT,cash_deposit,0,,normal
TXN005427,2026-07-04 02:58:22,ACC00384,ACC00434,4876.98,IMPS,transfer,0,,normal
TXN005428,2026-07-04 03:15:05,ACC00657,ACC00679,2916.84,RTGS,transfer,0,,normal
TXN005429,2026-07-04 03:23:15,ACC00523,ACC00454,654.84,RTGS,transfer,0,,normal
TXN005430,2026-07-04 03:28:57,ACC00409,ACC00426,4403.5,NEFT,transfer,0,,normal
TXN005431,2026-07-04 03:29:56,ACC00018,ACC00634,1094.14,NEFT,transfer,0,,normal
TXN005432,2026-07-04 03:44:09,ACC00240,ACC00047,2577.34,IMPS,transfer,0,,normal
TXN005433,2026-07-04 03:44:12,ACC00452,ACC00070,3230.19,RTGS,transfer,0,,normal
TXN005434,2026-07-04 03:46:51,ACC00671,ACC00296,10516.09,NEFT,transfer,0,,normal
TXN005435,2026-07-04 03:56:13,ACC00636,ACC00344,8432.22,NEFT,transfer,0,,normal
TXN005436,2026-07-04 03:56:43,ACC00100,ACC00104,2533.18,IMPS,transfer,0,,normal
TXN005437,2026-07-04 04:10:08,ACC00437,ACC00209,9038.49,NEFT,transfer,0,,normal
TXN005438,2026-07-04 04:15:36,ACC00398,ACC00087,5891.91,IMPS,transfer,0,,normal
TXN005439,2026-07-04 04:29:00,ACC00437,ACC00599,4095.41,RTGS,transfer,0,,normal
TXN005440,2026-07-04 04:30:53,ACC00090,ACC00496,1779.34,NEFT,transfer,0,,normal
TXN005441,2026-07-04 04:31:22,ACC00026,ACC00090,2686.27,IMPS,transfer,0,,normal
TXN005442,2026-07-04 04:32:08,ACC00509,ACC00569,2779.73,IMPS,transfer,0,,normal
TXN005443,2026-07-04 05:12:39,ACC00482,ACC00036,3795.12,RTGS,transfer,0,,normal
TXN005444,2026-07-04 05:19:13,ACC00420,ACC00568,2808.22,NEFT,transfer,0,,normal
TXN005445,2026-07-04 05:25:58,ACC00454,ACC00254,25554.03,RTGS,transfer,0,,normal
TXN005446,2026-07-04 05:28:04,ACC00537,ACC00645,3028.96,RTGS,transfer,0,,normal
TXN005447,2026-07-04 05:38:54,ACC00563,ACC00292,5877.02,CASH_DEPOSIT,cash_deposit,0,,normal
TXN005448,2026-07-04 05:43:36,ACC00524,ACC00058,3717.76,RTGS,transfer,0,,normal
TXN005449,2026-07-04 05:46:43,ACC00235,ACC00103,1087.99,CASH_DEPOSIT,cash_deposit,0,,normal
TXN005450,2026-07-04 05:54:14,ACC00400,ACC00458,494.47,RTGS,transfer,0,,normal
TXN005451,2026-07-04 05:58:03,ACC00379,ACC00320,1307.78,CASH_DEPOSIT,cash_deposit,0,,normal
TXN005452,2026-07-04 06:05:00,ACC00024,ACC00232,457.7,CASH_DEPOSIT,cash_deposit,0,,normal
TXN005453,2026-07-04 06:07:59,ACC00031,ACC00589,2261.77,IMPS,transfer,0,,normal
TXN005454,2026-07-04 06:08:51,ACC00084,ACC00345,6761.85,NEFT,transfer,1,DORM005,dormant_reactivation
TXN005455,2026-07-04 06:29:13,ACC00460,ACC00345,3737.98,NEFT,transfer,1,DORM005,dormant_reactivation
TXN005456,2026-07-04 06:59:59,ACC00082,ACC00378,1048.37,CASH_DEPOSIT,cash_deposit,0,,normal
TXN005457,2026-07-04 07:09:59,ACC00317,ACC00003,4842.84,CASH_DEPOSIT,cash_deposit,0,,normal
TXN005458,2026-07-04 07:10:26,ACC00031,ACC00092,36477.56,IMPS,transfer,0,,normal
TXN005459,2026-07-04 07:25:25,ACC00164,ACC00230,2310.13,IMPS,transfer,0,,normal
TXN005460,2026-07-04 07:31:32,ACC00085,ACC00187,16082.96,IMPS,transfer,0,,normal
TXN005461,2026-07-04 07:50:46,ACC00472,ACC00173,2924.72,IMPS,transfer,0,,normal
TXN005462,2026-07-04 08:02:45,ACC00614,ACC00148,847.88,RTGS,transfer,0,,normal
TXN005463,2026-07-04 08:04:21,ACC00675,ACC00103,6828.22,IMPS,transfer,0,,normal
TXN005464,2026-07-04 08:24:29,ACC00130,ACC00674,4125.62,CASH_DEPOSIT,cash_deposit,0,,normal
TXN005465,2026-07-04 08:27:33,ACC00027,ACC00167,1351.33,UPI,transfer,0,,normal
TXN005466,2026-07-04 08:39:56,ACC00486,ACC00418,7367.58,UPI,transfer,0,,normal
TXN005467,2026-07-04 08:42:56,ACC00431,ACC00617,1897.72,NEFT,transfer,0,,normal
TXN005468,2026-07-04 08:42:57,ACC00154,ACC00130,6847.51,UPI,transfer,0,,normal
TXN005469,2026-07-04 08:51:44,ACC00366,ACC00329,607.32,IMPS,transfer,0,,normal
TXN005470,2026-07-04 08:59:20,ACC00514,ACC00374,1099.7,UPI,transfer,0,,normal
TXN005471,2026-07-04 09:01:56,ACC00433,ACC00645,318.37,IMPS,transfer,0,,normal
TXN005472,2026-07-04 09:02:34,ACC00324,ACC00345,12963.51,UPI,transfer,1,DORM005,dormant_reactivation
TXN005473,2026-07-04 09:03:53,ACC00407,ACC00545,4002.81,RTGS,transfer,0,,normal
TXN005474,2026-07-04 09:14:53,ACC00542,ACC00358,20361.87,RTGS,transfer,0,,normal
TXN005475,2026-07-04 09:23:30,ACC00216,ACC00592,1804.67,NEFT,transfer,0,,normal
TXN005476,2026-07-04 09:25:30,ACC00140,ACC00162,3839.46,RTGS,transfer,0,,normal
TXN005477,2026-07-04 09:41:01,ACC00601,ACC00331,5112.98,CASH_DEPOSIT,cash_deposit,0,,normal
TXN005478,2026-07-04 09:43:31,ACC00205,ACC00584,3661.56,IMPS,transfer,0,,normal
TXN005479,2026-07-04 09:50:59,ACC00367,ACC00633,7445.99,RTGS,transfer,0,,normal
TXN005480,2026-07-04 09:52:46,ACC00410,ACC00514,1561.87,RTGS,transfer,0,,normal
TXN005481,2026-07-04 09:52:57,ACC00024,ACC00129,2678.96,UPI,transfer,0,,normal
TXN005482,2026-07-04 10:02:11,ACC00535,ACC00526,2671.28,RTGS,transfer,0,,normal
TXN005483,2026-07-04 10:06:40,ACC00601,ACC00275,4121.18,NEFT,transfer,0,,normal
TXN005484,2026-07-04 10:14:28,ACC00603,ACC00560,5339.57,IMPS,transfer,0,,normal
TXN005485,2026-07-04 10:24:50,ACC00460,ACC00144,473.69,RTGS,transfer,0,,normal
TXN005486,2026-07-04 10:36:34,ACC00619,ACC00225,4141.0,RTGS,transfer,0,,normal
TXN005487,2026-07-04 10:37:26,ACC00481,ACC00588,10216.88,NEFT,transfer,0,,normal
TXN005488,2026-07-04 10:43:36,ACC00315,ACC00310,43982.02,UPI,transfer,0,,normal
TXN005489,2026-07-04 10:48:04,ACC00047,ACC00341,1816.58,CASH_DEPOSIT,cash_deposit,0,,normal
TXN005490,2026-07-04 10:48:40,ACC00095,ACC00504,2966.25,RTGS,transfer,0,,normal
TXN005491,2026-07-04 11:08:36,ACC00109,ACC00556,7802.46,UPI,transfer,0,,normal
TXN005492,2026-07-04 11:20:29,ACC00692,ACC00345,9869.32,NEFT,transfer,1,DORM005,dormant_reactivation
TXN005493,2026-07-04 11:35:15,ACC00178,ACC00121,2967.88,IMPS,transfer,0,,normal
TXN005494,2026-07-04 12:14:04,ACC00003,ACC00290,5576.23,CASH_DEPOSIT,cash_deposit,0,,normal
TXN005495,2026-07-04 12:15:20,ACC00042,ACC00482,11474.15,RTGS,transfer,0,,normal
TXN005496,2026-07-04 12:17:51,ACC00540,ACC00141,9554.21,CASH_DEPOSIT,cash_deposit,0,,normal
TXN005497,2026-07-04 12:19:12,ACC00223,ACC00140,1896.23,RTGS,transfer,0,,normal
TXN005498,2026-07-04 12:54:02,ACC00593,ACC00382,9374.02,RTGS,transfer,0,,normal
TXN005499,2026-07-04 12:55:29,ACC00121,ACC00685,2696.91,UPI,transfer,0,,normal
TXN005500,2026-07-04 13:10:03,ACC00339,ACC00167,2891.23,IMPS,transfer,0,,normal
TXN005501,2026-07-04 13:21:32,ACC00430,ACC00602,38511.56,RTGS,transfer,0,,normal
TXN005502,2026-07-04 13:39:53,ACC00564,ACC00555,2075.47,RTGS,transfer,0,,normal
TXN005503,2026-07-04 13:41:29,ACC00099,ACC00052,15154.38,RTGS,transfer,0,,normal
TXN005504,2026-07-04 14:04:32,ACC00258,ACC00345,5759.89,CASH_DEPOSIT,transfer,1,DORM005,dormant_reactivation
TXN005505,2026-07-04 14:12:34,ACC00304,ACC00576,1042.31,NEFT,transfer,0,,normal
TXN005506,2026-07-04 14:16:52,ACC00394,ACC00076,6449.75,IMPS,transfer,0,,normal
TXN005507,2026-07-04 14:19:11,ACC00237,ACC00313,10570.59,NEFT,transfer,0,,normal
TXN005508,2026-07-04 14:36:35,ACC00422,ACC00345,7514.22,CASH_DEPOSIT,transfer,1,DORM005,dormant_reactivation
TXN005509,2026-07-04 14:39:16,ACC00354,ACC00247,2872.38,CASH_DEPOSIT,cash_deposit,0,,normal
TXN005510,2026-07-04 14:44:02,ACC00320,ACC00391,5372.87,NEFT,transfer,0,,normal
TXN005511,2026-07-04 14:51:48,ACC00312,ACC00030,3699.13,IMPS,transfer,0,,normal
TXN005512,2026-07-04 15:03:05,ACC00126,ACC00144,8613.04,RTGS,transfer,0,,normal
TXN005513,2026-07-04 15:08:51,ACC00337,ACC00039,20177.08,UPI,transfer,0,,normal
TXN005514,2026-07-04 15:28:35,ACC00365,ACC00327,3606.82,RTGS,transfer,0,,normal
TXN005515,2026-07-04 15:31:29,ACC00454,ACC00154,1855.2,CASH_DEPOSIT,cash_deposit,0,,normal
TXN005516,2026-07-04 15:57:53,ACC00347,ACC00214,3826.4,RTGS,transfer,0,,normal
TXN005517,2026-07-04 16:12:07,ACC00628,ACC00272,7964.19,UPI,transfer,1,DORM011,dormant_reactivation
TXN005518,2026-07-04 16:19:00,ACC00248,ACC00312,1415.6,UPI,transfer,0,,normal
TXN005519,2026-07-04 16:29:41,ACC00124,ACC00501,1040.27,NEFT,transfer,0,,normal
TXN005520,2026-07-04 16:33:59,ACC00369,ACC00212,10213.08,RTGS,transfer,0,,normal
TXN005521,2026-07-04 16:40:13,ACC00318,ACC00448,4642.7,UPI,transfer,0,,normal
TXN005522,2026-07-04 16:42:42,ACC00234,ACC00345,12121.82,IMPS,transfer,1,DORM005,dormant_reactivation
TXN005523,2026-07-04 17:10:45,ACC00135,ACC00538,2290.09,NEFT,transfer,0,,normal
TXN005524,2026-07-04 17:16:07,ACC00340,ACC00370,1987.76,CASH_DEPOSIT,cash_deposit,0,,normal
TXN005525,2026-07-04 17:16:19,ACC00614,ACC00521,23176.39,UPI,transfer,0,,normal
TXN005526,2026-07-04 17:24:48,ACC00537,ACC00234,3079.95,UPI,transfer,0,,normal
TXN005527,2026-07-04 17:39:47,ACC00415,ACC00398,5040.58,CASH_DEPOSIT,cash_deposit,0,,normal
TXN005528,2026-07-04 17:53:37,ACC00564,ACC00084,2884.06,CASH_DEPOSIT,cash_deposit,0,,normal
TXN005529,2026-07-04 18:19:55,ACC00663,ACC00074,7199.35,RTGS,transfer,0,,normal
TXN005530,2026-07-04 18:20:41,ACC00426,ACC00508,1097.18,CASH_DEPOSIT,cash_deposit,0,,normal
TXN005531,2026-07-04 18:23:11,ACC00352,ACC00066,7861.1,NEFT,transfer,0,,normal
TXN005532,2026-07-04 18:48:48,ACC00467,ACC00323,6972.39,IMPS,transfer,0,,normal
TXN005533,2026-07-04 18:49:28,ACC00221,ACC00455,3154.46,RTGS,transfer,0,,normal
TXN005534,2026-07-04 19:07:00,ACC00364,ACC00229,2821.93,NEFT,transfer,0,,normal
TXN005535,2026-07-04 19:12:41,ACC00263,ACC00328,10617.98,UPI,transfer,0,,normal
TXN005536,2026-07-04 19:13:14,ACC00657,ACC00322,10746.32,UPI,transfer,0,,normal
TXN005537,2026-07-04 19:19:03,ACC00444,ACC00698,1846.66,CASH_DEPOSIT,cash_deposit,0,,normal
TXN005538,2026-07-04 19:20:38,ACC00049,ACC00689,5922.6,IMPS,transfer,0,,normal
TXN005539,2026-07-04 19:43:56,ACC00012,ACC00024,494.81,CASH_DEPOSIT,cash_deposit,0,,normal
TXN005540,2026-07-04 19:46:33,ACC00347,ACC00116,1236.79,IMPS,transfer,0,,normal
TXN005541,2026-07-04 19:53:01,ACC00037,ACC00650,3681.23,RTGS,transfer,0,,normal
TXN005542,2026-07-04 19:54:02,ACC00530,ACC00345,12677.88,IMPS,transfer,1,DORM005,dormant_reactivation
TXN005543,2026-07-04 19:59:18,ACC00372,ACC00423,3316.85,NEFT,transfer,0,,normal
TXN005544,2026-07-04 19:59:21,ACC00166,ACC00533,5871.57,RTGS,transfer,0,,normal
TXN005545,2026-07-04 20:05:38,ACC00309,ACC00110,8656.89,UPI,transfer,0,,normal
TXN005546,2026-07-04 20:19:57,ACC00269,ACC00300,6130.53,NEFT,transfer,0,,normal
TXN005547,2026-07-04 20:26:19,ACC00326,ACC00104,1384.1,RTGS,transfer,0,,normal
TXN005548,2026-07-04 20:34:17,ACC00450,ACC00457,1137.05,CASH_DEPOSIT,cash_deposit,0,,normal
TXN005549,2026-07-04 20:56:40,ACC00345,ACC00469,10061.32,NEFT,transfer,1,DORM005,dormant_reactivation
TXN005550,2026-07-04 21:14:58,ACC00128,ACC00555,1690.87,UPI,transfer,0,,normal
TXN005551,2026-07-04 21:15:28,ACC00628,ACC00593,8787.68,RTGS,transfer,1,DORM011,dormant_reactivation
TXN005552,2026-07-04 21:23:37,ACC00081,ACC00513,1908.12,UPI,transfer,0,,normal
TXN005553,2026-07-04 21:28:02,ACC00628,ACC00137,20151.89,NEFT,transfer,1,DORM011,dormant_reactivation
TXN005554,2026-07-04 21:35:39,ACC00321,ACC00327,3653.08,RTGS,transfer,0,,normal
TXN005555,2026-07-04 21:40:35,ACC00092,ACC00195,5396.0,RTGS,transfer,0,,normal
TXN005556,2026-07-04 21:44:15,ACC00501,ACC00686,9768.25,IMPS,transfer,0,,normal
TXN005557,2026-07-04 21:45:55,ACC00204,ACC00683,2854.54,IMPS,transfer,0,,normal
TXN005558,2026-07-04 21:48:59,ACC00032,ACC00345,18867.04,RTGS,transfer,1,DORM005,dormant_reactivation
TXN005559,2026-07-04 22:02:48,ACC00580,ACC00043,5589.34,UPI,transfer,0,,normal
TXN005560,2026-07-04 22:03:08,ACC00199,ACC00676,5509.58,CASH_DEPOSIT,cash_deposit,0,,normal
TXN005561,2026-07-04 22:03:44,ACC00205,ACC00274,2088.34,NEFT,transfer,0,,normal
TXN005562,2026-07-04 22:06:04,ACC00321,ACC00135,3205.12,NEFT,transfer,0,,normal
TXN005563,2026-07-04 22:07:05,ACC00175,ACC00524,1561.0,RTGS,transfer,0,,normal
TXN005564,2026-07-04 22:26:58,ACC00396,ACC00449,6926.77,RTGS,transfer,0,,normal
TXN005565,2026-07-04 22:41:38,ACC00235,ACC00628,9218.7,NEFT,transfer,1,DORM011,dormant_reactivation
TXN005566,2026-07-04 22:45:10,ACC00561,ACC00043,76087.91,CASH_DEPOSIT,cash_deposit,0,,normal
TXN005567,2026-07-04 22:46:10,ACC00466,ACC00389,1432.71,RTGS,transfer,0,,normal
TXN005568,2026-07-04 22:46:42,ACC00345,ACC00432,2363.52,IMPS,transfer,1,DORM005,dormant_reactivation
TXN005569,2026-07-04 23:03:53,ACC00021,ACC00016,3928.66,IMPS,transfer,0,,normal
TXN005570,2026-07-04 23:07:12,ACC00317,ACC00243,5031.78,CASH_DEPOSIT,cash_deposit,0,,normal
TXN005571,2026-07-04 23:09:53,ACC00353,ACC00408,4935.56,UPI,transfer,0,,normal
TXN005572,2026-07-04 23:14:35,ACC00579,ACC00345,5742.83,NEFT,transfer,1,DORM005,dormant_reactivation
TXN005573,2026-07-04 23:18:15,ACC00681,ACC00169,2118.05,NEFT,transfer,0,,normal
TXN005574,2026-07-04 23:19:50,ACC00532,ACC00578,1962.43,UPI,transfer,0,,normal
TXN005575,2026-07-04 23:30:10,ACC00436,ACC00548,16806.02,CASH_DEPOSIT,cash_deposit,0,,normal
TXN005576,2026-07-04 23:40:19,ACC00383,ACC00260,3967.18,UPI,transfer,0,,normal
TXN005577,2026-07-04 23:42:50,ACC00699,ACC00636,2541.43,RTGS,transfer,0,,normal
TXN005578,2026-07-04 23:45:01,ACC00308,ACC00137,21244.5,NEFT,transfer,0,,normal
TXN005579,2026-07-05 00:13:25,ACC00420,ACC00478,10901.24,UPI,transfer,0,,normal
TXN005580,2026-07-05 00:26:08,ACC00331,ACC00057,15573.11,CASH_DEPOSIT,cash_deposit,0,,normal
TXN005581,2026-07-05 00:33:52,ACC00225,ACC00450,9211.82,CASH_DEPOSIT,cash_deposit,0,,normal
TXN005582,2026-07-05 00:44:54,ACC00539,ACC00117,3033.03,NEFT,transfer,0,,normal
TXN005583,2026-07-05 00:44:59,ACC00031,ACC00102,3666.86,RTGS,transfer,0,,normal
TXN005584,2026-07-05 01:37:01,ACC00328,ACC00666,1408.4,NEFT,transfer,0,,normal
TXN005585,2026-07-05 01:42:53,ACC00082,ACC00455,14549.0,UPI,transfer,0,,normal
TXN005586,2026-07-05 01:43:34,ACC00468,ACC00417,2282.95,IMPS,transfer,0,,normal
TXN005587,2026-07-05 01:52:59,ACC00679,ACC00150,4349.9,IMPS,transfer,0,,normal
TXN005588,2026-07-05 01:57:57,ACC00160,ACC00113,5199.53,IMPS,transfer,0,,normal
TXN005589,2026-07-05 02:11:21,ACC00238,ACC00548,3025.18,UPI,transfer,0,,normal
TXN005590,2026-07-05 02:26:53,ACC00217,ACC00417,1332.13,NEFT,transfer,0,,normal
TXN005591,2026-07-05 02:37:53,ACC00616,ACC00366,3780.86,NEFT,transfer,0,,normal
TXN005592,2026-07-05 02:40:46,ACC00638,ACC00489,8465.29,IMPS,transfer,0,,normal
TXN005593,2026-07-05 02:43:33,ACC00068,ACC00605,5820.56,RTGS,transfer,0,,normal
TXN005594,2026-07-05 02:49:52,ACC00700,ACC00546,948.35,RTGS,transfer,0,,normal
TXN005595,2026-07-05 02:50:01,ACC00087,ACC00138,14807.81,CASH_DEPOSIT,cash_deposit,0,,normal
TXN005596,2026-07-05 03:02:20,ACC00604,ACC00251,14565.3,NEFT,transfer,0,,normal
TXN005597,2026-07-05 03:14:22,ACC00170,ACC00077,2408.64,NEFT,transfer,0,,normal
TXN005598,2026-07-05 03:16:17,ACC00356,ACC00578,23245.35,IMPS,transfer,0,,normal
TXN005599,2026-07-05 03:24:29,ACC00631,ACC00692,6914.95,CASH_DEPOSIT,cash_deposit,0,,normal
TXN005600,2026-07-05 03:32:00,ACC00515,ACC00221,13862.32,NEFT,transfer,0,,normal
TXN005601,2026-07-05 03:39:26,ACC00025,ACC00524,5261.43,CASH_DEPOSIT,cash_deposit,0,,normal
TXN005602,2026-07-05 03:58:42,ACC00382,ACC00530,1866.56,UPI,transfer,0,,normal
TXN005603,2026-07-05 04:00:20,ACC00170,ACC00449,4194.02,RTGS,transfer,0,,normal
TXN005604,2026-07-05 04:09:54,ACC00124,ACC00652,615.01,UPI,transfer,0,,normal
TXN005605,2026-07-05 04:12:15,ACC00335,ACC00687,3683.23,UPI,transfer,0,,normal
TXN005606,2026-07-05 04:18:06,ACC00469,ACC00580,11687.61,CASH_DEPOSIT,cash_deposit,0,,normal
TXN005607,2026-07-05 04:20:23,ACC00331,ACC00336,9193.6,RTGS,transfer,0,,normal
TXN005608,2026-07-05 04:50:49,ACC00253,ACC00502,7086.52,UPI,transfer,0,,normal
TXN005609,2026-07-05 04:53:38,ACC00119,ACC00542,1604.73,NEFT,transfer,0,,normal
TXN005610,2026-07-05 05:00:52,ACC00592,ACC00596,423680.22,NEFT,transfer,1,LAYER004,cyclic_layering
TXN005611,2026-07-05 05:04:15,ACC00401,ACC00026,744.78,RTGS,transfer,0,,normal
TXN005612,2026-07-05 05:18:54,ACC00175,ACC00696,2897.75,NEFT,transfer,0,,normal
TXN005613,2026-07-05 05:23:24,ACC00315,ACC00602,1034.81,IMPS,transfer,0,,normal
TXN005614,2026-07-05 05:25:53,ACC00630,ACC00220,3453.53,UPI,transfer,0,,normal
TXN005615,2026-07-05 05:28:16,ACC00130,ACC00531,7614.17,UPI,transfer,0,,normal
TXN005616,2026-07-05 05:28:35,ACC00345,ACC00188,14929.92,NEFT,transfer,1,DORM005,dormant_reactivation
TXN005617,2026-07-05 05:39:41,ACC00223,ACC00628,9788.69,UPI,transfer,1,DORM011,dormant_reactivation
TXN005618,2026-07-05 05:43:27,ACC00609,ACC00455,6297.21,NEFT,transfer,0,,normal
TXN005619,2026-07-05 05:47:27,ACC00154,ACC00248,6317.27,NEFT,transfer,0,,normal
TXN005620,2026-07-05 05:49:08,ACC00322,ACC00345,5560.68,UPI,transfer,1,DORM005,dormant_reactivation
TXN005621,2026-07-05 06:02:34,ACC00499,ACC00144,2260.81,RTGS,transfer,0,,normal
TXN005622,2026-07-05 06:04:35,ACC00671,ACC00552,5058.65,NEFT,transfer,0,,normal
TXN005623,2026-07-05 06:17:42,ACC00359,ACC00278,1187.32,NEFT,transfer,0,,normal
TXN005624,2026-07-05 06:19:14,ACC00092,ACC00349,9245.56,UPI,transfer,0,,normal
TXN005625,2026-07-05 06:30:47,ACC00460,ACC00183,7330.77,UPI,transfer,0,,normal
TXN005626,2026-07-05 06:39:59,ACC00535,ACC00194,3715.87,UPI,transfer,0,,normal
TXN005627,2026-07-05 06:50:33,ACC00536,ACC00581,12280.49,RTGS,transfer,0,,normal
TXN005628,2026-07-05 07:16:14,ACC00163,ACC00535,2771.06,IMPS,transfer,0,,normal
TXN005629,2026-07-05 07:16:40,ACC00667,ACC00205,2287.5,NEFT,transfer,0,,normal
TXN005630,2026-07-05 07:31:59,ACC00314,ACC00248,1080.53,IMPS,transfer,0,,normal
TXN005631,2026-07-05 07:32:38,ACC00274,ACC00186,4689.46,IMPS,transfer,0,,normal
TXN005632,2026-07-05 07:34:12,ACC00072,ACC00146,11468.82,UPI,transfer,0,,normal
TXN005633,2026-07-05 07:35:45,ACC00282,ACC00325,2178.57,CASH_DEPOSIT,cash_deposit,0,,normal
TXN005634,2026-07-05 07:36:22,ACC00550,ACC00002,2044.59,IMPS,transfer,0,,normal
TXN005635,2026-07-05 07:39:12,ACC00628,ACC00623,2683.42,CASH_DEPOSIT,transfer,1,DORM011,dormant_reactivation
TXN005636,2026-07-05 07:43:35,ACC00374,ACC00050,809.12,IMPS,transfer,0,,normal
TXN005637,2026-07-05 07:46:46,ACC00222,ACC00628,11662.87,UPI,transfer,1,DORM011,dormant_reactivation
TXN005638,2026-07-05 08:11:16,ACC00572,ACC00426,1721.83,CASH_DEPOSIT,cash_deposit,0,,normal
TXN005639,2026-07-05 08:13:47,ACC00439,ACC00340,4568.66,RTGS,transfer,0,,normal
TXN005640,2026-07-05 08:19:01,ACC00592,ACC00667,10333.71,RTGS,transfer,0,,normal
TXN005641,2026-07-05 08:26:29,ACC00480,ACC00005,2709.35,IMPS,transfer,0,,normal
TXN005642,2026-07-05 08:42:27,ACC00456,ACC00369,5259.27,UPI,transfer,0,,normal
TXN005643,2026-07-05 08:54:39,ACC00107,ACC00509,6777.92,CASH_DEPOSIT,cash_deposit,0,,normal
TXN005644,2026-07-05 08:58:45,ACC00311,ACC00454,3816.28,NEFT,transfer,0,,normal
TXN005645,2026-07-05 09:07:08,ACC00696,ACC00398,5962.59,UPI,transfer,0,,normal
TXN005646,2026-07-05 09:11:08,ACC00301,ACC00055,2971.76,RTGS,transfer,0,,normal
TXN005647,2026-07-05 09:28:25,ACC00423,ACC00228,12679.15,IMPS,transfer,0,,normal
TXN005648,2026-07-05 10:03:36,ACC00552,ACC00022,4873.82,UPI,transfer,0,,normal
TXN005649,2026-07-05 10:10:21,ACC00391,ACC00352,2028.71,RTGS,transfer,0,,normal
TXN005650,2026-07-05 10:19:10,ACC00591,ACC00360,2237.45,UPI,transfer,0,,normal
TXN005651,2026-07-05 10:21:03,ACC00593,ACC00324,2781.76,IMPS,transfer,0,,normal
TXN005652,2026-07-05 10:22:08,ACC00208,ACC00246,687.69,RTGS,transfer,0,,normal
TXN005653,2026-07-05 10:22:37,ACC00135,ACC00332,2272.51,UPI,transfer,0,,normal
TXN005654,2026-07-05 10:24:01,ACC00475,ACC00249,4512.92,IMPS,transfer,0,,normal
TXN005655,2026-07-05 10:25:27,ACC00062,ACC00635,7286.09,RTGS,transfer,0,,normal
TXN005656,2026-07-05 10:25:37,ACC00434,ACC00611,3457.66,CASH_DEPOSIT,cash_deposit,0,,normal
TXN005657,2026-07-05 10:27:34,ACC00413,ACC00528,8602.18,NEFT,transfer,0,,normal
TXN005658,2026-07-05 10:33:21,ACC00161,ACC00567,49500.0,IMPS,transfer,1,STRUCT012,structuring
TXN005659,2026-07-05 10:55:43,ACC00518,ACC00509,1182.23,RTGS,transfer,0,,normal
TXN005660,2026-07-05 10:59:27,ACC00538,ACC00490,2344.34,UPI,transfer,0,,normal
TXN005661,2026-07-05 11:19:42,ACC00291,ACC00570,12589.55,RTGS,transfer,0,,normal
TXN005662,2026-07-05 11:25:23,ACC00645,ACC00422,14407.42,NEFT,transfer,0,,normal
TXN005663,2026-07-05 11:47:22,ACC00148,ACC00146,1897.76,CASH_DEPOSIT,cash_deposit,0,,normal
TXN005664,2026-07-05 11:52:05,ACC00161,ACC00063,49500.0,IMPS,transfer,1,STRUCT012,structuring
TXN005665,2026-07-05 11:55:01,ACC00095,ACC00026,1724.92,NEFT,transfer,0,,normal
TXN005666,2026-07-05 11:56:02,ACC00378,ACC00079,2994.65,NEFT,transfer,0,,normal
TXN005667,2026-07-05 12:10:07,ACC00037,ACC00021,3085.69,CASH_DEPOSIT,cash_deposit,0,,normal
TXN005668,2026-07-05 12:19:07,ACC00663,ACC00203,1068.66,CASH_DEPOSIT,cash_deposit,0,,normal
TXN005669,2026-07-05 12:20:03,ACC00131,ACC00135,6103.62,NEFT,transfer,0,,normal
TXN005670,2026-07-05 12:21:44,ACC00591,ACC00042,2894.42,CASH_DEPOSIT,cash_deposit,0,,normal
TXN005671,2026-07-05 12:24:52,ACC00430,ACC00204,3435.03,IMPS,transfer,0,,normal
TXN005672,2026-07-05 12:27:38,ACC00292,ACC00663,1026.46,UPI,transfer,0,,normal
TXN005673,2026-07-05 12:29:28,ACC00161,ACC00089,1584.71,CASH_DEPOSIT,cash_deposit,0,,normal
TXN005674,2026-07-05 12:34:26,ACC00696,ACC00497,12705.6,NEFT,transfer,0,,normal
TXN005675,2026-07-05 12:40:26,ACC00344,ACC00002,6259.82,NEFT,transfer,0,,normal
TXN005676,2026-07-05 12:41:09,ACC00113,ACC00599,8585.75,NEFT,transfer,0,,normal
TXN005677,2026-07-05 12:43:29,ACC00019,ACC00691,3084.48,NEFT,transfer,0,,normal
TXN005678,2026-07-05 12:44:28,ACC00602,ACC00466,853.71,NEFT,transfer,0,,normal
TXN005679,2026-07-05 12:48:38,ACC00527,ACC00321,3621.49,RTGS,transfer,0,,normal
TXN005680,2026-07-05 12:52:57,ACC00423,ACC00508,49500.0,IMPS,transfer,1,STRUCT008,structuring
TXN005681,2026-07-05 13:12:47,ACC00587,ACC00251,7196.35,CASH_DEPOSIT,cash_deposit,0,,normal
TXN005682,2026-07-05 13:13:56,ACC00123,ACC00628,9285.57,UPI,transfer,1,DORM011,dormant_reactivation
TXN005683,2026-07-05 13:33:59,ACC00262,ACC00523,7695.18,CASH_DEPOSIT,cash_deposit,0,,normal
TXN005684,2026-07-05 13:52:44,ACC00512,ACC00288,504.46,NEFT,transfer,0,,normal
TXN005685,2026-07-05 13:53:16,ACC00247,ACC00062,1327.69,NEFT,transfer,0,,normal
TXN005686,2026-07-05 14:02:48,ACC00137,ACC00112,1619.47,UPI,transfer,0,,normal
TXN005687,2026-07-05 14:08:25,ACC00015,ACC00330,2637.99,UPI,transfer,0,,normal
TXN005688,2026-07-05 14:12:28,ACC00219,ACC00644,5541.41,CASH_DEPOSIT,cash_deposit,0,,normal
TXN005689,2026-07-05 14:13:06,ACC00161,ACC00461,49500.0,IMPS,transfer,1,STRUCT012,structuring
TXN005690,2026-07-05 14:17:20,ACC00454,ACC00668,960.03,IMPS,transfer,0,,normal
TXN005691,2026-07-05 14:24:18,ACC00513,ACC00426,3926.43,IMPS,transfer,0,,normal
TXN005692,2026-07-05 14:28:15,ACC00438,ACC00362,10603.53,NEFT,transfer,0,,normal
TXN005693,2026-07-05 14:39:13,ACC00112,ACC00087,12732.02,IMPS,transfer,0,,normal
TXN005694,2026-07-05 14:52:12,ACC00470,ACC00504,9354.7,NEFT,transfer,0,,normal
TXN005695,2026-07-05 14:56:55,ACC00147,ACC00276,422.94,RTGS,transfer,0,,normal
TXN005696,2026-07-05 15:00:32,ACC00262,ACC00514,1429.1,RTGS,transfer,0,,normal
TXN005697,2026-07-05 15:07:09,ACC00449,ACC00408,4089.87,NEFT,transfer,0,,normal
TXN005698,2026-07-05 15:20:46,ACC00268,ACC00112,1744.26,IMPS,transfer,0,,normal
TXN005699,2026-07-05 15:22:36,ACC00423,ACC00665,49500.0,UPI,transfer,1,STRUCT008,structuring
TXN005700,2026-07-05 15:26:27,ACC00476,ACC00578,5524.05,CASH_DEPOSIT,cash_deposit,0,,normal
TXN005701,2026-07-05 15:46:08,ACC00432,ACC00130,4034.24,RTGS,transfer,0,,normal
TXN005702,2026-07-05 15:47:57,ACC00533,ACC00107,2939.44,CASH_DEPOSIT,cash_deposit,0,,normal
TXN005703,2026-07-05 15:55:14,ACC00149,ACC00184,2641.21,NEFT,transfer,0,,normal
TXN005704,2026-07-05 15:55:15,ACC00211,ACC00286,4897.88,UPI,transfer,0,,normal
TXN005705,2026-07-05 15:58:06,ACC00371,ACC00638,53462.36,UPI,transfer,0,,normal
TXN005706,2026-07-05 16:00:31,ACC00512,ACC00308,2196.89,IMPS,transfer,0,,normal
TXN005707,2026-07-05 16:03:47,ACC00485,ACC00221,1441.11,IMPS,transfer,0,,normal
TXN005708,2026-07-05 16:09:20,ACC00527,ACC00199,618.92,UPI,transfer,0,,normal
TXN005709,2026-07-05 16:28:11,ACC00192,ACC00628,7854.38,UPI,transfer,1,DORM011,dormant_reactivation
TXN005710,2026-07-05 16:36:41,ACC00291,ACC00290,10824.93,RTGS,transfer,0,,normal
TXN005711,2026-07-05 16:48:21,ACC00463,ACC00588,4639.04,IMPS,transfer,0,,normal
TXN005712,2026-07-05 16:52:29,ACC00085,ACC00556,4651.82,NEFT,transfer,0,,normal
TXN005713,2026-07-05 17:04:11,ACC00423,ACC00447,49500.0,IMPS,transfer,1,STRUCT008,structuring
TXN005714,2026-07-05 17:18:54,ACC00269,ACC00363,3529.43,NEFT,transfer,0,,normal
TXN005715,2026-07-05 17:19:38,ACC00235,ACC00587,2947.07,UPI,transfer,0,,normal
TXN005716,2026-07-05 17:28:02,ACC00339,ACC00204,2992.29,UPI,transfer,0,,normal
TXN005717,2026-07-05 17:38:33,ACC00628,ACC00353,6588.03,UPI,transfer,1,DORM011,dormant_reactivation
TXN005718,2026-07-05 17:39:22,ACC00239,ACC00179,9476.48,IMPS,transfer,0,,normal
TXN005719,2026-07-05 17:44:52,ACC00271,ACC00375,2257.75,RTGS,transfer,0,,normal
TXN005720,2026-07-05 17:50:28,ACC00253,ACC00642,1919.24,NEFT,transfer,0,,normal
TXN005721,2026-07-05 17:57:02,ACC00492,ACC00157,3907.27,NEFT,transfer,0,,normal
TXN005722,2026-07-05 18:00:54,ACC00557,ACC00257,810072.8,RTGS,transfer,1,LAYER006,cyclic_layering
TXN005723,2026-07-05 18:02:53,ACC00628,ACC00452,10427.08,UPI,transfer,1,DORM011,dormant_reactivation
TXN005724,2026-07-05 18:03:21,ACC00209,ACC00167,3007.85,CASH_DEPOSIT,cash_deposit,0,,normal
TXN005725,2026-07-05 18:05:55,ACC00505,ACC00133,1324.13,RTGS,transfer,0,,normal
TXN005726,2026-07-05 18:23:54,ACC00259,ACC00251,2114.44,CASH_DEPOSIT,cash_deposit,0,,normal
TXN005727,2026-07-05 18:30:49,ACC00275,ACC00215,3897.64,CASH_DEPOSIT,cash_deposit,0,,normal
TXN005728,2026-07-05 18:43:32,ACC00016,ACC00374,6511.35,IMPS,transfer,0,,normal
TXN005729,2026-07-05 18:58:59,ACC00222,ACC00312,2443.2,CASH_DEPOSIT,cash_deposit,0,,normal
TXN005730,2026-07-05 19:04:32,ACC00447,ACC00297,451.11,IMPS,transfer,0,,normal
TXN005731,2026-07-05 19:05:55,ACC00103,ACC00180,5026.66,NEFT,transfer,0,,normal
TXN005732,2026-07-05 19:07:05,ACC00067,ACC00145,4808.51,RTGS,transfer,0,,normal
TXN005733,2026-07-05 19:09:22,ACC00284,ACC00682,8055.88,UPI,transfer,0,,normal
TXN005734,2026-07-05 19:22:57,ACC00376,ACC00643,1512.08,RTGS,transfer,0,,normal
TXN005735,2026-07-05 19:25:40,ACC00227,ACC00021,45852.68,NEFT,transfer,0,,normal
TXN005736,2026-07-05 19:33:57,ACC00591,ACC00655,4495.51,NEFT,transfer,0,,normal
TXN005737,2026-07-05 19:34:58,ACC00656,ACC00628,15899.71,RTGS,transfer,1,DORM011,dormant_reactivation
TXN005738,2026-07-05 19:39:45,ACC00468,ACC00628,12163.52,RTGS,transfer,1,DORM011,dormant_reactivation
TXN005739,2026-07-05 19:50:10,ACC00428,ACC00219,12335.35,CASH_DEPOSIT,cash_deposit,0,,normal
TXN005740,2026-07-05 19:50:33,ACC00593,ACC00415,683.95,UPI,transfer,0,,normal
TXN005741,2026-07-05 19:56:04,ACC00266,ACC00621,43464.33,NEFT,transfer,0,,normal
TXN005742,2026-07-05 20:00:04,ACC00461,ACC00242,1100.91,RTGS,transfer,0,,normal
TXN005743,2026-07-05 20:03:28,ACC00628,ACC00533,17729.37,UPI,transfer,1,DORM011,dormant_reactivation
TXN005744,2026-07-05 20:06:27,ACC00199,ACC00628,9097.16,NEFT,transfer,1,DORM011,dormant_reactivation
TXN005745,2026-07-05 20:11:47,ACC00604,ACC00478,4486.76,UPI,transfer,0,,normal
TXN005746,2026-07-05 20:15:18,ACC00423,ACC00494,49500.0,UPI,transfer,1,STRUCT008,structuring
TXN005747,2026-07-05 20:26:32,ACC00082,ACC00628,9593.19,IMPS,transfer,1,DORM011,dormant_reactivation
TXN005748,2026-07-05 20:36:51,ACC00628,ACC00429,17728.0,CASH_DEPOSIT,transfer,1,DORM011,dormant_reactivation
TXN005749,2026-07-05 20:48:25,ACC00127,ACC00223,8922.9,UPI,transfer,0,,normal
TXN005750,2026-07-05 21:00:01,ACC00089,ACC00289,7342.35,RTGS,transfer,0,,normal
TXN005751,2026-07-05 21:02:37,ACC00423,ACC00315,49500.0,UPI,transfer,1,STRUCT008,structuring
TXN005752,2026-07-05 21:38:11,ACC00674,ACC00575,2015.41,NEFT,transfer,0,,normal
TXN005753,2026-07-05 21:43:38,ACC00617,ACC00685,11831.25,RTGS,transfer,0,,normal
TXN005754,2026-07-05 21:56:54,ACC00523,ACC00384,18187.98,RTGS,transfer,0,,normal
TXN005755,2026-07-05 22:00:13,ACC00481,ACC00097,5943.92,RTGS,transfer,0,,normal
TXN005756,2026-07-05 22:07:50,ACC00624,ACC00183,506.68,NEFT,transfer,0,,normal
TXN005757,2026-07-05 22:10:33,ACC00449,ACC00371,686.97,NEFT,transfer,0,,normal
TXN005758,2026-07-05 22:14:55,ACC00338,ACC00125,21518.55,CASH_DEPOSIT,cash_deposit,0,,normal
TXN005759,2026-07-05 22:19:35,ACC00465,ACC00029,3053.82,IMPS,transfer,0,,normal
TXN005760,2026-07-05 22:20:25,ACC00161,ACC00351,49500.0,UPI,transfer,1,STRUCT012,structuring
TXN005761,2026-07-05 22:22:04,ACC00241,ACC00095,933.3,NEFT,transfer,0,,normal
TXN005762,2026-07-05 22:25:48,ACC00159,ACC00381,7906.75,RTGS,transfer,0,,normal
TXN005763,2026-07-05 22:27:37,ACC00070,ACC00577,1301.14,NEFT,transfer,0,,normal
TXN005764,2026-07-05 22:32:44,ACC00473,ACC00265,5900.25,RTGS,transfer,0,,normal
TXN005765,2026-07-05 22:35:35,ACC00020,ACC00523,7501.36,RTGS,transfer,0,,normal
TXN005766,2026-07-05 22:52:56,ACC00329,ACC00562,8355.54,CASH_DEPOSIT,cash_deposit,0,,normal
TXN005767,2026-07-05 22:53:01,ACC00112,ACC00492,4856.97,IMPS,transfer,0,,normal
TXN005768,2026-07-05 22:58:36,ACC00075,ACC00453,6791.94,UPI,transfer,0,,normal
TXN005769,2026-07-05 23:03:21,ACC00047,ACC00657,21136.18,IMPS,transfer,0,,normal
TXN005770,2026-07-05 23:11:41,ACC00168,ACC00469,2670.37,IMPS,transfer,0,,normal
TXN005771,2026-07-05 23:13:57,ACC00438,ACC00684,20090.26,IMPS,transfer,0,,normal
TXN005772,2026-07-05 23:21:24,ACC00389,ACC00070,16997.75,UPI,transfer,0,,normal
TXN005773,2026-07-05 23:25:06,ACC00058,ACC00273,1528.31,RTGS,transfer,0,,normal
TXN005774,2026-07-05 23:29:46,ACC00547,ACC00394,1999.95,NEFT,transfer,0,,normal
TXN005775,2026-07-05 23:30:09,ACC00108,ACC00646,5704.41,IMPS,transfer,0,,normal
TXN005776,2026-07-05 23:35:04,ACC00161,ACC00639,49500.0,UPI,transfer,1,STRUCT012,structuring
TXN005777,2026-07-05 23:36:00,ACC00330,ACC00219,5052.94,NEFT,transfer,0,,normal
TXN005778,2026-07-05 23:45:22,ACC00192,ACC00546,1910.43,RTGS,transfer,0,,normal
TXN005779,2026-07-05 23:48:49,ACC00161,ACC00034,49500.0,IMPS,transfer,1,STRUCT012,structuring
TXN005780,2026-07-05 23:49:15,ACC00063,ACC00576,7192.83,NEFT,transfer,0,,normal
TXN005781,2026-07-05 23:58:31,ACC00334,ACC00176,986.5,UPI,transfer,0,,normal
TXN005782,2026-07-06 00:06:42,ACC00633,ACC00516,1897.19,UPI,transfer,0,,normal
TXN005783,2026-07-06 00:08:23,ACC00236,ACC00647,3595.04,NEFT,transfer,0,,normal
TXN005784,2026-07-06 00:08:46,ACC00088,ACC00256,3481.11,CASH_DEPOSIT,cash_deposit,0,,normal
TXN005785,2026-07-06 00:32:15,ACC00213,ACC00668,1769.88,CASH_DEPOSIT,cash_deposit,0,,normal
TXN005786,2026-07-06 00:39:56,ACC00365,ACC00594,8606.07,RTGS,transfer,0,,normal
TXN005787,2026-07-06 01:07:12,ACC00079,ACC00069,3117.02,IMPS,transfer,0,,normal
TXN005788,2026-07-06 01:11:15,ACC00483,ACC00236,1643.39,NEFT,transfer,0,,normal
TXN005789,2026-07-06 01:28:43,ACC00093,ACC00526,1289.3,RTGS,transfer,0,,normal
TXN005790,2026-07-06 01:30:54,ACC00393,ACC00552,8764.25,CASH_DEPOSIT,cash_deposit,0,,normal
TXN005791,2026-07-06 01:30:57,ACC00423,ACC00424,49500.0,UPI,transfer,1,STRUCT008,structuring
TXN005792,2026-07-06 01:31:36,ACC00587,ACC00082,11849.56,CASH_DEPOSIT,cash_deposit,0,,normal
TXN005793,2026-07-06 01:38:39,ACC00534,ACC00575,1110.9,RTGS,transfer,0,,normal
TXN005794,2026-07-06 01:46:24,ACC00640,ACC00053,2596.82,CASH_DEPOSIT,cash_deposit,0,,normal
TXN005795,2026-07-06 01:48:37,ACC00082,ACC00655,12853.23,UPI,transfer,0,,normal
TXN005796,2026-07-06 02:34:38,ACC00489,ACC00175,5992.19,NEFT,transfer,0,,normal
TXN005797,2026-07-06 02:55:57,ACC00171,ACC00679,4478.0,RTGS,transfer,0,,normal
TXN005798,2026-07-06 03:14:56,ACC00459,ACC00486,385706.41,IMPS,transfer,1,LAYER007,cyclic_layering
TXN005799,2026-07-06 03:22:07,ACC00450,ACC00121,3954.37,CASH_DEPOSIT,cash_deposit,0,,normal
TXN005800,2026-07-06 03:28:11,ACC00220,ACC00616,7043.51,IMPS,transfer,0,,normal
TXN005801,2026-07-06 03:31:29,ACC00003,ACC00153,2655.09,IMPS,transfer,0,,normal
TXN005802,2026-07-06 03:37:56,ACC00026,ACC00407,651.85,RTGS,transfer,0,,normal
TXN005803,2026-07-06 04:04:54,ACC00117,ACC00411,2499.87,CASH_DEPOSIT,cash_deposit,0,,normal
TXN005804,2026-07-06 04:05:00,ACC00161,ACC00657,49500.0,UPI,transfer,1,STRUCT012,structuring
TXN005805,2026-07-06 04:07:50,ACC00365,ACC00160,903.19,UPI,transfer,0,,normal
TXN005806,2026-07-06 04:15:45,ACC00115,ACC00454,6933.78,CASH_DEPOSIT,cash_deposit,0,,normal
TXN005807,2026-07-06 04:16:27,ACC00650,ACC00647,10197.15,IMPS,transfer,0,,normal
TXN005808,2026-07-06 04:17:56,ACC00161,ACC00453,49500.0,IMPS,transfer,1,STRUCT012,structuring
TXN005809,2026-07-06 04:26:40,ACC00598,ACC00521,4236.14,IMPS,transfer,0,,normal
TXN005810,2026-07-06 04:29:21,ACC00423,ACC00615,49500.0,IMPS,transfer,1,STRUCT008,structuring
TXN005811,2026-07-06 04:33:49,ACC00549,ACC00212,4801.15,CASH_DEPOSIT,cash_deposit,0,,normal
TXN005812,2026-07-06 04:37:59,ACC00163,ACC00119,4211.31,IMPS,transfer,0,,normal
TXN005813,2026-07-06 04:41:31,ACC00567,ACC00301,14952.98,CASH_DEPOSIT,cash_deposit,0,,normal
TXN005814,2026-07-06 04:48:34,ACC00245,ACC00211,3378.36,IMPS,transfer,0,,normal
TXN005815,2026-07-06 04:48:39,ACC00381,ACC00149,1526.08,NEFT,transfer,0,,normal
TXN005816,2026-07-06 04:53:47,ACC00327,ACC00446,3086.6,CASH_DEPOSIT,cash_deposit,0,,normal
TXN005817,2026-07-06 05:04:15,ACC00364,ACC00048,2159.03,IMPS,transfer,0,,normal
TXN005818,2026-07-06 05:08:43,ACC00538,ACC00619,4814.68,CASH_DEPOSIT,cash_deposit,0,,normal
TXN005819,2026-07-06 05:26:20,ACC00031,ACC00034,3140.64,UPI,transfer,0,,normal
TXN005820,2026-07-06 05:34:32,ACC00169,ACC00059,1573.2,CASH_DEPOSIT,cash_deposit,0,,normal
TXN005821,2026-07-06 05:35:41,ACC00645,ACC00440,6576.36,RTGS,transfer,0,,normal
TXN005822,2026-07-06 05:40:16,ACC00100,ACC00072,3622.78,RTGS,transfer,0,,normal
TXN005823,2026-07-06 05:59:05,ACC00110,ACC00140,878.76,RTGS,transfer,0,,normal
TXN005824,2026-07-06 06:05:08,ACC00459,ACC00293,15121.99,RTGS,transfer,0,,normal
TXN005825,2026-07-06 06:10:08,ACC00697,ACC00577,15008.33,CASH_DEPOSIT,cash_deposit,0,,normal
TXN005826,2026-07-06 06:10:30,ACC00440,ACC00264,1285.31,NEFT,transfer,0,,normal
TXN005827,2026-07-06 06:15:45,ACC00287,ACC00433,15477.2,UPI,transfer,0,,normal
TXN005828,2026-07-06 06:33:56,ACC00453,ACC00612,22478.87,CASH_DEPOSIT,cash_deposit,0,,normal
TXN005829,2026-07-06 06:34:16,ACC00557,ACC00243,734.0,CASH_DEPOSIT,cash_deposit,0,,normal
TXN005830,2026-07-06 06:37:48,ACC00113,ACC00012,20092.43,UPI,transfer,0,,normal
TXN005831,2026-07-06 06:49:01,ACC00520,ACC00446,3559.34,NEFT,transfer,0,,normal
TXN005832,2026-07-06 06:52:41,ACC00634,ACC00232,4944.57,RTGS,transfer,0,,normal
TXN005833,2026-07-06 06:55:15,ACC00602,ACC00536,4368.15,IMPS,transfer,0,,normal
TXN005834,2026-07-06 06:56:01,ACC00526,ACC00208,10655.18,NEFT,transfer,0,,normal
TXN005835,2026-07-06 06:56:40,ACC00596,ACC00195,384975.25,NEFT,transfer,1,LAYER004,cyclic_layering
TXN005836,2026-07-06 06:59:24,ACC00642,ACC00021,796.59,IMPS,transfer,0,,normal
TXN005837,2026-07-06 07:09:39,ACC00423,ACC00171,49500.0,UPI,transfer,1,STRUCT008,structuring
TXN005838,2026-07-06 07:13:45,ACC00161,ACC00644,49500.0,UPI,transfer,1,STRUCT012,structuring
TXN005839,2026-07-06 07:15:27,ACC00007,ACC00135,2189.15,CASH_DEPOSIT,cash_deposit,0,,normal
TXN005840,2026-07-06 07:15:58,ACC00286,ACC00328,8089.9,NEFT,transfer,0,,normal
TXN005841,2026-07-06 07:25:27,ACC00217,ACC00252,5560.59,RTGS,transfer,0,,normal
TXN005842,2026-07-06 07:28:47,ACC00423,ACC00285,49500.0,IMPS,transfer,1,STRUCT008,structuring
TXN005843,2026-07-06 07:33:36,ACC00147,ACC00427,2064.97,IMPS,transfer,0,,normal
TXN005844,2026-07-06 07:34:30,ACC00411,ACC00357,2506.98,RTGS,transfer,0,,normal
TXN005845,2026-07-06 07:35:24,ACC00107,ACC00525,6939.12,IMPS,transfer,0,,normal
TXN005846,2026-07-06 07:35:27,ACC00326,ACC00074,18524.84,RTGS,transfer,0,,normal
TXN005847,2026-07-06 07:37:01,ACC00346,ACC00548,2256.86,CASH_DEPOSIT,cash_deposit,0,,normal
TXN005848,2026-07-06 07:40:09,ACC00261,ACC00043,5324.6,NEFT,transfer,0,,normal
TXN005849,2026-07-06 07:41:08,ACC00428,ACC00040,6879.69,NEFT,transfer,0,,normal
TXN005850,2026-07-06 07:44:59,ACC00423,ACC00574,49500.0,UPI,transfer,1,STRUCT008,structuring
TXN005851,2026-07-06 07:45:19,ACC00309,ACC00471,4224.75,IMPS,transfer,0,,normal
TXN005852,2026-07-06 07:58:23,ACC00244,ACC00665,3218.62,CASH_DEPOSIT,cash_deposit,0,,normal
TXN005853,2026-07-06 08:00:12,ACC00218,ACC00691,3415.2,CASH_DEPOSIT,cash_deposit,0,,normal
TXN005854,2026-07-06 08:00:12,ACC00677,ACC00533,4406.71,IMPS,transfer,0,,normal
TXN005855,2026-07-06 08:06:55,ACC00013,ACC00120,6017.96,RTGS,transfer,0,,normal
TXN005856,2026-07-06 08:09:04,ACC00161,ACC00475,49500.0,UPI,transfer,1,STRUCT012,structuring
TXN005857,2026-07-06 08:18:59,ACC00388,ACC00108,3789.25,CASH_DEPOSIT,cash_deposit,0,,normal
TXN005858,2026-07-06 08:20:49,ACC00551,ACC00251,5145.01,CASH_DEPOSIT,cash_deposit,0,,normal
TXN005859,2026-07-06 08:27:41,ACC00076,ACC00284,1551.37,NEFT,transfer,0,,normal
TXN005860,2026-07-06 08:28:54,ACC00221,ACC00313,3253.77,RTGS,transfer,0,,normal
TXN005861,2026-07-06 08:41:14,ACC00302,ACC00145,11148.56,CASH_DEPOSIT,cash_deposit,0,,normal
TXN005862,2026-07-06 08:48:20,ACC00256,ACC00288,5238.51,IMPS,transfer,0,,normal
TXN005863,2026-07-06 08:52:21,ACC00555,ACC00181,7709.76,NEFT,transfer,0,,normal
TXN005864,2026-07-06 08:55:54,ACC00066,ACC00526,10530.06,IMPS,transfer,0,,normal
TXN005865,2026-07-06 08:57:51,ACC00258,ACC00197,11429.57,IMPS,transfer,0,,normal
TXN005866,2026-07-06 08:59:13,ACC00454,ACC00150,4817.45,CASH_DEPOSIT,cash_deposit,0,,normal
TXN005867,2026-07-06 09:05:34,ACC00349,ACC00120,3401.24,NEFT,transfer,0,,normal
TXN005868,2026-07-06 09:25:28,ACC00161,ACC00463,49500.0,IMPS,transfer,1,STRUCT012,structuring
TXN005869,2026-07-06 09:28:28,ACC00072,ACC00687,1898.58,RTGS,transfer,0,,normal
TXN005870,2026-07-06 09:28:29,ACC00397,ACC00529,6623.87,IMPS,transfer,0,,normal
TXN005871,2026-07-06 09:38:37,ACC00161,ACC00231,49500.0,IMPS,transfer,1,STRUCT012,structuring
TXN005872,2026-07-06 09:38:58,ACC00310,ACC00376,5020.45,IMPS,transfer,0,,normal
TXN005873,2026-07-06 09:43:52,ACC00161,ACC00011,49500.0,IMPS,transfer,1,STRUCT012,structuring
TXN005874,2026-07-06 09:44:38,ACC00577,ACC00496,23800.04,RTGS,transfer,0,,normal
TXN005875,2026-07-06 09:54:26,ACC00560,ACC00668,9388.99,IMPS,transfer,0,,normal
TXN005876,2026-07-06 09:59:01,ACC00227,ACC00423,4392.45,CASH_DEPOSIT,cash_deposit,0,,normal
TXN005877,2026-07-06 09:59:44,ACC00155,ACC00027,2673.46,IMPS,transfer,0,,normal
TXN005878,2026-07-06 10:00:02,ACC00379,ACC00479,1737.79,CASH_DEPOSIT,cash_deposit,0,,normal
TXN005879,2026-07-06 10:00:30,ACC00658,ACC00018,3069.52,UPI,transfer,0,,normal
TXN005880,2026-07-06 10:09:06,ACC00588,ACC00223,2074.86,UPI,transfer,0,,normal
TXN005881,2026-07-06 10:12:03,ACC00374,ACC00113,5219.79,IMPS,transfer,0,,normal
TXN005882,2026-07-06 10:44:04,ACC00596,ACC00570,10305.22,IMPS,transfer,0,,normal
TXN005883,2026-07-06 10:44:05,ACC00553,ACC00452,7802.16,NEFT,transfer,0,,normal
TXN005884,2026-07-06 10:52:01,ACC00389,ACC00093,11948.64,NEFT,transfer,0,,normal
TXN005885,2026-07-06 10:53:22,ACC00423,ACC00300,49500.0,IMPS,transfer,1,STRUCT008,structuring
TXN005886,2026-07-06 11:01:50,ACC00423,ACC00476,49500.0,UPI,transfer,1,STRUCT008,structuring
TXN005887,2026-07-06 11:04:24,ACC00615,ACC00178,3261.06,IMPS,transfer,0,,normal
TXN005888,2026-07-06 11:33:43,ACC00647,ACC00339,2284.76,UPI,transfer,0,,normal
TXN005889,2026-07-06 11:33:59,ACC00161,ACC00151,49500.0,UPI,transfer,1,STRUCT012,structuring
TXN005890,2026-07-06 11:35:09,ACC00423,ACC00191,49500.0,IMPS,transfer,1,STRUCT008,structuring
TXN005891,2026-07-06 12:03:02,ACC00139,ACC00415,5006.01,CASH_DEPOSIT,cash_deposit,0,,normal
TXN005892,2026-07-06 12:03:43,ACC00352,ACC00548,11308.5,CASH_DEPOSIT,cash_deposit,0,,normal
TXN005893,2026-07-06 12:16:28,ACC00161,ACC00099,49500.0,UPI,transfer,1,STRUCT012,structuring
TXN005894,2026-07-06 12:26:37,ACC00473,ACC00289,5990.48,RTGS,transfer,0,,normal
TXN005895,2026-07-06 12:35:15,ACC00104,ACC00520,5765.88,CASH_DEPOSIT,cash_deposit,0,,normal
TXN005896,2026-07-06 12:46:59,ACC00403,ACC00387,2275.79,NEFT,transfer,0,,normal
TXN005897,2026-07-06 12:58:52,ACC00401,ACC00473,6792.47,CASH_DEPOSIT,cash_deposit,0,,normal
TXN005898,2026-07-06 13:05:15,ACC00482,ACC00048,3705.27,RTGS,transfer,0,,normal
TXN005899,2026-07-06 13:05:54,ACC00543,ACC00623,7881.91,IMPS,transfer,0,,normal
TXN005900,2026-07-06 13:26:21,ACC00582,ACC00599,16510.84,RTGS,transfer,0,,normal
TXN005901,2026-07-06 13:41:44,ACC00410,ACC00164,2780.19,IMPS,transfer,0,,normal
TXN005902,2026-07-06 13:50:24,ACC00062,ACC00523,5461.9,NEFT,transfer,0,,normal
TXN005903,2026-07-06 13:56:28,ACC00432,ACC00653,1956.18,RTGS,transfer,0,,normal
TXN005904,2026-07-06 13:57:01,ACC00624,ACC00001,3380.12,UPI,transfer,0,,normal
TXN005905,2026-07-06 14:09:02,ACC00324,ACC00693,5905.69,IMPS,transfer,0,,normal
TXN005906,2026-07-06 14:11:12,ACC00161,ACC00664,49500.0,UPI,transfer,1,STRUCT012,structuring
TXN005907,2026-07-06 14:11:41,ACC00284,ACC00457,4812.18,NEFT,transfer,0,,normal
TXN005908,2026-07-06 14:14:38,ACC00273,ACC00485,5635.4,IMPS,transfer,0,,normal
TXN005909,2026-07-06 14:16:14,ACC00375,ACC00093,1485.89,CASH_DEPOSIT,cash_deposit,0,,normal
TXN005910,2026-07-06 14:27:46,ACC00681,ACC00563,3276.55,RTGS,transfer,0,,normal
TXN005911,2026-07-06 14:39:59,ACC00547,ACC00128,6469.21,NEFT,transfer,0,,normal
TXN005912,2026-07-06 14:40:12,ACC00321,ACC00360,4973.48,CASH_DEPOSIT,cash_deposit,0,,normal
TXN005913,2026-07-06 14:47:25,ACC00423,ACC00199,49500.0,UPI,transfer,1,STRUCT008,structuring
TXN005914,2026-07-06 15:05:10,ACC00221,ACC00446,4655.51,RTGS,transfer,0,,normal
TXN005915,2026-07-06 15:09:58,ACC00161,ACC00114,49500.0,IMPS,transfer,1,STRUCT012,structuring
TXN005916,2026-07-06 15:15:02,ACC00423,ACC00302,49500.0,IMPS,transfer,1,STRUCT008,structuring
TXN005917,2026-07-06 15:21:37,ACC00547,ACC00324,5724.47,CASH_DEPOSIT,cash_deposit,0,,normal
TXN005918,2026-07-06 15:30:54,ACC00423,ACC00282,49500.0,UPI,transfer,1,STRUCT008,structuring
TXN005919,2026-07-06 15:32:26,ACC00414,ACC00139,4812.63,CASH_DEPOSIT,cash_deposit,0,,normal
TXN005920,2026-07-06 15:38:17,ACC00526,ACC00309,4715.19,NEFT,transfer,0,,normal
TXN005921,2026-07-06 15:48:53,ACC00466,ACC00609,5598.91,NEFT,transfer,0,,normal
TXN005922,2026-07-06 15:53:06,ACC00323,ACC00023,5341.49,NEFT,transfer,0,,normal
TXN005923,2026-07-06 15:59:35,ACC00248,ACC00054,2208.91,CASH_DEPOSIT,cash_deposit,0,,normal
TXN005924,2026-07-06 16:10:04,ACC00423,ACC00153,49500.0,IMPS,transfer,1,STRUCT008,structuring
TXN005925,2026-07-06 16:22:50,ACC00061,ACC00440,520.52,NEFT,transfer,0,,normal
TXN005926,2026-07-06 16:23:03,ACC00058,ACC00528,3080.17,CASH_DEPOSIT,cash_deposit,0,,normal
TXN005927,2026-07-06 16:38:34,ACC00344,ACC00474,1413.5,UPI,transfer,0,,normal
TXN005928,2026-07-06 16:54:27,ACC00377,ACC00588,3546.46,RTGS,transfer,0,,normal
TXN005929,2026-07-06 16:57:11,ACC00008,ACC00384,9433.6,NEFT,transfer,0,,normal
TXN005930,2026-07-06 17:00:15,ACC00161,ACC00175,49500.0,IMPS,transfer,1,STRUCT012,structuring
TXN005931,2026-07-06 17:07:48,ACC00241,ACC00329,564.4,UPI,transfer,0,,normal
TXN005932,2026-07-06 17:29:11,ACC00554,ACC00173,7494.43,RTGS,transfer,0,,normal
TXN005933,2026-07-06 17:33:35,ACC00044,ACC00596,3906.23,CASH_DEPOSIT,cash_deposit,0,,normal
TXN005934,2026-07-06 17:34:01,ACC00646,ACC00455,2424.17,RTGS,transfer,0,,normal
TXN005935,2026-07-06 17:36:39,ACC00161,ACC00698,49500.0,IMPS,transfer,1,STRUCT012,structuring
TXN005936,2026-07-06 17:38:19,ACC00161,ACC00190,49500.0,UPI,transfer,1,STRUCT012,structuring
TXN005937,2026-07-06 17:38:59,ACC00018,ACC00525,5514.55,RTGS,transfer,0,,normal
TXN005938,2026-07-06 17:45:53,ACC00423,ACC00415,49500.0,IMPS,transfer,1,STRUCT008,structuring
TXN005939,2026-07-06 17:46:44,ACC00536,ACC00010,4535.49,UPI,transfer,0,,normal
TXN005940,2026-07-06 17:51:26,ACC00131,ACC00330,1580.03,IMPS,transfer,0,,normal
TXN005941,2026-07-06 17:59:50,ACC00383,ACC00083,11880.66,CASH_DEPOSIT,cash_deposit,0,,normal
TXN005942,2026-07-06 18:04:12,ACC00354,ACC00372,2463.67,UPI,transfer,0,,normal
TXN005943,2026-07-06 18:04:14,ACC00424,ACC00566,387.99,NEFT,transfer,0,,normal
TXN005944,2026-07-06 18:09:44,ACC00537,ACC00516,22876.44,NEFT,transfer,0,,normal
TXN005945,2026-07-06 18:36:44,ACC00489,ACC00494,618.14,IMPS,transfer,0,,normal
TXN005946,2026-07-06 18:47:04,ACC00171,ACC00377,1010.55,CASH_DEPOSIT,cash_deposit,0,,normal
TXN005947,2026-07-06 18:56:40,ACC00247,ACC00021,8243.83,CASH_DEPOSIT,cash_deposit,0,,normal
TXN005948,2026-07-06 18:58:25,ACC00137,ACC00018,6005.0,RTGS,transfer,0,,normal
TXN005949,2026-07-06 19:15:26,ACC00335,ACC00622,1369.89,RTGS,transfer,0,,normal
TXN005950,2026-07-06 19:18:31,ACC00463,ACC00290,2564.55,IMPS,transfer,0,,normal
TXN005951,2026-07-06 19:41:15,ACC00093,ACC00317,4792.08,NEFT,transfer,0,,normal
TXN005952,2026-07-06 19:46:14,ACC00419,ACC00591,2232.6,NEFT,transfer,0,,normal
TXN005953,2026-07-06 19:49:39,ACC00201,ACC00254,1084.85,RTGS,transfer,0,,normal
TXN005954,2026-07-06 19:55:31,ACC00026,ACC00070,1662.25,CASH_DEPOSIT,cash_deposit,0,,normal
TXN005955,2026-07-06 19:58:18,ACC00007,ACC00156,15270.34,IMPS,transfer,0,,normal
TXN005956,2026-07-06 19:58:22,ACC00181,ACC00162,1301.51,UPI,transfer,0,,normal
TXN005957,2026-07-06 20:09:31,ACC00120,ACC00309,2826.95,IMPS,transfer,0,,normal
TXN005958,2026-07-06 20:13:08,ACC00161,ACC00219,49500.0,UPI,transfer,1,STRUCT012,structuring
TXN005959,2026-07-06 20:17:06,ACC00355,ACC00226,15041.3,UPI,transfer,0,,normal
TXN005960,2026-07-06 20:25:34,ACC00156,ACC00509,3437.54,CASH_DEPOSIT,cash_deposit,0,,normal
TXN005961,2026-07-06 20:32:41,ACC00431,ACC00320,1448.63,NEFT,transfer,0,,normal
TXN005962,2026-07-06 20:35:52,ACC00086,ACC00365,3665.16,RTGS,transfer,0,,normal
TXN005963,2026-07-06 20:41:32,ACC00098,ACC00603,7466.6,CASH_DEPOSIT,cash_deposit,0,,normal
TXN005964,2026-07-06 20:42:25,ACC00281,ACC00029,6989.28,UPI,transfer,0,,normal
TXN005965,2026-07-06 20:45:58,ACC00109,ACC00577,1882.34,CASH_DEPOSIT,cash_deposit,0,,normal
TXN005966,2026-07-06 20:47:20,ACC00423,ACC00031,49500.0,IMPS,transfer,1,STRUCT008,structuring
TXN005967,2026-07-06 21:08:21,ACC00103,ACC00665,10160.12,IMPS,transfer,0,,normal
TXN005968,2026-07-06 21:20:56,ACC00465,ACC00541,9259.85,RTGS,transfer,0,,normal
TXN005969,2026-07-06 21:22:46,ACC00508,ACC00306,4016.53,UPI,transfer,0,,normal
TXN005970,2026-07-06 21:22:47,ACC00423,ACC00264,49500.0,IMPS,transfer,1,STRUCT008,structuring
TXN005971,2026-07-06 21:56:15,ACC00416,ACC00190,7982.26,RTGS,transfer,0,,normal
TXN005972,2026-07-06 22:02:52,ACC00270,ACC00046,3199.36,RTGS,transfer,0,,normal
TXN005973,2026-07-06 22:07:28,ACC00621,ACC00328,7212.35,RTGS,transfer,0,,normal
TXN005974,2026-07-06 22:08:07,ACC00161,ACC00278,49500.0,IMPS,transfer,1,STRUCT012,structuring
TXN005975,2026-07-06 22:12:50,ACC00486,ACC00327,8658.12,NEFT,transfer,0,,normal
TXN005976,2026-07-06 22:14:15,ACC00281,ACC00097,1805.9,RTGS,transfer,0,,normal
TXN005977,2026-07-06 22:46:54,ACC00473,ACC00349,1648.01,IMPS,transfer,0,,normal
TXN005978,2026-07-06 22:47:02,ACC00487,ACC00354,1625.01,UPI,transfer,0,,normal
TXN005979,2026-07-06 23:15:09,ACC00524,ACC00521,2890.97,IMPS,transfer,0,,normal
TXN005980,2026-07-06 23:18:06,ACC00685,ACC00661,5607.98,CASH_DEPOSIT,cash_deposit,0,,normal
TXN005981,2026-07-06 23:20:09,ACC00102,ACC00273,24885.19,RTGS,transfer,0,,normal
TXN005982,2026-07-06 23:43:09,ACC00609,ACC00421,2998.75,RTGS,transfer,0,,normal
TXN005983,2026-07-06 23:48:56,ACC00103,ACC00474,2261.87,UPI,transfer,0,,normal
TXN005984,2026-07-07 00:02:34,ACC00221,ACC00288,16116.87,CASH_DEPOSIT,cash_deposit,0,,normal
TXN005985,2026-07-07 00:04:02,ACC00338,ACC00628,2151.65,IMPS,transfer,0,,normal
TXN005986,2026-07-07 00:04:33,ACC00283,ACC00432,2112.41,CASH_DEPOSIT,cash_deposit,0,,normal
TXN005987,2026-07-07 00:04:55,ACC00694,ACC00601,8170.67,CASH_DEPOSIT,cash_deposit,0,,normal
TXN005988,2026-07-07 00:39:23,ACC00391,ACC00081,9810.32,NEFT,transfer,0,,normal
TXN005989,2026-07-07 00:47:32,ACC00581,ACC00663,11003.52,RTGS,transfer,0,,normal
TXN005990,2026-07-07 00:47:34,ACC00175,ACC00666,963.92,CASH_DEPOSIT,cash_deposit,0,,normal
TXN005991,2026-07-07 00:53:09,ACC00281,ACC00547,702.35,CASH_DEPOSIT,cash_deposit,0,,normal
TXN005992,2026-07-07 01:00:38,ACC00188,ACC00385,5830.75,UPI,transfer,0,,normal
TXN005993,2026-07-07 01:01:03,ACC00299,ACC00578,3960.14,IMPS,transfer,0,,normal
TXN005994,2026-07-07 01:01:59,ACC00554,ACC00257,9767.56,UPI,transfer,0,,normal
TXN005995,2026-07-07 01:04:30,ACC00249,ACC00651,1640.18,IMPS,transfer,0,,normal
TXN005996,2026-07-07 01:08:53,ACC00582,ACC00371,4485.29,UPI,transfer,0,,normal
TXN005997,2026-07-07 01:45:16,ACC00608,ACC00692,6592.48,RTGS,transfer,0,,normal
TXN005998,2026-07-07 01:45:35,ACC00343,ACC00505,14387.74,UPI,transfer,0,,normal
TXN005999,2026-07-07 01:52:04,ACC00552,ACC00084,850.4,UPI,transfer,0,,normal
TXN006000,2026-07-07 01:55:10,ACC00124,ACC00186,2214.04,IMPS,transfer,0,,normal
TXN006001,2026-07-07 02:00:46,ACC00600,ACC00501,9007.11,IMPS,transfer,0,,normal
TXN006002,2026-07-07 02:28:26,ACC00519,ACC00426,16122.62,RTGS,transfer,0,,normal
TXN006003,2026-07-07 02:37:37,ACC00404,ACC00383,7852.43,NEFT,transfer,0,,normal
TXN006004,2026-07-07 02:38:36,ACC00460,ACC00607,2811.86,NEFT,transfer,0,,normal
TXN006005,2026-07-07 02:51:30,ACC00470,ACC00529,5048.29,UPI,transfer,0,,normal
TXN006006,2026-07-07 03:13:55,ACC00213,ACC00400,4653.48,NEFT,transfer,0,,normal
TXN006007,2026-07-07 03:15:23,ACC00647,ACC00591,2347.4,NEFT,transfer,0,,normal
TXN006008,2026-07-07 03:16:17,ACC00359,ACC00263,4455.06,UPI,transfer,0,,normal
TXN006009,2026-07-07 03:26:38,ACC00247,ACC00602,1507.1,CASH_DEPOSIT,cash_deposit,0,,normal
TXN006010,2026-07-07 03:30:26,ACC00445,ACC00438,4400.8,UPI,transfer,0,,normal
TXN006011,2026-07-07 03:36:03,ACC00013,ACC00027,32764.46,RTGS,transfer,0,,normal
TXN006012,2026-07-07 03:39:20,ACC00015,ACC00346,2929.69,IMPS,transfer,0,,normal
TXN006013,2026-07-07 03:40:04,ACC00204,ACC00454,873.87,CASH_DEPOSIT,cash_deposit,0,,normal
TXN006014,2026-07-07 03:57:11,ACC00668,ACC00121,596.34,RTGS,transfer,0,,normal
TXN006015,2026-07-07 04:01:21,ACC00619,ACC00161,4276.22,CASH_DEPOSIT,cash_deposit,0,,normal
TXN006016,2026-07-07 04:32:23,ACC00236,ACC00458,1228.66,UPI,transfer,0,,normal
TXN006017,2026-07-07 04:40:04,ACC00395,ACC00073,1697.21,CASH_DEPOSIT,cash_deposit,0,,normal
TXN006018,2026-07-07 04:40:53,ACC00166,ACC00205,1263.91,NEFT,transfer,0,,normal
TXN006019,2026-07-07 04:57:09,ACC00345,ACC00421,4588.45,IMPS,transfer,0,,normal
TXN006020,2026-07-07 05:25:02,ACC00244,ACC00388,4830.55,NEFT,transfer,0,,normal
TXN006021,2026-07-07 05:25:50,ACC00284,ACC00657,2253.65,UPI,transfer,0,,normal
TXN006022,2026-07-07 05:26:19,ACC00261,ACC00644,1026.2,CASH_DEPOSIT,cash_deposit,0,,normal
TXN006023,2026-07-07 05:26:45,ACC00649,ACC00553,961.51,UPI,transfer,0,,normal
TXN006024,2026-07-07 05:28:27,ACC00070,ACC00362,780.91,RTGS,transfer,0,,normal
TXN006025,2026-07-07 05:53:18,ACC00186,ACC00425,4903.87,UPI,transfer,0,,normal
TXN006026,2026-07-07 06:07:28,ACC00574,ACC00123,1010.74,NEFT,transfer,0,,normal
TXN006027,2026-07-07 06:21:29,ACC00311,ACC00104,6813.7,IMPS,transfer,0,,normal
TXN006028,2026-07-07 06:45:53,ACC00570,ACC00420,2015.59,IMPS,transfer,0,,normal
TXN006029,2026-07-07 06:50:57,ACC00420,ACC00568,4162.74,IMPS,transfer,0,,normal
TXN006030,2026-07-07 07:04:42,ACC00670,ACC00658,1363.13,RTGS,transfer,0,,normal
TXN006031,2026-07-07 07:15:52,ACC00457,ACC00471,26524.45,UPI,transfer,0,,normal
TXN006032,2026-07-07 07:26:00,ACC00396,ACC00680,2791.74,IMPS,transfer,0,,normal
TXN006033,2026-07-07 07:26:20,ACC00307,ACC00099,7283.87,IMPS,transfer,0,,normal
TXN006034,2026-07-07 07:29:41,ACC00331,ACC00163,3191.25,UPI,transfer,0,,normal
TXN006035,2026-07-07 07:33:10,ACC00325,ACC00117,2409.62,NEFT,transfer,0,,normal
TXN006036,2026-07-07 07:40:37,ACC00236,ACC00455,2011.99,RTGS,transfer,0,,normal
TXN006037,2026-07-07 07:49:09,ACC00600,ACC00547,3085.05,UPI,transfer,0,,normal
TXN006038,2026-07-07 07:59:28,ACC00606,ACC00308,4032.15,IMPS,transfer,0,,normal
TXN006039,2026-07-07 08:04:15,ACC00696,ACC00331,7738.69,IMPS,transfer,0,,normal
TXN006040,2026-07-07 08:12:45,ACC00464,ACC00620,13956.53,UPI,transfer,0,,normal
TXN006041,2026-07-07 08:19:36,ACC00432,ACC00124,7797.1,RTGS,transfer,0,,normal
TXN006042,2026-07-07 08:37:47,ACC00277,ACC00274,5199.08,CASH_DEPOSIT,cash_deposit,0,,normal
TXN006043,2026-07-07 08:43:30,ACC00262,ACC00506,5319.44,IMPS,transfer,0,,normal
TXN006044,2026-07-07 08:56:30,ACC00664,ACC00559,5584.94,UPI,transfer,0,,normal
TXN006045,2026-07-07 09:04:11,ACC00211,ACC00613,3204.84,IMPS,transfer,0,,normal
TXN006046,2026-07-07 09:05:47,ACC00330,ACC00253,2138.47,UPI,transfer,0,,normal
TXN006047,2026-07-07 09:16:16,ACC00568,ACC00505,1833.04,RTGS,transfer,0,,normal
TXN006048,2026-07-07 09:19:54,ACC00153,ACC00458,10042.84,UPI,transfer,0,,normal
TXN006049,2026-07-07 09:38:33,ACC00194,ACC00451,11405.55,RTGS,transfer,1,DORM008,dormant_reactivation
TXN006050,2026-07-07 09:38:58,ACC00552,ACC00621,2486.3,IMPS,transfer,0,,normal
TXN006051,2026-07-07 09:39:57,ACC00612,ACC00237,21119.1,IMPS,transfer,0,,normal
TXN006052,2026-07-07 09:52:56,ACC00672,ACC00602,6268.81,IMPS,transfer,0,,normal
TXN006053,2026-07-07 09:57:52,ACC00539,ACC00224,7920.23,CASH_DEPOSIT,cash_deposit,0,,normal
TXN006054,2026-07-07 10:04:21,ACC00694,ACC00236,5296.5,NEFT,transfer,0,,normal
TXN006055,2026-07-07 10:06:35,ACC00147,ACC00543,1058.74,RTGS,transfer,0,,normal
TXN006056,2026-07-07 10:12:13,ACC00307,ACC00584,4335.74,RTGS,transfer,0,,normal
TXN006057,2026-07-07 10:24:28,ACC00595,ACC00067,4531.56,IMPS,transfer,0,,normal
TXN006058,2026-07-07 10:24:49,ACC00194,ACC00324,4520.16,NEFT,transfer,1,DORM008,dormant_reactivation
TXN006059,2026-07-07 10:35:32,ACC00386,ACC00255,1889.25,RTGS,transfer,0,,normal
TXN006060,2026-07-07 10:41:28,ACC00044,ACC00160,5185.5,IMPS,transfer,0,,normal
TXN006061,2026-07-07 10:41:38,ACC00538,ACC00224,1517.86,NEFT,transfer,0,,normal
TXN006062,2026-07-07 10:58:12,ACC00505,ACC00338,735.16,CASH_DEPOSIT,cash_deposit,0,,normal
TXN006063,2026-07-07 11:05:36,ACC00109,ACC00449,4229.49,CASH_DEPOSIT,cash_deposit,0,,normal
TXN006064,2026-07-07 11:15:32,ACC00008,ACC00187,4860.51,CASH_DEPOSIT,cash_deposit,0,,normal
TXN006065,2026-07-07 11:22:33,ACC00550,ACC00194,2167.87,RTGS,transfer,1,DORM008,dormant_reactivation
TXN006066,2026-07-07 11:37:56,ACC00629,ACC00589,2432.89,IMPS,transfer,0,,normal
TXN006067,2026-07-07 11:48:53,ACC00001,ACC00517,2981.85,UPI,transfer,0,,normal
TXN006068,2026-07-07 12:15:37,ACC00103,ACC00312,1711.28,RTGS,transfer,0,,normal
TXN006069,2026-07-07 12:20:52,ACC00592,ACC00105,929.4,NEFT,transfer,0,,normal
TXN006070,2026-07-07 12:32:08,ACC00489,ACC00001,8933.28,IMPS,transfer,0,,normal
TXN006071,2026-07-07 12:44:30,ACC00194,ACC00283,8620.26,NEFT,transfer,1,DORM008,dormant_reactivation
TXN006072,2026-07-07 12:53:28,ACC00594,ACC00307,2165.69,UPI,transfer,0,,normal
TXN006073,2026-07-07 12:56:29,ACC00556,ACC00590,4911.56,UPI,transfer,0,,normal
TXN006074,2026-07-07 13:09:39,ACC00233,ACC00664,1997.0,IMPS,transfer,0,,normal
TXN006075,2026-07-07 13:12:20,ACC00585,ACC00525,2619.9,UPI,transfer,0,,normal
TXN006076,2026-07-07 13:18:13,ACC00629,ACC00277,9964.35,IMPS,transfer,0,,normal
TXN006077,2026-07-07 13:26:29,ACC00496,ACC00442,1487.17,CASH_DEPOSIT,cash_deposit,0,,normal
TXN006078,2026-07-07 13:28:40,ACC00560,ACC00420,5029.87,NEFT,transfer,0,,normal
TXN006079,2026-07-07 13:50:55,ACC00696,ACC00246,1109.79,IMPS,transfer,0,,normal
TXN006080,2026-07-07 13:58:51,ACC00445,ACC00542,2956.7,CASH_DEPOSIT,cash_deposit,0,,normal
TXN006081,2026-07-07 14:03:28,ACC00423,ACC00112,2406.98,CASH_DEPOSIT,cash_deposit,0,,normal
TXN006082,2026-07-07 14:07:44,ACC00429,ACC00241,734.02,NEFT,transfer,0,,normal
TXN006083,2026-07-07 14:10:13,ACC00477,ACC00641,386.08,IMPS,transfer,0,,normal
TXN006084,2026-07-07 14:30:47,ACC00034,ACC00566,12859.12,NEFT,transfer,0,,normal
TXN006085,2026-07-07 14:41:00,ACC00193,ACC00081,4860.21,UPI,transfer,0,,normal
TXN006086,2026-07-07 14:41:36,ACC00358,ACC00498,1834.58,NEFT,transfer,0,,normal
TXN006087,2026-07-07 14:57:29,ACC00685,ACC00623,15604.9,IMPS,transfer,0,,normal
TXN006088,2026-07-07 15:00:20,ACC00472,ACC00542,3555.91,RTGS,transfer,0,,normal
TXN006089,2026-07-07 15:00:51,ACC00634,ACC00303,5627.89,UPI,transfer,0,,normal
TXN006090,2026-07-07 15:20:11,ACC00261,ACC00368,2227.5,CASH_DEPOSIT,cash_deposit,0,,normal
TXN006091,2026-07-07 15:27:48,ACC00395,ACC00490,7768.13,IMPS,transfer,0,,normal
TXN006092,2026-07-07 15:35:39,ACC00504,ACC00104,1151.56,RTGS,transfer,0,,normal
TXN006093,2026-07-07 15:51:26,ACC00225,ACC00166,25866.55,UPI,transfer,0,,normal
TXN006094,2026-07-07 16:05:36,ACC00194,ACC00641,1508.47,NEFT,transfer,1,DORM008,dormant_reactivation
TXN006095,2026-07-07 16:14:42,ACC00091,ACC00140,4009.84,IMPS,transfer,0,,normal
TXN006096,2026-07-07 16:25:54,ACC00172,ACC00656,2818.76,CASH_DEPOSIT,cash_deposit,0,,normal
TXN006097,2026-07-07 16:36:12,ACC00509,ACC00587,2255.37,UPI,transfer,0,,normal
TXN006098,2026-07-07 16:40:45,ACC00502,ACC00222,1490.22,UPI,transfer,0,,normal
TXN006099,2026-07-07 16:49:34,ACC00088,ACC00194,17178.4,NEFT,transfer,1,DORM008,dormant_reactivation
TXN006100,2026-07-07 16:50:30,ACC00229,ACC00593,3415.86,RTGS,transfer,0,,normal
TXN006101,2026-07-07 16:56:57,ACC00564,ACC00508,876.59,NEFT,transfer,0,,normal
TXN006102,2026-07-07 17:00:31,ACC00472,ACC00595,3756.81,RTGS,transfer,0,,normal
TXN006103,2026-07-07 17:15:54,ACC00434,ACC00509,1619.05,UPI,transfer,0,,normal
TXN006104,2026-07-07 17:16:53,ACC00144,ACC00386,1506.12,RTGS,transfer,0,,normal
TXN006105,2026-07-07 17:19:54,ACC00675,ACC00529,17153.19,UPI,transfer,0,,normal
TXN006106,2026-07-07 17:37:44,ACC00378,ACC00066,9078.81,NEFT,transfer,0,,normal
TXN006107,2026-07-07 17:52:08,ACC00125,ACC00046,2062.63,IMPS,transfer,0,,normal
TXN006108,2026-07-07 17:53:16,ACC00390,ACC00605,707.2,IMPS,transfer,0,,normal
TXN006109,2026-07-07 17:56:35,ACC00336,ACC00548,2866.84,UPI,transfer,0,,normal
TXN006110,2026-07-07 18:00:01,ACC00230,ACC00215,3097.77,CASH_DEPOSIT,cash_deposit,0,,normal
TXN006111,2026-07-07 18:01:22,ACC00141,ACC00524,3523.83,RTGS,transfer,0,,normal
TXN006112,2026-07-07 18:07:44,ACC00476,ACC00427,13818.52,NEFT,transfer,0,,normal
TXN006113,2026-07-07 18:13:10,ACC00326,ACC00194,6670.79,CASH_DEPOSIT,transfer,1,DORM008,dormant_reactivation
TXN006114,2026-07-07 18:16:43,ACC00681,ACC00255,4615.59,IMPS,transfer,0,,normal
TXN006115,2026-07-07 18:17:27,ACC00024,ACC00510,1116.92,RTGS,transfer,0,,normal
TXN006116,2026-07-07 18:26:49,ACC00578,ACC00281,1324.94,UPI,transfer,0,,normal
TXN006117,2026-07-07 18:38:00,ACC00537,ACC00267,7418.14,RTGS,transfer,0,,normal
TXN006118,2026-07-07 18:45:43,ACC00454,ACC00373,6417.38,CASH_DEPOSIT,cash_deposit,0,,normal
TXN006119,2026-07-07 18:47:21,ACC00545,ACC00163,897.99,UPI,transfer,0,,normal
TXN006120,2026-07-07 18:50:59,ACC00306,ACC00503,6169.13,NEFT,transfer,0,,normal
TXN006121,2026-07-07 19:07:33,ACC00169,ACC00056,1651.7,IMPS,transfer,0,,normal
TXN006122,2026-07-07 19:25:22,ACC00665,ACC00545,4096.79,UPI,transfer,0,,normal
TXN006123,2026-07-07 19:50:28,ACC00455,ACC00248,3483.98,CASH_DEPOSIT,cash_deposit,0,,normal
TXN006124,2026-07-07 19:54:01,ACC00306,ACC00577,3552.31,RTGS,transfer,0,,normal
TXN006125,2026-07-07 19:57:27,ACC00422,ACC00401,650.24,NEFT,transfer,0,,normal
TXN006126,2026-07-07 19:58:31,ACC00462,ACC00581,5813.35,UPI,transfer,0,,normal
TXN006127,2026-07-07 20:00:36,ACC00497,ACC00186,3643.19,NEFT,transfer,0,,normal
TXN006128,2026-07-07 20:09:12,ACC00299,ACC00037,694.89,CASH_DEPOSIT,cash_deposit,0,,normal
TXN006129,2026-07-07 20:19:51,ACC00062,ACC00194,3442.7,CASH_DEPOSIT,transfer,1,DORM008,dormant_reactivation
TXN006130,2026-07-07 20:35:58,ACC00219,ACC00237,8372.88,IMPS,transfer,0,,normal
TXN006131,2026-07-07 20:55:16,ACC00285,ACC00439,5198.05,NEFT,transfer,0,,normal
TXN006132,2026-07-07 21:12:44,ACC00468,ACC00339,3929.94,RTGS,transfer,0,,normal
TXN006133,2026-07-07 21:23:00,ACC00289,ACC00002,4777.56,UPI,transfer,0,,normal
TXN006134,2026-07-07 21:24:49,ACC00531,ACC00381,2972.57,CASH_DEPOSIT,cash_deposit,0,,normal
TXN006135,2026-07-07 22:02:21,ACC00455,ACC00087,4353.83,RTGS,transfer,0,,normal
TXN006136,2026-07-07 22:05:38,ACC00635,ACC00060,12145.73,UPI,transfer,0,,normal
TXN006137,2026-07-07 22:07:20,ACC00361,ACC00031,943.2,NEFT,transfer,0,,normal
TXN006138,2026-07-07 22:23:08,ACC00337,ACC00249,2000.43,IMPS,transfer,0,,normal
TXN006139,2026-07-07 22:31:09,ACC00690,ACC00276,2070.73,RTGS,transfer,0,,normal
TXN006140,2026-07-07 22:32:13,ACC00382,ACC00516,11507.08,CASH_DEPOSIT,cash_deposit,0,,normal
TXN006141,2026-07-07 22:35:05,ACC00636,ACC00377,12295.42,UPI,transfer,0,,normal
TXN006142,2026-07-07 22:37:36,ACC00002,ACC00553,8278.01,NEFT,transfer,0,,normal
TXN006143,2026-07-07 22:50:21,ACC00186,ACC00354,2519.01,CASH_DEPOSIT,cash_deposit,0,,normal
TXN006144,2026-07-07 22:50:50,ACC00540,ACC00259,4425.32,RTGS,transfer,0,,normal
TXN006145,2026-07-07 23:03:15,ACC00207,ACC00030,2449.78,NEFT,transfer,0,,normal
TXN006146,2026-07-07 23:12:27,ACC00194,ACC00131,13552.08,NEFT,transfer,1,DORM008,dormant_reactivation
TXN006147,2026-07-07 23:14:38,ACC00235,ACC00298,2831.16,NEFT,transfer,0,,normal
TXN006148,2026-07-07 23:21:46,ACC00063,ACC00611,5718.81,NEFT,transfer,0,,normal
TXN006149,2026-07-07 23:26:19,ACC00395,ACC00670,2755.24,CASH_DEPOSIT,cash_deposit,0,,normal
TXN006150,2026-07-07 23:29:24,ACC00565,ACC00212,2254.19,NEFT,transfer,0,,normal
TXN006151,2026-07-07 23:31:45,ACC00107,ACC00416,4922.39,UPI,transfer,0,,normal
TXN006152,2026-07-07 23:32:25,ACC00690,ACC00234,3126.45,RTGS,transfer,0,,normal
TXN006153,2026-07-07 23:33:49,ACC00605,ACC00262,11324.96,RTGS,transfer,0,,normal
TXN006154,2026-07-07 23:43:15,ACC00245,ACC00298,1492.85,UPI,transfer,0,,normal
TXN006155,2026-07-07 23:45:28,ACC00293,ACC00622,9752.89,NEFT,transfer,0,,normal
TXN006156,2026-07-07 23:53:05,ACC00344,ACC00376,3058.45,RTGS,transfer,0,,normal
TXN006157,2026-07-08 00:05:27,ACC00657,ACC00114,6906.85,IMPS,transfer,0,,normal
TXN006158,2026-07-08 00:12:57,ACC00374,ACC00575,12297.19,UPI,transfer,0,,normal
TXN006159,2026-07-08 00:16:27,ACC00326,ACC00548,4409.61,CASH_DEPOSIT,cash_deposit,0,,normal
TXN006160,2026-07-08 00:36:44,ACC00530,ACC00628,5220.94,NEFT,transfer,0,,normal
TXN006161,2026-07-08 00:45:56,ACC00153,ACC00651,3816.97,UPI,transfer,0,,normal
TXN006162,2026-07-08 00:48:43,ACC00667,ACC00046,2895.67,NEFT,transfer,0,,normal
TXN006163,2026-07-08 01:00:12,ACC00512,ACC00691,1807.53,IMPS,transfer,0,,normal
TXN006164,2026-07-08 01:17:50,ACC00094,ACC00165,10446.8,IMPS,transfer,0,,normal
TXN006165,2026-07-08 01:25:06,ACC00376,ACC00556,7118.87,RTGS,transfer,0,,normal
TXN006166,2026-07-08 01:27:14,ACC00004,ACC00379,792.48,NEFT,transfer,0,,normal
TXN006167,2026-07-08 01:40:39,ACC00555,ACC00082,11266.98,CASH_DEPOSIT,cash_deposit,0,,normal
TXN006168,2026-07-08 01:41:59,ACC00194,ACC00658,20227.19,CASH_DEPOSIT,transfer,1,DORM008,dormant_reactivation
TXN006169,2026-07-08 01:45:20,ACC00567,ACC00426,13667.91,UPI,transfer,0,,normal
TXN006170,2026-07-08 01:58:11,ACC00226,ACC00176,1684.6,IMPS,transfer,0,,normal
TXN006171,2026-07-08 02:06:04,ACC00338,ACC00163,2349.58,RTGS,transfer,0,,normal
TXN006172,2026-07-08 02:11:34,ACC00520,ACC00153,3685.29,CASH_DEPOSIT,cash_deposit,0,,normal
TXN006173,2026-07-08 02:31:47,ACC00339,ACC00194,6180.37,CASH_DEPOSIT,transfer,1,DORM008,dormant_reactivation
TXN006174,2026-07-08 02:35:02,ACC00405,ACC00228,4434.04,UPI,transfer,0,,normal
TXN006175,2026-07-08 02:48:02,ACC00379,ACC00623,2313.96,NEFT,transfer,0,,normal
TXN006176,2026-07-08 02:49:37,ACC00597,ACC00623,7535.55,UPI,transfer,1,DORM003,dormant_reactivation
TXN006177,2026-07-08 02:58:35,ACC00421,ACC00420,1743.09,NEFT,transfer,0,,normal
TXN006178,2026-07-08 03:08:06,ACC00266,ACC00471,9222.41,NEFT,transfer,0,,normal
TXN006179,2026-07-08 03:23:54,ACC00446,ACC00309,1919.51,RTGS,transfer,0,,normal
TXN006180,2026-07-08 03:36:26,ACC00597,ACC00193,3611.68,RTGS,transfer,1,DORM003,dormant_reactivation
TXN006181,2026-07-08 03:45:29,ACC00630,ACC00001,2298.72,IMPS,transfer,0,,normal
TXN006182,2026-07-08 03:50:00,ACC00688,ACC00087,1238.24,CASH_DEPOSIT,cash_deposit,0,,normal
TXN006183,2026-07-08 04:00:47,ACC00569,ACC00100,9574.76,RTGS,transfer,0,,normal
TXN006184,2026-07-08 04:04:54,ACC00328,ACC00355,13460.03,RTGS,transfer,0,,normal
TXN006185,2026-07-08 04:05:42,ACC00260,ACC00368,1319.15,IMPS,transfer,0,,normal
TXN006186,2026-07-08 04:09:58,ACC00432,ACC00498,11148.78,IMPS,transfer,0,,normal
TXN006187,2026-07-08 04:11:43,ACC00088,ACC00559,2642.88,CASH_DEPOSIT,cash_deposit,0,,normal
TXN006188,2026-07-08 04:14:20,ACC00184,ACC00229,821.06,RTGS,transfer,0,,normal
TXN006189,2026-07-08 04:29:28,ACC00002,ACC00103,1776.33,NEFT,transfer,0,,normal
TXN006190,2026-07-08 04:38:09,ACC00659,ACC00528,2036.49,RTGS,transfer,0,,normal
TXN006191,2026-07-08 04:41:44,ACC00281,ACC00549,13400.09,RTGS,transfer,0,,normal
TXN006192,2026-07-08 04:43:41,ACC00015,ACC00327,1652.66,NEFT,transfer,0,,normal
TXN006193,2026-07-08 04:59:05,ACC00311,ACC00634,1259.62,RTGS,transfer,0,,normal
TXN006194,2026-07-08 05:00:30,ACC00654,ACC00552,3123.32,UPI,transfer,0,,normal
TXN006195,2026-07-08 05:21:33,ACC00587,ACC00121,2854.55,UPI,transfer,0,,normal
TXN006196,2026-07-08 05:23:52,ACC00675,ACC00252,961.72,UPI,transfer,0,,normal
TXN006197,2026-07-08 05:24:27,ACC00530,ACC00100,1626.38,RTGS,transfer,0,,normal
TXN006198,2026-07-08 05:24:54,ACC00296,ACC00168,2608.36,RTGS,transfer,0,,normal
TXN006199,2026-07-08 05:31:36,ACC00591,ACC00189,2114.4,IMPS,transfer,0,,normal
TXN006200,2026-07-08 05:35:08,ACC00640,ACC00587,1509.1,NEFT,transfer,0,,normal
TXN006201,2026-07-08 05:37:56,ACC00655,ACC00058,1901.86,IMPS,transfer,0,,normal
TXN006202,2026-07-08 05:49:01,ACC00195,ACC00595,351163.55,IMPS,transfer,1,LAYER004,cyclic_layering
TXN006203,2026-07-08 05:50:50,ACC00194,ACC00544,6452.52,RTGS,transfer,1,DORM008,dormant_reactivation
TXN006204,2026-07-08 05:59:29,ACC00024,ACC00230,2357.56,NEFT,transfer,0,,normal
TXN006205,2026-07-08 06:08:40,ACC00133,ACC00624,2540.73,UPI,transfer,0,,normal
TXN006206,2026-07-08 06:15:43,ACC00056,ACC00474,741.49,CASH_DEPOSIT,cash_deposit,0,,normal
TXN006207,2026-07-08 06:19:48,ACC00510,ACC00503,1899.12,IMPS,transfer,0,,normal
TXN006208,2026-07-08 06:23:11,ACC00018,ACC00515,13756.15,IMPS,transfer,0,,normal
TXN006209,2026-07-08 06:33:47,ACC00123,ACC00640,4279.79,NEFT,transfer,0,,normal
TXN006210,2026-07-08 06:43:31,ACC00597,ACC00215,1930.15,RTGS,transfer,1,DORM003,dormant_reactivation
TXN006211,2026-07-08 06:53:09,ACC00168,ACC00430,864.3,RTGS,transfer,0,,normal
TXN006212,2026-07-08 06:57:53,ACC00117,ACC00024,9660.28,UPI,transfer,0,,normal
TXN006213,2026-07-08 07:00:26,ACC00365,ACC00054,1240.29,IMPS,transfer,0,,normal
TXN006214,2026-07-08 07:05:06,ACC00483,ACC00696,2764.57,RTGS,transfer,0,,normal
TXN006215,2026-07-08 07:05:32,ACC00221,ACC00469,972.52,NEFT,transfer,0,,normal
TXN006216,2026-07-08 07:10:10,ACC00545,ACC00389,3341.19,NEFT,transfer,0,,normal
TXN006217,2026-07-08 07:15:18,ACC00614,ACC00544,2620.93,RTGS,transfer,0,,normal
TXN006218,2026-07-08 07:15:24,ACC00010,ACC00512,16164.74,NEFT,transfer,0,,normal
TXN006219,2026-07-08 07:23:17,ACC00249,ACC00216,489.11,IMPS,transfer,0,,normal
TXN006220,2026-07-08 07:24:32,ACC00450,ACC00493,2420.98,RTGS,transfer,0,,normal
TXN006221,2026-07-08 07:32:17,ACC00547,ACC00434,4197.67,NEFT,transfer,0,,normal
TXN006222,2026-07-08 07:40:28,ACC00383,ACC00648,2957.32,UPI,transfer,0,,normal
TXN006223,2026-07-08 07:52:15,ACC00503,ACC00044,1486.78,CASH_DEPOSIT,cash_deposit,0,,normal
TXN006224,2026-07-08 07:53:25,ACC00068,ACC00674,4799.58,NEFT,transfer,0,,normal
TXN006225,2026-07-08 07:54:50,ACC00378,ACC00060,22975.32,UPI,transfer,0,,normal
TXN006226,2026-07-08 07:57:03,ACC00111,ACC00547,1262.72,IMPS,transfer,0,,normal
TXN006227,2026-07-08 07:57:47,ACC00232,ACC00495,1478.55,UPI,transfer,0,,normal
TXN006228,2026-07-08 08:01:38,ACC00556,ACC00365,2052.49,UPI,transfer,0,,normal
TXN006229,2026-07-08 08:03:40,ACC00335,ACC00099,2458.64,UPI,transfer,0,,normal
TXN006230,2026-07-08 08:06:45,ACC00070,ACC00317,13071.2,CASH_DEPOSIT,cash_deposit,0,,normal
TXN006231,2026-07-08 08:13:54,ACC00697,ACC00295,23119.62,IMPS,transfer,0,,normal
TXN006232,2026-07-08 08:14:04,ACC00631,ACC00628,4876.55,UPI,transfer,0,,normal
TXN006233,2026-07-08 08:20:51,ACC00546,ACC00550,1313.56,CASH_DEPOSIT,cash_deposit,0,,normal
TXN006234,2026-07-08 08:28:00,ACC00649,ACC00357,11446.55,IMPS,transfer,0,,normal
TXN006235,2026-07-08 08:35:20,ACC00197,ACC00093,3314.6,IMPS,transfer,0,,normal
TXN006236,2026-07-08 08:46:15,ACC00283,ACC00175,4405.86,RTGS,transfer,0,,normal
TXN006237,2026-07-08 08:52:36,ACC00026,ACC00530,819.78,CASH_DEPOSIT,cash_deposit,0,,normal
TXN006238,2026-07-08 08:54:29,ACC00172,ACC00067,653.0,NEFT,transfer,0,,normal
TXN006239,2026-07-08 08:56:12,ACC00194,ACC00379,10515.0,UPI,transfer,1,DORM008,dormant_reactivation
TXN006240,2026-07-08 08:59:01,ACC00194,ACC00158,17347.93,NEFT,transfer,1,DORM008,dormant_reactivation
TXN006241,2026-07-08 09:14:27,ACC00155,ACC00180,6823.83,CASH_DEPOSIT,cash_deposit,0,,normal
TXN006242,2026-07-08 09:15:49,ACC00243,ACC00483,23083.33,UPI,transfer,0,,normal
TXN006243,2026-07-08 09:24:19,ACC00300,ACC00152,2089.14,RTGS,transfer,0,,normal
TXN006244,2026-07-08 09:26:26,ACC00257,ACC00246,1892.97,CASH_DEPOSIT,cash_deposit,0,,normal
TXN006245,2026-07-08 09:43:57,ACC00629,ACC00639,3362.58,RTGS,transfer,0,,normal
TXN006246,2026-07-08 09:57:30,ACC00172,ACC00415,2972.19,NEFT,transfer,0,,normal
TXN006247,2026-07-08 10:03:17,ACC00113,ACC00047,5655.19,NEFT,transfer,0,,normal
TXN006248,2026-07-08 10:23:57,ACC00590,ACC00686,6811.3,CASH_DEPOSIT,cash_deposit,0,,normal
TXN006249,2026-07-08 10:30:03,ACC00134,ACC00203,9647.19,UPI,transfer,0,,normal
TXN006250,2026-07-08 10:34:32,ACC00456,ACC00090,9148.44,NEFT,transfer,0,,normal
TXN006251,2026-07-08 10:39:44,ACC00111,ACC00335,4077.79,IMPS,transfer,0,,normal
TXN006252,2026-07-08 10:48:05,ACC00314,ACC00603,756.62,CASH_DEPOSIT,cash_deposit,0,,normal
TXN006253,2026-07-08 10:48:44,ACC00156,ACC00153,2830.52,UPI,transfer,0,,normal
TXN006254,2026-07-08 10:50:04,ACC00486,ACC00395,367521.96,RTGS,transfer,1,LAYER007,cyclic_layering
TXN006255,2026-07-08 10:57:21,ACC00397,ACC00253,2371.09,IMPS,transfer,0,,normal
TXN006256,2026-07-08 10:58:44,ACC00684,ACC00032,1562.41,IMPS,transfer,0,,normal
TXN006257,2026-07-08 11:00:42,ACC00194,ACC00216,7922.5,CASH_DEPOSIT,transfer,1,DORM008,dormant_reactivation
TXN006258,2026-07-08 11:16:09,ACC00331,ACC00252,1091.44,RTGS,transfer,0,,normal
TXN006259,2026-07-08 11:19:06,ACC00565,ACC00234,3430.63,CASH_DEPOSIT,cash_deposit,0,,normal
TXN006260,2026-07-08 11:26:38,ACC00449,ACC00299,2108.69,RTGS,transfer,0,,normal
TXN006261,2026-07-08 11:26:51,ACC00156,ACC00664,4968.5,NEFT,transfer,0,,normal
TXN006262,2026-07-08 11:32:32,ACC00065,ACC00373,5064.17,IMPS,transfer,0,,normal
TXN006263,2026-07-08 11:39:18,ACC00499,ACC00050,4723.31,CASH_DEPOSIT,cash_deposit,0,,normal
TXN006264,2026-07-08 11:45:50,ACC00383,ACC00498,3275.09,UPI,transfer,0,,normal
TXN006265,2026-07-08 11:55:44,ACC00503,ACC00518,3624.26,RTGS,transfer,0,,normal
TXN006266,2026-07-08 12:05:49,ACC00194,ACC00413,9082.76,NEFT,transfer,1,DORM008,dormant_reactivation
TXN006267,2026-07-08 12:08:45,ACC00176,ACC00217,4303.8,RTGS,transfer,0,,normal
TXN006268,2026-07-08 12:12:53,ACC00019,ACC00621,2188.88,CASH_DEPOSIT,cash_deposit,0,,normal
TXN006269,2026-07-08 12:22:15,ACC00661,ACC00084,2484.07,CASH_DEPOSIT,cash_deposit,0,,normal
TXN006270,2026-07-08 12:23:27,ACC00287,ACC00597,9177.64,RTGS,transfer,1,DORM003,dormant_reactivation
TXN006271,2026-07-08 12:23:54,ACC00219,ACC00597,15029.39,NEFT,transfer,1,DORM003,dormant_reactivation
TXN006272,2026-07-08 12:24:49,ACC00124,ACC00595,2582.55,CASH_DEPOSIT,cash_deposit,0,,normal
TXN006273,2026-07-08 12:27:10,ACC00194,ACC00110,10932.18,CASH_DEPOSIT,transfer,1,DORM008,dormant_reactivation
TXN006274,2026-07-08 12:27:13,ACC00399,ACC00033,3239.89,UPI,transfer,0,,normal
TXN006275,2026-07-08 12:32:17,ACC00073,ACC00005,993.39,IMPS,transfer,0,,normal
TXN006276,2026-07-08 12:33:04,ACC00069,ACC00094,2338.55,UPI,transfer,0,,normal
TXN006277,2026-07-08 12:38:04,ACC00650,ACC00392,3993.33,IMPS,transfer,0,,normal
TXN006278,2026-07-08 12:51:21,ACC00560,ACC00168,711.97,RTGS,transfer,0,,normal
TXN006279,2026-07-08 12:57:57,ACC00255,ACC00164,2352.48,NEFT,transfer,0,,normal
TXN006280,2026-07-08 12:58:13,ACC00059,ACC00641,5787.15,IMPS,transfer,0,,normal
TXN006281,2026-07-08 13:11:47,ACC00470,ACC00014,591.15,NEFT,transfer,0,,normal
TXN006282,2026-07-08 13:30:35,ACC00281,ACC00378,628.92,UPI,transfer,0,,normal
TXN006283,2026-07-08 13:39:47,ACC00404,ACC00570,4303.22,CASH_DEPOSIT,cash_deposit,0,,normal
TXN006284,2026-07-08 13:42:20,ACC00287,ACC00214,6161.48,UPI,transfer,0,,normal
TXN006285,2026-07-08 13:45:34,ACC00194,ACC00548,16024.49,IMPS,transfer,1,DORM008,dormant_reactivation
TXN006286,2026-07-08 13:53:43,ACC00173,ACC00521,8968.45,CASH_DEPOSIT,cash_deposit,0,,normal
TXN006287,2026-07-08 13:57:08,ACC00277,ACC00354,20744.24,CASH_DEPOSIT,cash_deposit,0,,normal
TXN006288,2026-07-08 14:11:54,ACC00434,ACC00170,2359.99,NEFT,transfer,0,,normal
TXN006289,2026-07-08 14:16:18,ACC00057,ACC00541,23421.35,UPI,transfer,0,,normal
TXN006290,2026-07-08 14:38:30,ACC00447,ACC00651,4890.7,RTGS,transfer,0,,normal
TXN006291,2026-07-08 14:53:51,ACC00092,ACC00644,7981.95,CASH_DEPOSIT,cash_deposit,0,,normal
TXN006292,2026-07-08 15:04:37,ACC00381,ACC00463,6707.97,CASH_DEPOSIT,cash_deposit,0,,normal
TXN006293,2026-07-08 15:05:16,ACC00067,ACC00198,1737.38,NEFT,transfer,0,,normal
TXN006294,2026-07-08 15:11:23,ACC00271,ACC00291,2127.7,RTGS,transfer,0,,normal
TXN006295,2026-07-08 15:15:45,ACC00631,ACC00030,3046.83,NEFT,transfer,0,,normal
TXN006296,2026-07-08 15:22:32,ACC00419,ACC00335,950.31,NEFT,transfer,0,,normal
TXN006297,2026-07-08 15:28:31,ACC00652,ACC00091,4193.44,NEFT,transfer,0,,normal
TXN006298,2026-07-08 15:29:06,ACC00411,ACC00473,3956.6,NEFT,transfer,0,,normal
TXN006299,2026-07-08 15:33:52,ACC00203,ACC00207,6062.89,RTGS,transfer,0,,normal
TXN006300,2026-07-08 15:34:13,ACC00202,ACC00514,334.74,RTGS,transfer,0,,normal
TXN006301,2026-07-08 15:39:20,ACC00085,ACC00430,2376.16,RTGS,transfer,0,,normal
TXN006302,2026-07-08 16:07:36,ACC00158,ACC00065,3495.64,RTGS,transfer,0,,normal
TXN006303,2026-07-08 16:13:03,ACC00444,ACC00160,4533.69,UPI,transfer,0,,normal
TXN006304,2026-07-08 16:21:08,ACC00661,ACC00606,20561.22,RTGS,transfer,0,,normal
TXN006305,2026-07-08 16:23:19,ACC00354,ACC00060,1012.31,NEFT,transfer,0,,normal
TXN006306,2026-07-08 16:42:48,ACC00100,ACC00228,3487.64,RTGS,transfer,0,,normal
TXN006307,2026-07-08 16:43:13,ACC00042,ACC00619,3409.87,CASH_DEPOSIT,cash_deposit,0,,normal
TXN006308,2026-07-08 16:49:46,ACC00597,ACC00682,4394.54,RTGS,transfer,1,DORM003,dormant_reactivation
TXN006309,2026-07-08 17:03:56,ACC00457,ACC00066,5164.37,IMPS,transfer,0,,normal
TXN006310,2026-07-08 17:10:23,ACC00539,ACC00074,3128.95,UPI,transfer,0,,normal
TXN006311,2026-07-08 17:22:18,ACC00409,ACC00629,2571.67,NEFT,transfer,0,,normal
TXN006312,2026-07-08 17:24:21,ACC00505,ACC00144,1477.35,RTGS,transfer,0,,normal
TXN006313,2026-07-08 17:42:52,ACC00356,ACC00101,1097.51,IMPS,transfer,0,,normal
TXN006314,2026-07-08 17:47:51,ACC00414,ACC00416,8621.48,UPI,transfer,0,,normal
TXN006315,2026-07-08 18:15:29,ACC00144,ACC00483,2858.98,IMPS,transfer,0,,normal
TXN006316,2026-07-08 18:17:05,ACC00135,ACC00540,3907.76,NEFT,transfer,0,,normal
TXN006317,2026-07-08 18:32:04,ACC00054,ACC00695,3799.95,CASH_DEPOSIT,cash_deposit,0,,normal
TXN006318,2026-07-08 18:33:47,ACC00597,ACC00012,13326.23,UPI,transfer,1,DORM003,dormant_reactivation
TXN006319,2026-07-08 18:53:09,ACC00409,ACC00485,4403.95,NEFT,transfer,0,,normal
TXN006320,2026-07-08 19:04:24,ACC00182,ACC00033,4935.27,UPI,transfer,0,,normal
TXN006321,2026-07-08 19:13:04,ACC00453,ACC00304,7986.72,CASH_DEPOSIT,cash_deposit,0,,normal
TXN006322,2026-07-08 19:18:58,ACC00067,ACC00641,6271.04,IMPS,transfer,0,,normal
TXN006323,2026-07-08 19:24:05,ACC00318,ACC00617,2343.47,IMPS,transfer,0,,normal
TXN006324,2026-07-08 19:37:36,ACC00156,ACC00028,2208.88,CASH_DEPOSIT,cash_deposit,0,,normal
TXN006325,2026-07-08 19:47:29,ACC00095,ACC00307,22742.22,NEFT,transfer,0,,normal
TXN006326,2026-07-08 19:57:24,ACC00478,ACC00343,20612.59,UPI,transfer,0,,normal
TXN006327,2026-07-08 19:58:40,ACC00537,ACC00035,20205.76,UPI,transfer,0,,normal
TXN006328,2026-07-08 19:58:53,ACC00649,ACC00281,2938.64,CASH_DEPOSIT,cash_deposit,0,,normal
TXN006329,2026-07-08 20:03:48,ACC00022,ACC00597,6975.83,NEFT,transfer,1,DORM003,dormant_reactivation
TXN006330,2026-07-08 20:13:06,ACC00159,ACC00562,1940.16,RTGS,transfer,0,,normal
TXN006331,2026-07-08 20:39:32,ACC00660,ACC00336,6528.9,IMPS,transfer,0,,normal
TXN006332,2026-07-08 20:47:49,ACC00201,ACC00574,2425.77,RTGS,transfer,0,,normal
TXN006333,2026-07-08 20:54:57,ACC00151,ACC00391,2722.38,CASH_DEPOSIT,cash_deposit,0,,normal
TXN006334,2026-07-08 21:13:21,ACC00162,ACC00312,2509.29,UPI,transfer,0,,normal
TXN006335,2026-07-08 21:16:32,ACC00288,ACC00626,5584.79,IMPS,transfer,0,,normal
TXN006336,2026-07-08 21:24:24,ACC00607,ACC00165,2985.4,NEFT,transfer,0,,normal
TXN006337,2026-07-08 21:25:12,ACC00597,ACC00582,14682.72,IMPS,transfer,1,DORM003,dormant_reactivation
TXN006338,2026-07-08 21:30:15,ACC00211,ACC00071,5168.01,CASH_DEPOSIT,cash_deposit,0,,normal
TXN006339,2026-07-08 21:39:49,ACC00474,ACC00105,4539.33,RTGS,transfer,0,,normal
TXN006340,2026-07-08 21:41:31,ACC00232,ACC00078,3687.48,IMPS,transfer,0,,normal
TXN006341,2026-07-08 21:55:23,ACC00276,ACC00200,11531.59,IMPS,transfer,0,,normal
TXN006342,2026-07-08 21:56:11,ACC00551,ACC00681,2415.09,CASH_DEPOSIT,cash_deposit,0,,normal
TXN006343,2026-07-08 22:11:34,ACC00310,ACC00213,13690.08,IMPS,transfer,0,,normal
TXN006344,2026-07-08 22:29:17,ACC00132,ACC00597,14582.18,IMPS,transfer,1,DORM003,dormant_reactivation
TXN006345,2026-07-08 22:41:26,ACC00672,ACC00259,4182.35,NEFT,transfer,0,,normal
TXN006346,2026-07-08 22:43:44,ACC00586,ACC00563,17351.65,NEFT,transfer,0,,normal
TXN006347,2026-07-08 22:45:11,ACC00646,ACC00171,1272.37,CASH_DEPOSIT,cash_deposit,0,,normal
TXN006348,2026-07-08 22:46:39,ACC00599,ACC00391,7884.12,UPI,transfer,0,,normal
TXN006349,2026-07-08 22:55:30,ACC00656,ACC00290,1296.67,CASH_DEPOSIT,cash_deposit,0,,normal
TXN006350,2026-07-08 22:56:07,ACC00686,ACC00226,1259.16,CASH_DEPOSIT,cash_deposit,0,,normal
TXN006351,2026-07-08 23:12:46,ACC00175,ACC00225,1596.16,CASH_DEPOSIT,cash_deposit,0,,normal
TXN006352,2026-07-08 23:13:49,ACC00333,ACC00424,9341.49,CASH_DEPOSIT,cash_deposit,0,,normal
TXN006353,2026-07-08 23:32:25,ACC00597,ACC00661,24556.21,CASH_DEPOSIT,transfer,1,DORM003,dormant_reactivation
TXN006354,2026-07-08 23:42:54,ACC00319,ACC00597,16552.92,CASH_DEPOSIT,transfer,1,DORM003,dormant_reactivation
TXN006355,2026-07-08 23:49:40,ACC00018,ACC00469,6490.35,IMPS,transfer,0,,normal
TXN006356,2026-07-09 00:00:53,ACC00389,ACC00584,14862.55,NEFT,transfer,0,,normal
TXN006357,2026-07-09 00:11:22,ACC00258,ACC00492,4300.44,NEFT,transfer,0,,normal
TXN006358,2026-07-09 00:15:57,ACC00087,ACC00675,1354.06,NEFT,transfer,0,,normal
TXN006359,2026-07-09 00:23:33,ACC00175,ACC00698,1760.17,NEFT,transfer,0,,normal
TXN006360,2026-07-09 00:32:18,ACC00200,ACC00146,876.55,UPI,transfer,0,,normal
TXN006361,2026-07-09 00:41:02,ACC00509,ACC00195,1431.73,RTGS,transfer,0,,normal
TXN006362,2026-07-09 00:56:14,ACC00198,ACC00525,18967.97,UPI,transfer,0,,normal
TXN006363,2026-07-09 00:57:58,ACC00007,ACC00252,19958.22,NEFT,transfer,0,,normal
TXN006364,2026-07-09 00:59:46,ACC00545,ACC00695,2270.81,RTGS,transfer,0,,normal
TXN006365,2026-07-09 00:59:47,ACC00597,ACC00490,6359.96,UPI,transfer,1,DORM003,dormant_reactivation
TXN006366,2026-07-09 01:48:59,ACC00588,ACC00597,12535.29,NEFT,transfer,1,DORM003,dormant_reactivation
TXN006367,2026-07-09 01:56:34,ACC00448,ACC00238,2958.77,CASH_DEPOSIT,cash_deposit,0,,normal
TXN006368,2026-07-09 02:05:06,ACC00228,ACC00426,21738.55,CASH_DEPOSIT,cash_deposit,0,,normal
TXN006369,2026-07-09 02:12:14,ACC00669,ACC00082,3475.97,UPI,transfer,0,,normal
TXN006370,2026-07-09 02:43:38,ACC00373,ACC00423,4045.71,UPI,transfer,0,,normal
TXN006371,2026-07-09 02:52:46,ACC00262,ACC00597,6356.18,RTGS,transfer,1,DORM003,dormant_reactivation
TXN006372,2026-07-09 03:09:51,ACC00671,ACC00102,1338.4,NEFT,transfer,0,,normal
TXN006373,2026-07-09 03:38:18,ACC00043,ACC00324,1975.35,RTGS,transfer,0,,normal
TXN006374,2026-07-09 03:39:07,ACC00682,ACC00430,13253.46,IMPS,transfer,0,,normal
TXN006375,2026-07-09 03:55:16,ACC00508,ACC00597,7183.84,CASH_DEPOSIT,transfer,1,DORM003,dormant_reactivation
TXN006376,2026-07-09 04:02:07,ACC00281,ACC00197,4384.04,CASH_DEPOSIT,cash_deposit,0,,normal
TXN006377,2026-07-09 04:04:25,ACC00164,ACC00015,3905.76,RTGS,transfer,0,,normal
TXN006378,2026-07-09 04:07:01,ACC00269,ACC00518,5195.05,UPI,transfer,0,,normal
TXN006379,2026-07-09 04:36:52,ACC00321,ACC00338,1059.37,IMPS,transfer,0,,normal
TXN006380,2026-07-09 04:37:41,ACC00021,ACC00350,2132.28,UPI,transfer,0,,normal
TXN006381,2026-07-09 04:38:36,ACC00219,ACC00315,3911.27,NEFT,transfer,0,,normal
TXN006382,2026-07-09 04:42:10,ACC00425,ACC00143,1082.21,IMPS,transfer,0,,normal
TXN006383,2026-07-09 05:00:40,ACC00147,ACC00373,15215.14,IMPS,transfer,0,,normal
TXN006384,2026-07-09 05:06:48,ACC00126,ACC00130,6020.05,NEFT,transfer,0,,normal
TXN006385,2026-07-09 05:10:38,ACC00563,ACC00131,1334.96,UPI,transfer,0,,normal
TXN006386,2026-07-09 05:18:07,ACC00569,ACC00229,5503.25,IMPS,transfer,0,,normal
TXN006387,2026-07-09 06:05:32,ACC00535,ACC00681,1922.13,CASH_DEPOSIT,cash_deposit,0,,normal
TXN006388,2026-07-09 06:10:02,ACC00672,ACC00158,7373.17,IMPS,transfer,0,,normal
TXN006389,2026-07-09 06:11:51,ACC00270,ACC00628,3146.63,CASH_DEPOSIT,cash_deposit,0,,normal
TXN006390,2026-07-09 06:31:30,ACC00586,ACC00415,15237.64,IMPS,transfer,0,,normal
TXN006391,2026-07-09 06:40:15,ACC00084,ACC00485,4376.26,RTGS,transfer,0,,normal
TXN006392,2026-07-09 06:43:06,ACC00187,ACC00131,7549.48,NEFT,transfer,0,,normal
TXN006393,2026-07-09 06:43:30,ACC00057,ACC00120,4861.79,CASH_DEPOSIT,cash_deposit,0,,normal
TXN006394,2026-07-09 06:59:22,ACC00089,ACC00569,1312.32,CASH_DEPOSIT,cash_deposit,0,,normal
TXN006395,2026-07-09 07:22:16,ACC00513,ACC00573,6864.07,UPI,transfer,0,,normal
TXN006396,2026-07-09 07:27:52,ACC00047,ACC00145,3870.99,UPI,transfer,0,,normal
TXN006397,2026-07-09 07:34:44,ACC00443,ACC00308,478.08,NEFT,transfer,0,,normal
TXN006398,2026-07-09 07:50:01,ACC00631,ACC00398,3151.46,NEFT,transfer,0,,normal
TXN006399,2026-07-09 07:50:43,ACC00313,ACC00515,3450.63,CASH_DEPOSIT,cash_deposit,0,,normal
TXN006400,2026-07-09 07:58:25,ACC00308,ACC00035,2383.49,IMPS,transfer,0,,normal
TXN006401,2026-07-09 08:03:02,ACC00650,ACC00209,2263.19,NEFT,transfer,0,,normal
TXN006402,2026-07-09 08:11:40,ACC00221,ACC00125,2062.93,CASH_DEPOSIT,cash_deposit,0,,normal
TXN006403,2026-07-09 08:14:47,ACC00696,ACC00502,536.92,UPI,transfer,0,,normal
TXN006404,2026-07-09 08:24:22,ACC00576,ACC00263,957.52,UPI,transfer,0,,normal
TXN006405,2026-07-09 08:39:44,ACC00633,ACC00472,5264.74,UPI,transfer,0,,normal
TXN006406,2026-07-09 08:56:28,ACC00145,ACC00130,1226.26,UPI,transfer,0,,normal
TXN006407,2026-07-09 08:56:44,ACC00054,ACC00542,18133.75,NEFT,transfer,0,,normal
TXN006408,2026-07-09 09:08:11,ACC00621,ACC00509,339.62,IMPS,transfer,0,,normal
TXN006409,2026-07-09 09:13:30,ACC00387,ACC00487,3700.47,IMPS,transfer,0,,normal
TXN006410,2026-07-09 09:21:09,ACC00160,ACC00125,12589.53,IMPS,transfer,0,,normal
TXN006411,2026-07-09 09:33:35,ACC00324,ACC00285,2466.67,CASH_DEPOSIT,cash_deposit,0,,normal
TXN006412,2026-07-09 09:34:40,ACC00510,ACC00368,3561.87,UPI,transfer,0,,normal
TXN006413,2026-07-09 09:39:44,ACC00197,ACC00699,749.98,UPI,transfer,0,,normal
TXN006414,2026-07-09 09:51:13,ACC00438,ACC00624,5334.52,CASH_DEPOSIT,cash_deposit,0,,normal
TXN006415,2026-07-09 10:02:55,ACC00466,ACC00666,3286.47,UPI,transfer,0,,normal
TXN006416,2026-07-09 10:10:47,ACC00189,ACC00241,6857.49,CASH_DEPOSIT,cash_deposit,0,,normal
TXN006417,2026-07-09 10:12:12,ACC00414,ACC00131,4713.85,CASH_DEPOSIT,cash_deposit,0,,normal
TXN006418,2026-07-09 10:16:45,ACC00213,ACC00599,3172.99,CASH_DEPOSIT,cash_deposit,0,,normal
TXN006419,2026-07-09 10:20:18,ACC00564,ACC00333,4389.73,RTGS,transfer,0,,normal
TXN006420,2026-07-09 10:42:47,ACC00109,ACC00077,10954.91,RTGS,transfer,0,,normal
TXN006421,2026-07-09 11:12:55,ACC00454,ACC00196,12744.24,CASH_DEPOSIT,cash_deposit,0,,normal
TXN006422,2026-07-09 11:21:25,ACC00573,ACC00691,4548.46,RTGS,transfer,0,,normal
TXN006423,2026-07-09 11:23:35,ACC00030,ACC00507,2110.6,IMPS,transfer,0,,normal
TXN006424,2026-07-09 11:30:06,ACC00642,ACC00548,1193.75,RTGS,transfer,0,,normal
TXN006425,2026-07-09 11:46:23,ACC00572,ACC00551,757.42,CASH_DEPOSIT,cash_deposit,0,,normal
TXN006426,2026-07-09 11:54:27,ACC00288,ACC00347,6660.27,RTGS,transfer,0,,normal
TXN006427,2026-07-09 12:00:50,ACC00047,ACC00031,5609.6,UPI,transfer,0,,normal
TXN006428,2026-07-09 12:21:52,ACC00474,ACC00621,2715.11,CASH_DEPOSIT,cash_deposit,0,,normal
TXN006429,2026-07-09 12:26:38,ACC00092,ACC00022,12002.72,RTGS,transfer,0,,normal
TXN006430,2026-07-09 12:30:21,ACC00485,ACC00247,5073.87,IMPS,transfer,0,,normal
TXN006431,2026-07-09 12:32:48,ACC00569,ACC00529,3527.74,RTGS,transfer,0,,normal
TXN006432,2026-07-09 12:36:45,ACC00326,ACC00195,1167.24,UPI,transfer,0,,normal
TXN006433,2026-07-09 12:40:00,ACC00409,ACC00151,9424.35,UPI,transfer,0,,normal
TXN006434,2026-07-09 12:48:25,ACC00426,ACC00073,626.95,CASH_DEPOSIT,cash_deposit,0,,normal
TXN006435,2026-07-09 12:55:35,ACC00684,ACC00297,6581.3,RTGS,transfer,0,,normal
TXN006436,2026-07-09 13:04:46,ACC00138,ACC00515,8778.26,NEFT,transfer,0,,normal
TXN006437,2026-07-09 13:11:16,ACC00588,ACC00548,3514.86,IMPS,transfer,0,,normal
TXN006438,2026-07-09 13:18:46,ACC00063,ACC00491,11088.84,UPI,transfer,0,,normal
TXN006439,2026-07-09 13:28:41,ACC00361,ACC00633,4634.32,NEFT,transfer,0,,normal
TXN006440,2026-07-09 13:45:36,ACC00632,ACC00460,1289.05,IMPS,transfer,0,,normal
TXN006441,2026-07-09 14:00:23,ACC00647,ACC00622,2051.18,NEFT,transfer,0,,normal
TXN006442,2026-07-09 14:15:58,ACC00502,ACC00146,9202.45,NEFT,transfer,0,,normal
TXN006443,2026-07-09 14:43:51,ACC00087,ACC00488,2410.71,NEFT,transfer,0,,normal
TXN006444,2026-07-09 14:59:44,ACC00267,ACC00620,2597.75,IMPS,transfer,0,,normal
TXN006445,2026-07-09 15:17:04,ACC00266,ACC00274,1622.58,RTGS,transfer,0,,normal
TXN006446,2026-07-09 15:19:24,ACC00270,ACC00254,4044.64,NEFT,transfer,0,,normal
TXN006447,2026-07-09 15:28:38,ACC00381,ACC00382,1833.68,IMPS,transfer,0,,normal
TXN006448,2026-07-09 15:29:19,ACC00584,ACC00409,5782.88,RTGS,transfer,0,,normal
TXN006449,2026-07-09 15:55:41,ACC00016,ACC00324,8529.61,UPI,transfer,0,,normal
TXN006450,2026-07-09 16:04:07,ACC00552,ACC00125,4747.98,UPI,transfer,0,,normal
TXN006451,2026-07-09 16:05:50,ACC00417,ACC00321,10918.94,UPI,transfer,0,,normal
TXN006452,2026-07-09 16:07:59,ACC00010,ACC00552,8936.23,NEFT,transfer,0,,normal
TXN006453,2026-07-09 16:16:49,ACC00009,ACC00159,7794.88,IMPS,transfer,0,,normal
TXN006454,2026-07-09 16:38:50,ACC00573,ACC00620,637.1,RTGS,transfer,0,,normal
TXN006455,2026-07-09 16:51:15,ACC00166,ACC00233,2818.15,IMPS,transfer,0,,normal
TXN006456,2026-07-09 16:55:32,ACC00308,ACC00175,5461.85,IMPS,transfer,0,,normal
TXN006457,2026-07-09 17:04:17,ACC00579,ACC00461,2727.92,CASH_DEPOSIT,cash_deposit,0,,normal
TXN006458,2026-07-09 17:33:06,ACC00098,ACC00144,2652.14,RTGS,transfer,0,,normal
TXN006459,2026-07-09 17:46:15,ACC00375,ACC00548,3257.26,RTGS,transfer,0,,normal
TXN006460,2026-07-09 17:49:26,ACC00360,ACC00115,1001.89,NEFT,transfer,0,,normal
TXN006461,2026-07-09 18:21:54,ACC00021,ACC00057,5124.51,CASH_DEPOSIT,cash_deposit,0,,normal
TXN006462,2026-07-09 18:33:04,ACC00003,ACC00284,10951.28,IMPS,transfer,0,,normal
TXN006463,2026-07-09 18:43:44,ACC00434,ACC00386,9297.98,IMPS,transfer,0,,normal
TXN006464,2026-07-09 18:49:13,ACC00587,ACC00145,6748.38,CASH_DEPOSIT,cash_deposit,0,,normal
TXN006465,2026-07-09 18:51:23,ACC00629,ACC00539,3604.78,UPI,transfer,0,,normal
TXN006466,2026-07-09 18:52:48,ACC00547,ACC00342,10046.8,UPI,transfer,0,,normal
TXN006467,2026-07-09 18:54:36,ACC00649,ACC00002,2741.94,NEFT,transfer,0,,normal
TXN006468,2026-07-09 19:01:30,ACC00410,ACC00157,4549.32,UPI,transfer,0,,normal
TXN006469,2026-07-09 19:07:29,ACC00140,ACC00594,3742.2,NEFT,transfer,0,,normal
TXN006470,2026-07-09 19:13:46,ACC00453,ACC00523,8031.03,CASH_DEPOSIT,cash_deposit,0,,normal
TXN006471,2026-07-09 19:39:55,ACC00332,ACC00580,611.69,CASH_DEPOSIT,cash_deposit,0,,normal
TXN006472,2026-07-09 19:46:26,ACC00601,ACC00094,5308.93,NEFT,transfer,0,,normal
TXN006473,2026-07-09 19:57:24,ACC00137,ACC00670,41098.64,CASH_DEPOSIT,cash_deposit,0,,normal
TXN006474,2026-07-09 19:57:54,ACC00659,ACC00516,4129.8,RTGS,transfer,0,,normal
TXN006475,2026-07-09 20:02:31,ACC00026,ACC00049,8525.19,IMPS,transfer,0,,normal
TXN006476,2026-07-09 20:42:47,ACC00078,ACC00020,4474.26,CASH_DEPOSIT,cash_deposit,0,,normal
TXN006477,2026-07-09 20:45:16,ACC00017,ACC00193,6663.35,IMPS,transfer,0,,normal
TXN006478,2026-07-09 20:50:13,ACC00032,ACC00147,4917.1,RTGS,transfer,0,,normal
TXN006479,2026-07-09 21:01:01,ACC00243,ACC00090,4352.71,UPI,transfer,0,,normal
TXN006480,2026-07-09 21:05:10,ACC00651,ACC00650,1952.54,IMPS,transfer,0,,normal
TXN006481,2026-07-09 21:06:42,ACC00613,ACC00333,1639.24,RTGS,transfer,0,,normal
TXN006482,2026-07-09 21:32:26,ACC00260,ACC00268,2809.51,NEFT,transfer,0,,normal
TXN006483,2026-07-09 21:45:20,ACC00615,ACC00340,7892.17,NEFT,transfer,0,,normal
TXN006484,2026-07-09 22:00:44,ACC00509,ACC00651,2545.52,CASH_DEPOSIT,cash_deposit,0,,normal
TXN006485,2026-07-09 22:06:17,ACC00686,ACC00268,46249.15,CASH_DEPOSIT,cash_deposit,0,,normal
TXN006486,2026-07-09 22:08:20,ACC00222,ACC00186,3026.75,RTGS,transfer,0,,normal
TXN006487,2026-07-09 22:15:56,ACC00157,ACC00350,1806.02,IMPS,transfer,0,,normal
TXN006488,2026-07-09 22:36:03,ACC00249,ACC00490,1837.74,UPI,transfer,0,,normal
TXN006489,2026-07-09 22:38:21,ACC00620,ACC00108,6596.59,RTGS,transfer,0,,normal
TXN006490,2026-07-09 22:55:02,ACC00287,ACC00306,6379.08,NEFT,transfer,0,,normal
TXN006491,2026-07-09 23:10:00,ACC00133,ACC00526,7158.03,IMPS,transfer,0,,normal
TXN006492,2026-07-09 23:42:50,ACC00147,ACC00324,1844.18,UPI,transfer,0,,normal
TXN006493,2026-07-09 23:50:45,ACC00459,ACC00091,752.46,UPI,transfer,0,,normal
TXN006494,2026-07-10 00:06:16,ACC00208,ACC00272,1128.42,NEFT,transfer,0,,normal
TXN006495,2026-07-10 00:09:24,ACC00232,ACC00440,3083.83,CASH_DEPOSIT,cash_deposit,0,,normal
TXN006496,2026-07-10 00:17:37,ACC00664,ACC00432,3000.09,CASH_DEPOSIT,cash_deposit,0,,normal
TXN006497,2026-07-10 00:18:44,ACC00032,ACC00415,1094.51,CASH_DEPOSIT,cash_deposit,0,,normal
TXN006498,2026-07-10 00:22:58,ACC00143,ACC00166,1771.89,IMPS,transfer,0,,normal
TXN006499,2026-07-10 00:43:49,ACC00350,ACC00201,19103.64,CASH_DEPOSIT,cash_deposit,0,,normal
TXN006500,2026-07-10 00:44:18,ACC00235,ACC00339,831.11,UPI,transfer,0,,normal
TXN006501,2026-07-10 00:55:25,ACC00150,ACC00682,7212.45,UPI,transfer,0,,normal
TXN006502,2026-07-10 01:03:15,ACC00155,ACC00570,7821.65,RTGS,transfer,0,,normal
TXN006503,2026-07-10 01:05:09,ACC00684,ACC00630,2784.77,CASH_DEPOSIT,cash_deposit,0,,normal
TXN006504,2026-07-10 01:12:35,ACC00337,ACC00691,1922.49,NEFT,transfer,0,,normal
TXN006505,2026-07-10 01:30:47,ACC00476,ACC00426,35790.7,IMPS,transfer,0,,normal
TXN006506,2026-07-10 01:31:40,ACC00520,ACC00573,651.66,IMPS,transfer,0,,normal
TXN006507,2026-07-10 02:20:17,ACC00145,ACC00583,2772.22,CASH_DEPOSIT,cash_deposit,0,,normal
TXN006508,2026-07-10 02:54:33,ACC00170,ACC00442,5888.68,IMPS,transfer,0,,normal
TXN006509,2026-07-10 03:03:53,ACC00645,ACC00368,12001.04,RTGS,transfer,0,,normal
TXN006510,2026-07-10 03:37:34,ACC00252,ACC00592,1177.63,NEFT,transfer,0,,normal
TXN006511,2026-07-10 03:44:50,ACC00372,ACC00201,13155.51,NEFT,transfer,0,,normal
TXN006512,2026-07-10 03:45:47,ACC00435,ACC00409,6084.12,NEFT,transfer,0,,normal
TXN006513,2026-07-10 03:58:42,ACC00067,ACC00265,6693.26,IMPS,transfer,0,,normal
TXN006514,2026-07-10 04:34:41,ACC00391,ACC00438,1364.87,NEFT,transfer,0,,normal
TXN006515,2026-07-10 04:34:47,ACC00113,ACC00289,2049.9,CASH_DEPOSIT,cash_deposit,0,,normal
TXN006516,2026-07-10 04:35:29,ACC00152,ACC00421,3828.69,IMPS,transfer,0,,normal
TXN006517,2026-07-10 04:42:45,ACC00119,ACC00098,1925.88,UPI,transfer,0,,normal
TXN006518,2026-07-10 04:47:40,ACC00237,ACC00421,3067.44,RTGS,transfer,0,,normal
TXN006519,2026-07-10 04:48:38,ACC00031,ACC00349,6799.0,RTGS,transfer,0,,normal
TXN006520,2026-07-10 04:50:22,ACC00489,ACC00609,2213.25,NEFT,transfer,0,,normal
TXN006521,2026-07-10 05:13:01,ACC00586,ACC00220,3344.21,IMPS,transfer,0,,normal
TXN006522,2026-07-10 05:28:30,ACC00051,ACC00173,3175.53,IMPS,transfer,0,,normal
TXN006523,2026-07-10 05:34:38,ACC00632,ACC00382,1847.38,NEFT,transfer,0,,normal
TXN006524,2026-07-10 05:38:11,ACC00051,ACC00091,5608.6,CASH_DEPOSIT,cash_deposit,0,,normal
TXN006525,2026-07-10 05:44:56,ACC00592,ACC00230,1289.78,RTGS,transfer,0,,normal
TXN006526,2026-07-10 05:51:34,ACC00545,ACC00393,17559.03,UPI,transfer,0,,normal
TXN006527,2026-07-10 05:55:59,ACC00659,ACC00575,710.95,CASH_DEPOSIT,cash_deposit,0,,normal
TXN006528,2026-07-10 06:08:23,ACC00675,ACC00151,3981.37,IMPS,transfer,0,,normal
TXN006529,2026-07-10 06:17:59,ACC00026,ACC00375,2106.52,NEFT,transfer,0,,normal
TXN006530,2026-07-10 06:38:27,ACC00157,ACC00494,10366.31,IMPS,transfer,0,,normal
TXN006531,2026-07-10 06:52:14,ACC00698,ACC00450,25322.18,RTGS,transfer,0,,normal
TXN006532,2026-07-10 07:01:41,ACC00366,ACC00049,4839.37,UPI,transfer,0,,normal
TXN006533,2026-07-10 07:02:06,ACC00642,ACC00500,1173.03,UPI,transfer,0,,normal
TXN006534,2026-07-10 07:06:19,ACC00580,ACC00366,11795.4,IMPS,transfer,0,,normal
TXN006535,2026-07-10 07:14:20,ACC00590,ACC00647,1161.52,NEFT,transfer,0,,normal
TXN006536,2026-07-10 07:19:48,ACC00288,ACC00504,10726.56,IMPS,transfer,0,,normal
TXN006537,2026-07-10 07:28:05,ACC00071,ACC00189,6286.04,RTGS,transfer,0,,normal
TXN006538,2026-07-10 07:45:24,ACC00396,ACC00670,1507.29,NEFT,transfer,0,,normal
TXN006539,2026-07-10 07:49:19,ACC00342,ACC00634,1405.22,NEFT,transfer,0,,normal
TXN006540,2026-07-10 07:51:19,ACC00581,ACC00123,37388.49,UPI,transfer,0,,normal
TXN006541,2026-07-10 08:00:11,ACC00484,ACC00368,918.94,CASH_DEPOSIT,cash_deposit,0,,normal
TXN006542,2026-07-10 08:54:06,ACC00184,ACC00395,2847.78,UPI,transfer,0,,normal
TXN006543,2026-07-10 09:11:54,ACC00676,ACC00502,1581.7,RTGS,transfer,0,,normal
TXN006544,2026-07-10 09:28:46,ACC00580,ACC00676,4160.04,RTGS,transfer,0,,normal
TXN006545,2026-07-10 09:29:04,ACC00548,ACC00623,6631.87,UPI,transfer,0,,normal
TXN006546,2026-07-10 09:32:19,ACC00511,ACC00094,13939.84,CASH_DEPOSIT,cash_deposit,0,,normal
TXN006547,2026-07-10 09:39:22,ACC00145,ACC00519,784.18,RTGS,transfer,0,,normal
TXN006548,2026-07-10 09:55:58,ACC00571,ACC00252,4910.54,RTGS,transfer,0,,normal
TXN006549,2026-07-10 10:04:16,ACC00472,ACC00674,3975.49,RTGS,transfer,0,,normal
TXN006550,2026-07-10 10:06:28,ACC00664,ACC00127,1815.09,RTGS,transfer,0,,normal
TXN006551,2026-07-10 10:08:19,ACC00595,ACC00124,334212.24,RTGS,transfer,1,LAYER004,cyclic_layering
TXN006552,2026-07-10 10:08:40,ACC00044,ACC00198,13359.34,IMPS,transfer,0,,normal
TXN006553,2026-07-10 10:09:12,ACC00323,ACC00434,1225.19,RTGS,transfer,0,,normal
TXN006554,2026-07-10 10:09:18,ACC00342,ACC00403,1743.93,CASH_DEPOSIT,cash_deposit,0,,normal
TXN006555,2026-07-10 10:10:02,ACC00180,ACC00626,3444.08,RTGS,transfer,0,,normal
TXN006556,2026-07-10 10:15:39,ACC00680,ACC00191,20342.05,IMPS,transfer,0,,normal
TXN006557,2026-07-10 10:17:14,ACC00384,ACC00388,22878.67,IMPS,transfer,0,,normal
TXN006558,2026-07-10 10:36:32,ACC00448,ACC00497,4162.63,RTGS,transfer,0,,normal
TXN006559,2026-07-10 10:38:56,ACC00307,ACC00561,1240.03,CASH_DEPOSIT,cash_deposit,0,,normal
TXN006560,2026-07-10 10:59:45,ACC00269,ACC00547,701.55,RTGS,transfer,0,,normal
TXN006561,2026-07-10 11:05:35,ACC00644,ACC00423,4744.18,NEFT,transfer,0,,normal
TXN006562,2026-07-10 11:09:52,ACC00531,ACC00680,13329.71,CASH_DEPOSIT,cash_deposit,0,,normal
TXN006563,2026-07-10 11:11:13,ACC00456,ACC00106,14589.38,RTGS,transfer,0,,normal
TXN006564,2026-07-10 11:27:28,ACC00554,ACC00569,3546.03,IMPS,transfer,0,,normal
TXN006565,2026-07-10 11:44:34,ACC00656,ACC00236,906.37,CASH_DEPOSIT,cash_deposit,0,,normal
TXN006566,2026-07-10 11:51:13,ACC00356,ACC00404,1362.47,RTGS,transfer,0,,normal
TXN006567,2026-07-10 11:52:02,ACC00358,ACC00586,5683.0,CASH_DEPOSIT,cash_deposit,0,,normal
TXN006568,2026-07-10 11:54:48,ACC00666,ACC00133,2775.61,RTGS,transfer,0,,normal
TXN006569,2026-07-10 12:01:33,ACC00618,ACC00041,3484.2,CASH_DEPOSIT,cash_deposit,0,,normal
TXN006570,2026-07-10 12:27:43,ACC00635,ACC00052,1830.29,UPI,transfer,0,,normal
TXN006571,2026-07-10 12:39:43,ACC00328,ACC00250,3763.5,IMPS,transfer,0,,normal
TXN006572,2026-07-10 12:49:40,ACC00635,ACC00552,3455.92,NEFT,transfer,0,,normal
TXN006573,2026-07-10 12:55:20,ACC00304,ACC00567,1258.65,UPI,transfer,0,,normal
TXN006574,2026-07-10 13:00:05,ACC00102,ACC00668,1481.72,RTGS,transfer,0,,normal
TXN006575,2026-07-10 13:33:31,ACC00284,ACC00670,7913.21,UPI,transfer,0,,normal
TXN006576,2026-07-10 13:42:38,ACC00482,ACC00055,1225.95,CASH_DEPOSIT,cash_deposit,0,,normal
TXN006577,2026-07-10 13:43:09,ACC00130,ACC00654,13349.96,UPI,transfer,0,,normal
TXN006578,2026-07-10 13:49:41,ACC00004,ACC00468,13247.69,IMPS,transfer,0,,normal
TXN006579,2026-07-10 14:09:25,ACC00446,ACC00594,3297.75,RTGS,transfer,0,,normal
TXN006580,2026-07-10 14:20:26,ACC00032,ACC00197,2010.68,RTGS,transfer,0,,normal
TXN006581,2026-07-10 14:24:39,ACC00658,ACC00426,3882.09,CASH_DEPOSIT,cash_deposit,0,,normal
TXN006582,2026-07-10 14:25:34,ACC00601,ACC00663,15235.19,IMPS,transfer,0,,normal
TXN006583,2026-07-10 14:25:57,ACC00306,ACC00468,4314.63,IMPS,transfer,0,,normal
TXN006584,2026-07-10 14:27:02,ACC00322,ACC00015,12443.75,IMPS,transfer,0,,normal
TXN006585,2026-07-10 14:59:03,ACC00637,ACC00275,3295.79,NEFT,transfer,0,,normal
TXN006586,2026-07-10 15:00:58,ACC00276,ACC00323,978.04,IMPS,transfer,0,,normal
TXN006587,2026-07-10 15:05:21,ACC00497,ACC00590,17826.16,NEFT,transfer,0,,normal
TXN006588,2026-07-10 15:14:23,ACC00492,ACC00571,9352.36,CASH_DEPOSIT,cash_deposit,0,,normal
TXN006589,2026-07-10 15:24:54,ACC00229,ACC00531,4286.08,IMPS,transfer,0,,normal
TXN006590,2026-07-10 15:27:39,ACC00093,ACC00166,3162.67,NEFT,transfer,0,,normal
TXN006591,2026-07-10 15:43:42,ACC00177,ACC00386,15368.7,UPI,transfer,0,,normal
TXN006592,2026-07-10 15:44:19,ACC00547,ACC00135,3189.36,NEFT,transfer,0,,normal
TXN006593,2026-07-10 15:50:59,ACC00469,ACC00341,6120.24,NEFT,transfer,1,DORM004,dormant_reactivation
TXN006594,2026-07-10 16:20:35,ACC00169,ACC00487,4323.52,UPI,transfer,0,,normal
TXN006595,2026-07-10 16:29:23,ACC00297,ACC00183,493.55,RTGS,transfer,0,,normal
TXN006596,2026-07-10 16:34:35,ACC00114,ACC00539,5476.15,NEFT,transfer,0,,normal
TXN006597,2026-07-10 16:41:36,ACC00470,ACC00695,4409.28,CASH_DEPOSIT,cash_deposit,0,,normal
TXN006598,2026-07-10 16:42:02,ACC00627,ACC00030,1429.83,IMPS,transfer,0,,normal
TXN006599,2026-07-10 16:45:57,ACC00233,ACC00550,15287.03,RTGS,transfer,0,,normal
TXN006600,2026-07-10 16:53:07,ACC00580,ACC00447,2148.8,RTGS,transfer,0,,normal
TXN006601,2026-07-10 16:55:14,ACC00566,ACC00524,6733.84,IMPS,transfer,0,,normal
TXN006602,2026-07-10 16:57:08,ACC00009,ACC00580,5890.91,UPI,transfer,0,,normal
TXN006603,2026-07-10 17:15:03,ACC00385,ACC00699,4933.15,CASH_DEPOSIT,cash_deposit,0,,normal
TXN006604,2026-07-10 17:19:29,ACC00688,ACC00605,19489.74,NEFT,transfer,0,,normal
TXN006605,2026-07-10 17:52:46,ACC00071,ACC00477,1534.5,NEFT,transfer,0,,normal
TXN006606,2026-07-10 17:54:06,ACC00119,ACC00414,1692.11,UPI,transfer,0,,normal
TXN006607,2026-07-10 17:55:01,ACC00079,ACC00661,4322.43,CASH_DEPOSIT,cash_deposit,0,,normal
TXN006608,2026-07-10 17:55:08,ACC00380,ACC00307,39108.44,IMPS,transfer,0,,normal
TXN006609,2026-07-10 18:02:31,ACC00229,ACC00341,5663.61,NEFT,transfer,1,DORM004,dormant_reactivation
TXN006610,2026-07-10 18:30:07,ACC00230,ACC00569,2760.55,RTGS,transfer,0,,normal
TXN006611,2026-07-10 18:45:47,ACC00177,ACC00310,785.01,CASH_DEPOSIT,cash_deposit,0,,normal
TXN006612,2026-07-10 19:31:00,ACC00035,ACC00281,3177.44,RTGS,transfer,0,,normal
TXN006613,2026-07-10 19:36:56,ACC00017,ACC00514,8474.15,NEFT,transfer,0,,normal
TXN006614,2026-07-10 19:51:06,ACC00073,ACC00127,3755.35,CASH_DEPOSIT,cash_deposit,0,,normal
TXN006615,2026-07-10 20:02:46,ACC00622,ACC00532,562.74,UPI,transfer,0,,normal
TXN006616,2026-07-10 20:17:59,ACC00011,ACC00145,1793.79,IMPS,transfer,0,,normal
TXN006617,2026-07-10 20:20:23,ACC00483,ACC00596,3345.89,UPI,transfer,0,,normal
TXN006618,2026-07-10 20:27:27,ACC00069,ACC00238,12031.11,CASH_DEPOSIT,cash_deposit,0,,normal
TXN006619,2026-07-10 20:36:31,ACC00693,ACC00362,860.15,NEFT,transfer,0,,normal
TXN006620,2026-07-10 20:47:18,ACC00260,ACC00324,1488.86,NEFT,transfer,0,,normal
TXN006621,2026-07-10 20:51:47,ACC00554,ACC00451,4284.61,IMPS,transfer,0,,normal
TXN006622,2026-07-10 20:53:33,ACC00125,ACC00548,5677.63,RTGS,transfer,0,,normal
TXN006623,2026-07-10 21:02:36,ACC00180,ACC00428,1859.53,UPI,transfer,0,,normal
TXN006624,2026-07-10 21:25:08,ACC00502,ACC00333,349.74,RTGS,transfer,0,,normal
TXN006625,2026-07-10 21:29:20,ACC00509,ACC00155,999.93,UPI,transfer,0,,normal
TXN006626,2026-07-10 21:44:36,ACC00611,ACC00087,3037.1,CASH_DEPOSIT,cash_deposit,0,,normal
TXN006627,2026-07-10 21:46:44,ACC00436,ACC00264,6139.58,RTGS,transfer,0,,normal
TXN006628,2026-07-10 22:00:49,ACC00341,ACC00631,13254.42,IMPS,transfer,1,DORM004,dormant_reactivation
TXN006629,2026-07-10 22:03:56,ACC00081,ACC00406,12874.87,IMPS,transfer,0,,normal
TXN006630,2026-07-10 22:18:00,ACC00087,ACC00341,13168.14,UPI,transfer,1,DORM004,dormant_reactivation
TXN006631,2026-07-10 22:24:09,ACC00381,ACC00307,2576.15,UPI,transfer,0,,normal
TXN006632,2026-07-10 22:27:36,ACC00308,ACC00250,2064.38,CASH_DEPOSIT,cash_deposit,0,,normal
TXN006633,2026-07-10 22:35:04,ACC00355,ACC00138,3300.66,CASH_DEPOSIT,cash_deposit,0,,normal
TXN006634,2026-07-10 22:36:25,ACC00492,ACC00176,1866.66,IMPS,transfer,0,,normal
TXN006635,2026-07-10 22:49:58,ACC00537,ACC00337,5906.04,UPI,transfer,0,,normal
TXN006636,2026-07-10 22:55:08,ACC00698,ACC00536,2540.43,IMPS,transfer,0,,normal
TXN006637,2026-07-10 22:58:48,ACC00694,ACC00097,5358.33,UPI,transfer,0,,normal
TXN006638,2026-07-10 23:04:36,ACC00009,ACC00041,15382.21,RTGS,transfer,0,,normal
TXN006639,2026-07-10 23:06:29,ACC00341,ACC00477,29824.38,NEFT,transfer,1,DORM004,dormant_reactivation
TXN006640,2026-07-10 23:11:34,ACC00341,ACC00493,14360.78,UPI,transfer,1,DORM004,dormant_reactivation
TXN006641,2026-07-10 23:16:38,ACC00219,ACC00341,10562.41,UPI,transfer,1,DORM004,dormant_reactivation
TXN006642,2026-07-10 23:22:06,ACC00233,ACC00513,6597.29,NEFT,transfer,0,,normal
TXN006643,2026-07-10 23:36:28,ACC00199,ACC00047,2426.26,NEFT,transfer,0,,normal
TXN006644,2026-07-10 23:40:11,ACC00188,ACC00043,4811.45,IMPS,transfer,0,,normal
TXN006645,2026-07-10 23:54:07,ACC00324,ACC00280,1196.52,RTGS,transfer,0,,normal
TXN006646,2026-07-11 00:06:43,ACC00073,ACC00541,1733.57,NEFT,transfer,0,,normal
TXN006647,2026-07-11 00:26:00,ACC00674,ACC00341,4659.15,RTGS,transfer,1,DORM004,dormant_reactivation
TXN006648,2026-07-11 00:28:45,ACC00031,ACC00327,3385.34,RTGS,transfer,0,,normal
TXN006649,2026-07-11 00:36:01,ACC00158,ACC00173,1405.62,CASH_DEPOSIT,cash_deposit,0,,normal
TXN006650,2026-07-11 00:43:37,ACC00615,ACC00040,5994.83,UPI,transfer,0,,normal
TXN006651,2026-07-11 00:44:10,ACC00122,ACC00030,3037.29,RTGS,transfer,0,,normal
TXN006652,2026-07-11 01:02:38,ACC00258,ACC00509,8786.75,UPI,transfer,0,,normal
TXN006653,2026-07-11 01:09:17,ACC00671,ACC00667,481.93,IMPS,transfer,0,,normal
TXN006654,2026-07-11 01:12:47,ACC00670,ACC00089,1246.6,NEFT,transfer,0,,normal
TXN006655,2026-07-11 01:17:45,ACC00341,ACC00547,16973.31,NEFT,transfer,1,DORM004,dormant_reactivation
TXN006656,2026-07-11 01:19:34,ACC00398,ACC00264,1168.54,UPI,transfer,0,,normal
TXN006657,2026-07-11 01:42:50,ACC00344,ACC00580,3087.65,IMPS,transfer,0,,normal
TXN006658,2026-07-11 01:43:21,ACC00521,ACC00599,3441.37,UPI,transfer,0,,normal
TXN006659,2026-07-11 01:53:50,ACC00091,ACC00561,2070.04,IMPS,transfer,0,,normal
TXN006660,2026-07-11 02:00:10,ACC00042,ACC00459,3721.9,UPI,transfer,0,,normal
TXN006661,2026-07-11 02:08:56,ACC00430,ACC00026,502.14,RTGS,transfer,0,,normal
TXN006662,2026-07-11 02:14:47,ACC00565,ACC00609,9003.17,CASH_DEPOSIT,cash_deposit,0,,normal
TXN006663,2026-07-11 02:32:59,ACC00042,ACC00278,1563.05,CASH_DEPOSIT,cash_deposit,0,,normal
TXN006664,2026-07-11 02:35:20,ACC00438,ACC00382,2509.7,IMPS,transfer,0,,normal
TXN006665,2026-07-11 02:40:53,ACC00700,ACC00146,4903.5,IMPS,transfer,0,,normal
TXN006666,2026-07-11 02:46:00,ACC00157,ACC00619,6399.35,IMPS,transfer,0,,normal
TXN006667,2026-07-11 03:02:55,ACC00085,ACC00474,4749.09,NEFT,transfer,0,,normal
TXN006668,2026-07-11 03:05:16,ACC00520,ACC00116,13232.74,UPI,transfer,0,,normal
TXN006669,2026-07-11 03:25:58,ACC00469,ACC00004,1265.87,IMPS,transfer,0,,normal
TXN006670,2026-07-11 03:32:29,ACC00617,ACC00260,2668.76,NEFT,transfer,0,,normal
TXN006671,2026-07-11 03:42:27,ACC00204,ACC00298,3321.58,NEFT,transfer,0,,normal
TXN006672,2026-07-11 03:46:03,ACC00354,ACC00100,1237.62,CASH_DEPOSIT,cash_deposit,0,,normal
TXN006673,2026-07-11 03:53:11,ACC00148,ACC00420,1186.61,UPI,transfer,0,,normal
TXN006674,2026-07-11 04:02:25,ACC00033,ACC00134,2880.51,UPI,transfer,0,,normal
TXN006675,2026-07-11 04:03:30,ACC00093,ACC00341,4401.06,CASH_DEPOSIT,cash_deposit,0,,normal
TXN006676,2026-07-11 04:19:31,ACC00586,ACC00014,5438.48,CASH_DEPOSIT,cash_deposit,0,,normal
TXN006677,2026-07-11 04:23:40,ACC00637,ACC00453,3609.42,CASH_DEPOSIT,cash_deposit,0,,normal
TXN006678,2026-07-11 04:26:20,ACC00205,ACC00385,3888.88,CASH_DEPOSIT,cash_deposit,0,,normal
TXN006679,2026-07-11 04:26:26,ACC00622,ACC00147,10274.12,NEFT,transfer,0,,normal
TXN006680,2026-07-11 04:33:36,ACC00116,ACC00615,6047.55,UPI,transfer,0,,normal
TXN006681,2026-07-11 04:40:56,ACC00343,ACC00405,49500.0,IMPS,transfer,1,STRUCT001,structuring
TXN006682,2026-07-11 04:43:54,ACC00538,ACC00657,1466.25,CASH_DEPOSIT,cash_deposit,0,,normal
TXN006683,2026-07-11 04:45:18,ACC00265,ACC00415,2765.84,IMPS,transfer,0,,normal
TXN006684,2026-07-11 04:52:41,ACC00180,ACC00390,7345.52,CASH_DEPOSIT,cash_deposit,0,,normal
TXN006685,2026-07-11 04:53:23,ACC00395,ACC00031,349580.76,RTGS,transfer,1,LAYER007,cyclic_layering
TXN006686,2026-07-11 04:54:45,ACC00662,ACC00294,956.55,NEFT,transfer,0,,normal
TXN006687,2026-07-11 04:58:21,ACC00552,ACC00332,9987.3,RTGS,transfer,0,,normal
TXN006688,2026-07-11 04:59:23,ACC00131,ACC00650,1623.12,NEFT,transfer,0,,normal
TXN006689,2026-07-11 05:10:09,ACC00147,ACC00533,3724.51,CASH_DEPOSIT,cash_deposit,0,,normal
TXN006690,2026-07-11 05:12:23,ACC00497,ACC00056,3180.46,CASH_DEPOSIT,cash_deposit,0,,normal
TXN006691,2026-07-11 05:21:55,ACC00416,ACC00432,2044.74,RTGS,transfer,0,,normal
TXN006692,2026-07-11 05:25:21,ACC00343,ACC00257,49500.0,IMPS,transfer,1,STRUCT001,structuring
TXN006693,2026-07-11 05:30:28,ACC00422,ACC00699,8680.15,NEFT,transfer,0,,normal
TXN006694,2026-07-11 05:39:49,ACC00278,ACC00265,2374.13,UPI,transfer,0,,normal
TXN006695,2026-07-11 05:49:11,ACC00623,ACC00341,9003.44,RTGS,transfer,1,DORM004,dormant_reactivation
TXN006696,2026-07-11 05:51:04,ACC00216,ACC00548,10714.68,RTGS,transfer,0,,normal
TXN006697,2026-07-11 06:06:08,ACC00688,ACC00674,2753.76,IMPS,transfer,0,,normal
TXN006698,2026-07-11 06:09:39,ACC00589,ACC00341,3244.13,CASH_DEPOSIT,transfer,1,DORM004,dormant_reactivation
TXN006699,2026-07-11 06:09:47,ACC00045,ACC00069,18621.4,CASH_DEPOSIT,cash_deposit,0,,normal
TXN006700,2026-07-11 06:23:28,ACC00057,ACC00688,11464.34,RTGS,transfer,0,,normal
TXN006701,2026-07-11 06:45:54,ACC00204,ACC00510,45538.96,UPI,transfer,1,STRUCT007,structuring
TXN006702,2026-07-11 06:47:01,ACC00604,ACC00258,17639.14,UPI,transfer,0,,normal
TXN006703,2026-07-11 06:55:15,ACC00081,ACC00113,2612.97,NEFT,transfer,0,,normal
TXN006704,2026-07-11 07:01:30,ACC00319,ACC00327,2043.55,NEFT,transfer,0,,normal
TXN006705,2026-07-11 07:07:41,ACC00553,ACC00249,11292.08,IMPS,transfer,0,,normal
TXN006706,2026-07-11 07:09:58,ACC00381,ACC00455,1914.75,NEFT,transfer,0,,normal
TXN006707,2026-07-11 07:31:42,ACC00343,ACC00676,49500.0,IMPS,transfer,1,STRUCT001,structuring
TXN006708,2026-07-11 07:37:50,ACC00204,ACC00349,42393.6,UPI,transfer,1,STRUCT007,structuring
TXN006709,2026-07-11 07:39:51,ACC00515,ACC00443,524.46,NEFT,transfer,0,,normal
TXN006710,2026-07-11 07:49:40,ACC00204,ACC00408,42509.61,IMPS,transfer,1,STRUCT007,structuring
TXN006711,2026-07-11 08:11:18,ACC00248,ACC00312,2229.05,CASH_DEPOSIT,cash_deposit,0,,normal
TXN006712,2026-07-11 08:12:02,ACC00676,ACC00434,5221.7,CASH_DEPOSIT,cash_deposit,0,,normal
TXN006713,2026-07-11 08:13:38,ACC00117,ACC00040,512.66,CASH_DEPOSIT,cash_deposit,0,,normal
TXN006714,2026-07-11 08:23:59,ACC00290,ACC00269,4235.32,RTGS,transfer,0,,normal
TXN006715,2026-07-11 08:26:26,ACC00389,ACC00190,28121.92,NEFT,transfer,0,,normal
TXN006716,2026-07-11 08:44:43,ACC00204,ACC00065,40925.25,UPI,transfer,1,STRUCT007,structuring
TXN006717,2026-07-11 08:45:19,ACC00135,ACC00659,2181.5,UPI,transfer,0,,normal
TXN006718,2026-07-11 08:47:23,ACC00196,ACC00127,3043.74,NEFT,transfer,0,,normal
TXN006719,2026-07-11 09:00:25,ACC00075,ACC00025,7829.45,NEFT,transfer,0,,normal
TXN006720,2026-07-11 09:04:11,ACC00441,ACC00463,2109.0,RTGS,transfer,0,,normal
TXN006721,2026-07-11 09:07:14,ACC00069,ACC00019,11794.1,UPI,transfer,1,DORM012,dormant_reactivation
TXN006722,2026-07-11 09:13:37,ACC00204,ACC00051,44897.51,IMPS,transfer,1,STRUCT007,structuring
TXN006723,2026-07-11 09:19:28,ACC00577,ACC00482,946.05,UPI,transfer,0,,normal
TXN006724,2026-07-11 09:35:16,ACC00054,ACC00276,3644.59,NEFT,transfer,0,,normal
TXN006725,2026-07-11 09:56:04,ACC00069,ACC00624,4377.3,UPI,transfer,1,DORM012,dormant_reactivation
TXN006726,2026-07-11 09:59:47,ACC00283,ACC00232,11639.35,RTGS,transfer,0,,normal
TXN006727,2026-07-11 10:00:38,ACC00628,ACC00083,4079.31,IMPS,transfer,0,,normal
TXN006728,2026-07-11 10:00:56,ACC00243,ACC00310,17412.89,CASH_DEPOSIT,cash_deposit,0,,normal
TXN006729,2026-07-11 10:06:52,ACC00247,ACC00017,2407.42,UPI,transfer,0,,normal
TXN006730,2026-07-11 10:09:27,ACC00514,ACC00341,26621.71,UPI,transfer,1,DORM004,dormant_reactivation
TXN006731,2026-07-11 10:13:00,ACC00132,ACC00341,3970.45,IMPS,transfer,1,DORM004,dormant_reactivation
TXN006732,2026-07-11 10:30:49,ACC00028,ACC00141,5736.01,UPI,transfer,0,,normal
TXN006733,2026-07-11 10:46:03,ACC00343,ACC00586,49500.0,UPI,transfer,1,STRUCT001,structuring
TXN006734,2026-07-11 11:14:47,ACC00460,ACC00151,3022.12,RTGS,transfer,0,,normal
TXN006735,2026-07-11 11:17:27,ACC00261,ACC00448,3511.15,IMPS,transfer,0,,normal
TXN006736,2026-07-11 11:26:09,ACC00343,ACC00090,49500.0,UPI,transfer,1,STRUCT001,structuring
TXN006737,2026-07-11 11:39:30,ACC00321,ACC00447,4141.21,RTGS,transfer,0,,normal
TXN006738,2026-07-11 11:41:01,ACC00069,ACC00559,3100.42,CASH_DEPOSIT,transfer,1,DORM012,dormant_reactivation
TXN006739,2026-07-11 11:41:16,ACC00343,ACC00539,49500.0,IMPS,transfer,1,STRUCT001,structuring
TXN006740,2026-07-11 11:48:21,ACC00457,ACC00020,2057.29,UPI,transfer,0,,normal
TXN006741,2026-07-11 11:49:41,ACC00123,ACC00456,2866.81,UPI,transfer,0,,normal
TXN006742,2026-07-11 11:53:02,ACC00378,ACC00434,2327.11,UPI,transfer,0,,normal
TXN006743,2026-07-11 11:55:18,ACC00120,ACC00572,1382.76,RTGS,transfer,0,,normal
TXN006744,2026-07-11 12:07:14,ACC00204,ACC00058,48090.9,UPI,transfer,1,STRUCT007,structuring
TXN006745,2026-07-11 12:26:46,ACC00181,ACC00444,7374.12,RTGS,transfer,0,,normal
TXN006746,2026-07-11 12:32:34,ACC00204,ACC00571,44769.49,UPI,transfer,1,STRUCT007,structuring
TXN006747,2026-07-11 12:34:05,ACC00606,ACC00575,4907.32,NEFT,transfer,0,,normal
TXN006748,2026-07-11 12:35:29,ACC00073,ACC00484,5167.17,RTGS,transfer,0,,normal
TXN006749,2026-07-11 12:42:08,ACC00052,ACC00157,12228.07,RTGS,transfer,0,,normal
TXN006750,2026-07-11 12:49:40,ACC00483,ACC00501,1234.06,CASH_DEPOSIT,cash_deposit,0,,normal
TXN006751,2026-07-11 12:59:43,ACC00560,ACC00409,1714.23,IMPS,transfer,0,,normal
TXN006752,2026-07-11 13:15:10,ACC00651,ACC00592,813.53,IMPS,transfer,0,,normal
TXN006753,2026-07-11 13:21:24,ACC00186,ACC00197,5740.89,RTGS,transfer,0,,normal
TXN006754,2026-07-11 13:34:14,ACC00660,ACC00211,3936.42,CASH_DEPOSIT,cash_deposit,0,,normal
TXN006755,2026-07-11 13:38:01,ACC00656,ACC00069,4651.96,NEFT,transfer,1,DORM012,dormant_reactivation
TXN006756,2026-07-11 13:44:47,ACC00213,ACC00675,6279.5,CASH_DEPOSIT,cash_deposit,0,,normal
TXN006757,2026-07-11 13:55:37,ACC00527,ACC00159,1008.87,CASH_DEPOSIT,cash_deposit,0,,normal
TXN006758,2026-07-11 13:58:57,ACC00231,ACC00087,2747.5,IMPS,transfer,0,,normal
TXN006759,2026-07-11 14:01:47,ACC00495,ACC00299,1377.79,IMPS,transfer,0,,normal
TXN006760,2026-07-11 14:13:36,ACC00551,ACC00341,7397.0,UPI,transfer,1,DORM004,dormant_reactivation
TXN006761,2026-07-11 14:16:37,ACC00584,ACC00579,1500.91,RTGS,transfer,0,,normal
TXN006762,2026-07-11 14:19:07,ACC00066,ACC00275,11017.06,RTGS,transfer,0,,normal
TXN006763,2026-07-11 14:30:11,ACC00024,ACC00029,6071.09,NEFT,transfer,0,,normal
TXN006764,2026-07-11 14:39:05,ACC00319,ACC00598,6440.07,IMPS,transfer,0,,normal
TXN006765,2026-07-11 14:49:47,ACC00204,ACC00374,42738.84,IMPS,transfer,1,STRUCT007,structuring
TXN006766,2026-07-11 14:51:00,ACC00590,ACC00264,8142.15,RTGS,transfer,0,,normal
TXN006767,2026-07-11 14:57:10,ACC00084,ACC00430,4952.47,CASH_DEPOSIT,cash_deposit,0,,normal
TXN006768,2026-07-11 15:16:17,ACC00069,ACC00540,9065.8,NEFT,transfer,1,DORM012,dormant_reactivation
TXN006769,2026-07-11 15:24:17,ACC00114,ACC00041,8167.27,CASH_DEPOSIT,cash_deposit,0,,normal
TXN006770,2026-07-11 15:38:37,ACC00112,ACC00100,7660.1,UPI,transfer,0,,normal
TXN006771,2026-07-11 15:52:34,ACC00528,ACC00694,2130.3,RTGS,transfer,0,,normal
TXN006772,2026-07-11 15:52:35,ACC00513,ACC00517,3897.22,IMPS,transfer,0,,normal
TXN006773,2026-07-11 15:57:34,ACC00620,ACC00088,6458.92,CASH_DEPOSIT,cash_deposit,0,,normal
TXN006774,2026-07-11 16:05:45,ACC00430,ACC00385,1651.39,RTGS,transfer,0,,normal
TXN006775,2026-07-11 16:07:02,ACC00055,ACC00136,5405.84,RTGS,transfer,0,,normal
TXN006776,2026-07-11 16:38:53,ACC00204,ACC00192,44196.81,UPI,transfer,1,STRUCT007,structuring
TXN006777,2026-07-11 16:44:23,ACC00204,ACC00371,47009.98,UPI,transfer,1,STRUCT007,structuring
TXN006778,2026-07-11 16:50:16,ACC00056,ACC00095,2164.34,NEFT,transfer,0,,normal
TXN006779,2026-07-11 16:50:55,ACC00035,ACC00346,3769.51,IMPS,transfer,0,,normal
TXN006780,2026-07-11 16:55:30,ACC00432,ACC00340,3731.56,IMPS,transfer,0,,normal
TXN006781,2026-07-11 16:59:20,ACC00233,ACC00249,22564.55,RTGS,transfer,0,,normal
TXN006782,2026-07-11 17:05:52,ACC00484,ACC00129,22074.64,RTGS,transfer,0,,normal
TXN006783,2026-07-11 17:18:32,ACC00079,ACC00263,506.35,RTGS,transfer,0,,normal
TXN006784,2026-07-11 17:34:11,ACC00349,ACC00551,15248.86,NEFT,transfer,0,,normal
TXN006785,2026-07-11 17:34:55,ACC00673,ACC00381,3891.22,IMPS,transfer,0,,normal
TXN006786,2026-07-11 17:39:31,ACC00098,ACC00329,9344.55,NEFT,transfer,0,,normal
TXN006787,2026-07-11 17:45:06,ACC00204,ACC00291,41931.08,IMPS,transfer,1,STRUCT007,structuring
TXN006788,2026-07-11 17:50:17,ACC00080,ACC00111,2162.33,UPI,transfer,0,,normal
TXN006789,2026-07-11 17:50:52,ACC00306,ACC00368,4914.31,CASH_DEPOSIT,cash_deposit,0,,normal
TXN006790,2026-07-11 17:55:52,ACC00387,ACC00321,9401.15,IMPS,transfer,0,,normal
TXN006791,2026-07-11 18:02:43,ACC00174,ACC00075,8826.09,UPI,transfer,0,,normal
TXN006792,2026-07-11 18:08:12,ACC00153,ACC00572,2109.37,UPI,transfer,0,,normal
TXN006793,2026-07-11 18:20:23,ACC00040,ACC00551,2973.91,UPI,transfer,0,,normal
TXN006794,2026-07-11 18:20:36,ACC00022,ACC00538,2601.83,CASH_DEPOSIT,cash_deposit,0,,normal
TXN006795,2026-07-11 18:29:05,ACC00377,ACC00448,5554.37,RTGS,transfer,0,,normal
TXN006796,2026-07-11 18:37:51,ACC00039,ACC00159,4324.33,UPI,transfer,0,,normal
TXN006797,2026-07-11 18:44:33,ACC00079,ACC00341,4956.07,UPI,transfer,1,DORM004,dormant_reactivation
TXN006798,2026-07-11 18:46:44,ACC00277,ACC00251,1567.23,CASH_DEPOSIT,cash_deposit,0,,normal
TXN006799,2026-07-11 18:54:30,ACC00047,ACC00687,319.27,UPI,transfer,0,,normal
TXN006800,2026-07-11 18:55:49,ACC00343,ACC00395,49500.0,UPI,transfer,1,STRUCT001,structuring
TXN006801,2026-07-11 19:00:58,ACC00231,ACC00178,15445.27,IMPS,transfer,0,,normal
TXN006802,2026-07-11 19:09:49,ACC00343,ACC00473,49500.0,UPI,transfer,1,STRUCT001,structuring
TXN006803,2026-07-11 19:12:44,ACC00555,ACC00549,1330.52,CASH_DEPOSIT,cash_deposit,0,,normal
TXN006804,2026-07-11 19:14:56,ACC00204,ACC00370,9850.82,IMPS,transfer,0,,normal
TXN006805,2026-07-11 19:16:12,ACC00204,ACC00654,37518.68,UPI,transfer,1,STRUCT007,structuring
TXN006806,2026-07-11 19:18:48,ACC00606,ACC00024,7513.38,IMPS,transfer,0,,normal
TXN006807,2026-07-11 19:31:48,ACC00502,ACC00327,1764.13,IMPS,transfer,0,,normal
TXN006808,2026-07-11 19:37:07,ACC00073,ACC00419,1683.84,UPI,transfer,0,,normal
TXN006809,2026-07-11 19:38:45,ACC00401,ACC00181,2584.57,IMPS,transfer,0,,normal
TXN006810,2026-07-11 19:45:17,ACC00635,ACC00072,3682.14,RTGS,transfer,0,,normal
TXN006811,2026-07-11 19:49:30,ACC00663,ACC00437,2618.33,RTGS,transfer,0,,normal
TXN006812,2026-07-11 19:52:05,ACC00567,ACC00055,2779.1,RTGS,transfer,0,,normal
TXN006813,2026-07-11 20:02:44,ACC00001,ACC00038,49500.0,UPI,transfer,1,STRUCT004,structuring
TXN006814,2026-07-11 20:08:18,ACC00153,ACC00588,4620.68,UPI,transfer,0,,normal
TXN006815,2026-07-11 20:17:03,ACC00519,ACC00548,1443.56,CASH_DEPOSIT,cash_deposit,0,,normal
TXN006816,2026-07-11 20:18:22,ACC00673,ACC00374,6145.96,IMPS,transfer,0,,normal
TXN006817,2026-07-11 20:19:04,ACC00340,ACC00418,4721.37,CASH_DEPOSIT,cash_deposit,0,,normal
TXN006818,2026-07-11 20:26:14,ACC00017,ACC00310,1242.93,UPI,transfer,0,,normal
TXN006819,2026-07-11 20:35:40,ACC00230,ACC00358,7706.67,CASH_DEPOSIT,cash_deposit,0,,normal
TXN006820,2026-07-11 20:43:29,ACC00204,ACC00639,46932.27,IMPS,transfer,1,STRUCT007,structuring
TXN006821,2026-07-11 20:50:16,ACC00391,ACC00447,9662.91,UPI,transfer,0,,normal
TXN006822,2026-07-11 20:54:37,ACC00204,ACC00203,37473.62,UPI,transfer,1,STRUCT007,structuring
TXN006823,2026-07-11 21:00:18,ACC00014,ACC00092,1242.94,UPI,transfer,0,,normal
TXN006824,2026-07-11 21:29:18,ACC00204,ACC00346,49389.34,IMPS,transfer,1,STRUCT007,structuring
TXN006825,2026-07-11 21:33:02,ACC00001,ACC00069,49500.0,IMPS,transfer,1,STRUCT004,structuring
TXN006826,2026-07-11 21:33:20,ACC00525,ACC00151,3171.83,UPI,transfer,0,,normal
TXN006827,2026-07-11 21:35:28,ACC00545,ACC00696,1331.24,IMPS,transfer,0,,normal
TXN006828,2026-07-11 21:40:54,ACC00299,ACC00480,7688.25,CASH_DEPOSIT,cash_deposit,0,,normal
TXN006829,2026-07-11 22:00:30,ACC00140,ACC00229,849.76,IMPS,transfer,0,,normal
TXN006830,2026-07-11 22:01:39,ACC00580,ACC00209,547.78,UPI,transfer,0,,normal
TXN006831,2026-07-11 22:09:32,ACC00312,ACC00322,1350.13,NEFT,transfer,0,,normal
TXN006832,2026-07-11 22:09:55,ACC00413,ACC00596,4675.93,RTGS,transfer,0,,normal
TXN006833,2026-07-11 22:23:20,ACC00306,ACC00066,1523.49,NEFT,transfer,0,,normal
TXN006834,2026-07-11 22:23:46,ACC00069,ACC00466,5680.95,CASH_DEPOSIT,transfer,1,DORM012,dormant_reactivation
TXN006835,2026-07-11 22:24:05,ACC00328,ACC00597,10933.91,RTGS,transfer,0,,normal
TXN006836,2026-07-11 22:39:58,ACC00130,ACC00002,6733.77,NEFT,transfer,0,,normal
TXN006837,2026-07-11 22:43:08,ACC00662,ACC00061,3050.86,CASH_DEPOSIT,cash_deposit,0,,normal
TXN006838,2026-07-11 22:49:48,ACC00235,ACC00685,758.5,NEFT,transfer,0,,normal
TXN006839,2026-07-11 22:56:44,ACC00622,ACC00293,3101.93,CASH_DEPOSIT,cash_deposit,0,,normal
TXN006840,2026-07-11 22:59:06,ACC00310,ACC00215,8580.35,NEFT,transfer,0,,normal
TXN006841,2026-07-11 23:00:54,ACC00052,ACC00686,4572.65,IMPS,transfer,0,,normal
TXN006842,2026-07-11 23:11:29,ACC00643,ACC00590,2055.21,NEFT,transfer,0,,normal
TXN006843,2026-07-11 23:33:47,ACC00552,ACC00032,4768.0,RTGS,transfer,0,,normal
TXN006844,2026-07-11 23:34:55,ACC00506,ACC00693,2327.18,IMPS,transfer,0,,normal
TXN006845,2026-07-11 23:40:46,ACC00007,ACC00651,1904.57,UPI,transfer,0,,normal
TXN006846,2026-07-11 23:43:00,ACC00069,ACC00423,4374.94,NEFT,transfer,1,DORM012,dormant_reactivation
TXN006847,2026-07-11 23:46:07,ACC00424,ACC00570,7253.87,RTGS,transfer,0,,normal
TXN006848,2026-07-11 23:53:18,ACC00489,ACC00431,12305.02,RTGS,transfer,0,,normal
TXN006849,2026-07-12 00:04:12,ACC00447,ACC00457,16365.5,NEFT,transfer,0,,normal
TXN006850,2026-07-12 00:11:33,ACC00531,ACC00172,51128.23,CASH_DEPOSIT,cash_deposit,0,,normal
TXN006851,2026-07-12 00:42:56,ACC00156,ACC00350,9146.97,UPI,transfer,0,,normal
TXN006852,2026-07-12 00:46:34,ACC00509,ACC00242,674.45,IMPS,transfer,0,,normal
TXN006853,2026-07-12 00:47:31,ACC00607,ACC00087,5314.38,NEFT,transfer,0,,normal
TXN006854,2026-07-12 00:53:56,ACC00444,ACC00515,1033.42,UPI,transfer,0,,normal
TXN006855,2026-07-12 01:20:17,ACC00067,ACC00203,3346.69,IMPS,transfer,0,,normal
TXN006856,2026-07-12 01:20:28,ACC00028,ACC00069,9521.1,IMPS,transfer,1,DORM012,dormant_reactivation
TXN006857,2026-07-12 01:20:31,ACC00645,ACC00121,430.74,RTGS,transfer,0,,normal
TXN006858,2026-07-12 01:20:58,ACC00124,ACC00292,317321.71,IMPS,transfer,1,LAYER004,cyclic_layering
TXN006859,2026-07-12 01:25:27,ACC00585,ACC00476,4061.53,UPI,transfer,0,,normal
TXN006860,2026-07-12 01:26:14,ACC00343,ACC00003,49500.0,IMPS,transfer,1,STRUCT001,structuring
TXN006861,2026-07-12 01:33:14,ACC00391,ACC00666,1065.23,UPI,transfer,0,,normal
TXN006862,2026-07-12 01:35:36,ACC00194,ACC00072,5529.94,NEFT,transfer,0,,normal
TXN006863,2026-07-12 01:37:31,ACC00170,ACC00369,1643.61,NEFT,transfer,0,,normal
TXN006864,2026-07-12 01:38:04,ACC00343,ACC00619,49500.0,IMPS,transfer,1,STRUCT001,structuring
TXN006865,2026-07-12 01:42:58,ACC00146,ACC00002,1995.18,RTGS,transfer,0,,normal
TXN006866,2026-07-12 01:52:14,ACC00507,ACC00169,1942.18,IMPS,transfer,0,,normal
TXN006867,2026-07-12 01:52:57,ACC00698,ACC00046,3321.61,IMPS,transfer,0,,normal
TXN006868,2026-07-12 01:54:02,ACC00204,ACC00644,40000.81,UPI,transfer,1,STRUCT007,structuring
TXN006869,2026-07-12 02:11:49,ACC00473,ACC00029,284.55,RTGS,transfer,0,,normal
TXN006870,2026-07-12 02:20:10,ACC00014,ACC00242,8804.65,CASH_DEPOSIT,cash_deposit,0,,normal
TXN006871,2026-07-12 02:20:39,ACC00536,ACC00258,648.32,UPI,transfer,0,,normal
TXN006872,2026-07-12 02:36:02,ACC00638,ACC00619,40143.46,UPI,transfer,0,,normal
TXN006873,2026-07-12 02:36:43,ACC00204,ACC00106,37553.16,IMPS,transfer,1,STRUCT007,structuring
TXN006874,2026-07-12 02:43:55,ACC00204,ACC00116,45270.9,UPI,transfer,1,STRUCT007,structuring
TXN006875,2026-07-12 02:45:32,ACC00389,ACC00360,12811.01,RTGS,transfer,0,,normal
TXN006876,2026-07-12 02:46:53,ACC00523,ACC00199,2443.68,IMPS,transfer,0,,normal
TXN006877,2026-07-12 02:48:57,ACC00477,ACC00144,1831.48,IMPS,transfer,0,,normal
TXN006878,2026-07-12 02:49:20,ACC00355,ACC00532,550.03,NEFT,transfer,0,,normal
TXN006879,2026-07-12 03:10:05,ACC00556,ACC00084,4877.09,IMPS,transfer,0,,normal
TXN006880,2026-07-12 03:10:10,ACC00522,ACC00629,4011.54,CASH_DEPOSIT,cash_deposit,0,,normal
TXN006881,2026-07-12 03:13:45,ACC00076,ACC00113,5330.27,IMPS,transfer,0,,normal
TXN006882,2026-07-12 03:15:53,ACC00188,ACC00697,1279.72,IMPS,transfer,0,,normal
TXN006883,2026-07-12 03:21:09,ACC00108,ACC00133,2642.6,CASH_DEPOSIT,cash_deposit,0,,normal
TXN006884,2026-07-12 03:21:21,ACC00216,ACC00358,3159.05,CASH_DEPOSIT,cash_deposit,0,,normal
TXN006885,2026-07-12 03:23:35,ACC00124,ACC00572,4489.88,IMPS,transfer,0,,normal
TXN006886,2026-07-12 03:53:25,ACC00069,ACC00687,17405.88,IMPS,transfer,1,DORM012,dormant_reactivation
TXN006887,2026-07-12 03:55:07,ACC00343,ACC00320,49500.0,UPI,transfer,1,STRUCT001,structuring
TXN006888,2026-07-12 04:01:22,ACC00204,ACC00363,44405.16,IMPS,transfer,1,STRUCT007,structuring
TXN006889,2026-07-12 04:03:47,ACC00204,ACC00208,47269.22,UPI,transfer,1,STRUCT007,structuring
TXN006890,2026-07-12 04:06:08,ACC00469,ACC00394,10046.73,CASH_DEPOSIT,cash_deposit,0,,normal
TXN006891,2026-07-12 04:09:47,ACC00426,ACC00263,3458.04,IMPS,transfer,0,,normal
TXN006892,2026-07-12 04:12:42,ACC00322,ACC00370,3027.86,IMPS,transfer,0,,normal
TXN006893,2026-07-12 04:17:34,ACC00192,ACC00031,2508.64,CASH_DEPOSIT,cash_deposit,0,,normal
TXN006894,2026-07-12 04:26:22,ACC00152,ACC00228,479.38,IMPS,transfer,0,,normal
TXN006895,2026-07-12 04:36:51,ACC00636,ACC00118,3104.32,UPI,transfer,0,,normal
TXN006896,2026-07-12 04:37:47,ACC00452,ACC00642,5312.06,IMPS,transfer,0,,normal
TXN006897,2026-07-12 04:39:11,ACC00553,ACC00049,8046.18,NEFT,transfer,0,,normal
TXN006898,2026-07-12 04:49:25,ACC00671,ACC00182,1909.38,RTGS,transfer,0,,normal
TXN006899,2026-07-12 04:52:36,ACC00647,ACC00586,5666.19,NEFT,transfer,0,,normal
TXN006900,2026-07-12 04:55:11,ACC00178,ACC00413,4981.61,RTGS,transfer,0,,normal
TXN006901,2026-07-12 04:55:32,ACC00001,ACC00047,49500.0,IMPS,transfer,1,STRUCT004,structuring
TXN006902,2026-07-12 04:56:03,ACC00698,ACC00472,1460.77,RTGS,transfer,0,,normal
TXN006903,2026-07-12 05:00:35,ACC00069,ACC00526,1415.09,CASH_DEPOSIT,cash_deposit,0,,normal
TXN006904,2026-07-12 05:02:59,ACC00674,ACC00146,758.01,UPI,transfer,0,,normal
TXN006905,2026-07-12 05:23:29,ACC00056,ACC00355,3518.87,CASH_DEPOSIT,cash_deposit,0,,normal
TXN006906,2026-07-12 05:31:22,ACC00201,ACC00159,2072.1,CASH_DEPOSIT,cash_deposit,0,,normal
TXN006907,2026-07-12 05:42:36,ACC00434,ACC00460,4797.02,NEFT,transfer,0,,normal
TXN006908,2026-07-12 05:47:17,ACC00524,ACC00058,7434.29,IMPS,transfer,0,,normal
TXN006909,2026-07-12 05:50:45,ACC00465,ACC00605,2248.94,RTGS,transfer,0,,normal
TXN006910,2026-07-12 05:56:28,ACC00204,ACC00284,48472.02,IMPS,transfer,1,STRUCT007,structuring
TXN006911,2026-07-12 06:00:49,ACC00673,ACC00658,24347.07,UPI,transfer,0,,normal
TXN006912,2026-07-12 06:03:41,ACC00507,ACC00366,5264.14,RTGS,transfer,0,,normal
TXN006913,2026-07-12 06:10:41,ACC00609,ACC00654,12701.86,IMPS,transfer,0,,normal
TXN006914,2026-07-12 06:17:34,ACC00516,ACC00520,2413.84,RTGS,transfer,0,,normal
TXN006915,2026-07-12 06:29:54,ACC00166,ACC00608,1967.53,NEFT,transfer,0,,normal
TXN006916,2026-07-12 06:37:58,ACC00015,ACC00155,2142.23,RTGS,transfer,0,,normal
TXN006917,2026-07-12 06:39:15,ACC00482,ACC00496,5451.45,UPI,transfer,0,,normal
TXN006918,2026-07-12 06:42:22,ACC00602,ACC00172,1797.68,UPI,transfer,0,,normal
TXN006919,2026-07-12 06:45:00,ACC00411,ACC00248,5207.6,IMPS,transfer,0,,normal
TXN006920,2026-07-12 06:46:07,ACC00241,ACC00328,4230.07,IMPS,transfer,0,,normal
TXN006921,2026-07-12 06:47:01,ACC00143,ACC00595,2785.73,UPI,transfer,0,,normal
TXN006922,2026-07-12 07:01:32,ACC00312,ACC00405,3680.03,NEFT,transfer,0,,normal
TXN006923,2026-07-12 07:02:32,ACC00479,ACC00173,4221.16,RTGS,transfer,0,,normal
TXN006924,2026-07-12 07:10:00,ACC00386,ACC00597,1176.59,NEFT,transfer,0,,normal
TXN006925,2026-07-12 07:14:42,ACC00216,ACC00585,1633.25,UPI,transfer,0,,normal
TXN006926,2026-07-12 07:25:28,ACC00279,ACC00642,848.93,IMPS,transfer,0,,normal
TXN006927,2026-07-12 07:34:59,ACC00506,ACC00432,1976.17,UPI,transfer,0,,normal
TXN006928,2026-07-12 07:42:08,ACC00515,ACC00585,17666.75,CASH_DEPOSIT,cash_deposit,0,,normal
TXN006929,2026-07-12 07:50:58,ACC00001,ACC00658,49500.0,UPI,transfer,1,STRUCT004,structuring
TXN006930,2026-07-12 08:02:10,ACC00001,ACC00439,49500.0,IMPS,transfer,1,STRUCT004,structuring
TXN006931,2026-07-12 08:06:40,ACC00428,ACC00472,1751.6,IMPS,transfer,0,,normal
TXN006932,2026-07-12 08:12:01,ACC00343,ACC00100,49500.0,UPI,transfer,1,STRUCT001,structuring
TXN006933,2026-07-12 08:17:36,ACC00204,ACC00375,46059.1,UPI,transfer,1,STRUCT007,structuring
TXN006934,2026-07-12 08:24:58,ACC00038,ACC00547,4435.4,UPI,transfer,0,,normal
TXN006935,2026-07-12 08:33:17,ACC00154,ACC00069,10229.74,CASH_DEPOSIT,transfer,1,DORM012,dormant_reactivation
TXN006936,2026-07-12 08:37:32,ACC00077,ACC00104,2116.38,RTGS,transfer,0,,normal
TXN006937,2026-07-12 08:38:57,ACC00317,ACC00537,2418.51,IMPS,transfer,0,,normal
TXN006938,2026-07-12 08:42:12,ACC00268,ACC00177,992.74,RTGS,transfer,0,,normal
TXN006939,2026-07-12 08:48:20,ACC00001,ACC00069,19747.56,CASH_DEPOSIT,transfer,1,DORM012,dormant_reactivation
TXN006940,2026-07-12 09:09:47,ACC00116,ACC00347,7181.47,CASH_DEPOSIT,cash_deposit,0,,normal
TXN006941,2026-07-12 09:20:37,ACC00295,ACC00120,2100.52,IMPS,transfer,0,,normal
TXN006942,2026-07-12 09:20:40,ACC00063,ACC00008,19577.96,RTGS,transfer,0,,normal
TXN006943,2026-07-12 09:27:34,ACC00204,ACC00378,44399.37,UPI,transfer,1,STRUCT007,structuring
TXN006944,2026-07-12 09:35:31,ACC00623,ACC00069,6441.07,NEFT,transfer,1,DORM012,dormant_reactivation
TXN006945,2026-07-12 09:36:25,ACC00419,ACC00635,4870.09,NEFT,transfer,0,,normal
TXN006946,2026-07-12 09:42:51,ACC00668,ACC00453,3252.21,CASH_DEPOSIT,cash_deposit,0,,normal
TXN006947,2026-07-12 09:45:31,ACC00343,ACC00019,49500.0,IMPS,transfer,1,STRUCT001,structuring
TXN006948,2026-07-12 10:13:54,ACC00146,ACC00017,3631.83,NEFT,transfer,0,,normal
TXN006949,2026-07-12 10:28:51,ACC00204,ACC00697,39745.2,IMPS,transfer,1,STRUCT007,structuring
TXN006950,2026-07-12 10:29:50,ACC00001,ACC00509,49500.0,UPI,transfer,1,STRUCT004,structuring
TXN006951,2026-07-12 10:35:25,ACC00300,ACC00516,5351.68,NEFT,transfer,0,,normal
TXN006952,2026-07-12 10:36:52,ACC00560,ACC00305,2326.44,UPI,transfer,0,,normal
TXN006953,2026-07-12 10:45:55,ACC00139,ACC00311,14299.17,UPI,transfer,0,,normal
TXN006954,2026-07-12 10:48:49,ACC00069,ACC00061,21029.15,UPI,transfer,1,DORM012,dormant_reactivation
TXN006955,2026-07-12 10:49:09,ACC00245,ACC00210,9827.07,NEFT,transfer,0,,normal
TXN006956,2026-07-12 10:50:34,ACC00204,ACC00447,48607.32,UPI,transfer,1,STRUCT007,structuring
TXN006957,2026-07-12 10:52:03,ACC00156,ACC00664,1278.39,UPI,transfer,0,,normal
TXN006958,2026-07-12 10:55:04,ACC00343,ACC00645,49500.0,IMPS,transfer,1,STRUCT001,structuring
TXN006959,2026-07-12 11:10:24,ACC00654,ACC00488,6094.56,CASH_DEPOSIT,cash_deposit,0,,normal
TXN006960,2026-07-12 11:11:47,ACC00474,ACC00618,2770.37,NEFT,transfer,0,,normal
TXN006961,2026-07-12 11:28:51,ACC00542,ACC00307,5283.03,NEFT,transfer,0,,normal
TXN006962,2026-07-12 11:42:32,ACC00107,ACC00427,266.06,CASH_DEPOSIT,cash_deposit,0,,normal
TXN006963,2026-07-12 11:48:35,ACC00450,ACC00424,2809.84,CASH_DEPOSIT,cash_deposit,0,,normal
TXN006964,2026-07-12 12:10:04,ACC00343,ACC00622,49500.0,IMPS,transfer,1,STRUCT001,structuring
TXN006965,2026-07-12 12:22:54,ACC00397,ACC00670,4557.26,UPI,transfer,0,,normal
TXN006966,2026-07-12 12:23:34,ACC00215,ACC00164,5196.69,RTGS,transfer,0,,normal
TXN006967,2026-07-12 12:29:21,ACC00417,ACC00122,376.62,NEFT,transfer,0,,normal
TXN006968,2026-07-12 12:30:06,ACC00121,ACC00655,2652.53,CASH_DEPOSIT,cash_deposit,0,,normal
TXN006969,2026-07-12 12:32:49,ACC00069,ACC00384,7569.23,CASH_DEPOSIT,transfer,1,DORM012,dormant_reactivation
TXN006970,2026-07-12 12:44:34,ACC00544,ACC00365,3244.0,UPI,transfer,0,,normal
TXN006971,2026-07-12 12:52:05,ACC00204,ACC00496,46234.25,IMPS,transfer,1,STRUCT007,structuring
TXN006972,2026-07-12 12:52:27,ACC00467,ACC00570,2647.08,NEFT,transfer,0,,normal
TXN006973,2026-07-12 13:03:59,ACC00001,ACC00043,49500.0,IMPS,transfer,1,STRUCT004,structuring
TXN006974,2026-07-12 13:08:48,ACC00353,ACC00459,8160.96,IMPS,transfer,0,,normal
TXN006975,2026-07-12 13:46:52,ACC00029,ACC00613,7029.45,CASH_DEPOSIT,cash_deposit,0,,normal
TXN006976,2026-07-12 13:50:56,ACC00001,ACC00503,49500.0,IMPS,transfer,1,STRUCT004,structuring
TXN006977,2026-07-12 13:54:21,ACC00204,ACC00248,45793.64,IMPS,transfer,1,STRUCT007,structuring
TXN006978,2026-07-12 14:06:03,ACC00672,ACC00579,2990.55,CASH_DEPOSIT,cash_deposit,0,,normal
TXN006979,2026-07-12 14:11:11,ACC00001,ACC00645,49500.0,UPI,transfer,1,STRUCT004,structuring
TXN006980,2026-07-12 14:18:07,ACC00627,ACC00695,1816.54,IMPS,transfer,0,,normal
TXN006981,2026-07-12 14:22:15,ACC00211,ACC00120,6561.59,IMPS,transfer,0,,normal
TXN006982,2026-07-12 14:25:26,ACC00627,ACC00202,791.97,RTGS,transfer,0,,normal
TXN006983,2026-07-12 14:29:33,ACC00422,ACC00349,3568.67,IMPS,transfer,0,,normal
TXN006984,2026-07-12 14:31:34,ACC00641,ACC00155,5197.0,RTGS,transfer,0,,normal
TXN006985,2026-07-12 14:59:31,ACC00675,ACC00311,1684.88,RTGS,transfer,0,,normal
TXN006986,2026-07-12 15:21:49,ACC00171,ACC00041,6011.47,IMPS,transfer,0,,normal
TXN006987,2026-07-12 15:24:28,ACC00063,ACC00635,2302.65,UPI,transfer,0,,normal
TXN006988,2026-07-12 15:35:56,ACC00143,ACC00553,2393.3,IMPS,transfer,0,,normal
TXN006989,2026-07-12 15:38:59,ACC00001,ACC00594,49500.0,UPI,transfer,1,STRUCT004,structuring
TXN006990,2026-07-12 15:41:25,ACC00528,ACC00172,5807.55,UPI,transfer,0,,normal
TXN006991,2026-07-12 15:41:37,ACC00204,ACC00366,40789.45,UPI,transfer,1,STRUCT007,structuring
TXN006992,2026-07-12 15:42:07,ACC00562,ACC00509,7801.67,RTGS,transfer,0,,normal
TXN006993,2026-07-12 15:51:21,ACC00204,ACC00298,43870.7,UPI,transfer,1,STRUCT007,structuring
TXN006994,2026-07-12 15:57:14,ACC00185,ACC00427,6901.5,RTGS,transfer,0,,normal
TXN006995,2026-07-12 16:01:35,ACC00206,ACC00656,11849.62,NEFT,transfer,0,,normal
TXN006996,2026-07-12 16:01:37,ACC00669,ACC00517,1479.46,CASH_DEPOSIT,cash_deposit,0,,normal
TXN006997,2026-07-12 16:37:31,ACC00645,ACC00618,11438.08,RTGS,transfer,0,,normal
TXN006998,2026-07-12 16:40:59,ACC00639,ACC00589,11160.19,IMPS,transfer,0,,normal
TXN006999,2026-07-12 16:46:00,ACC00480,ACC00540,5215.06,IMPS,transfer,0,,normal
TXN007000,2026-07-12 16:48:00,ACC00204,ACC00152,44387.44,UPI,transfer,1,STRUCT007,structuring
TXN007001,2026-07-12 16:55:43,ACC00248,ACC00576,2529.27,IMPS,transfer,0,,normal
TXN007002,2026-07-12 16:58:25,ACC00469,ACC00575,3703.14,IMPS,transfer,0,,normal
TXN007003,2026-07-12 17:18:58,ACC00454,ACC00231,4301.24,NEFT,transfer,0,,normal
TXN007004,2026-07-12 17:20:16,ACC00198,ACC00457,1362.52,CASH_DEPOSIT,cash_deposit,0,,normal
TXN007005,2026-07-12 17:22:53,ACC00251,ACC00089,651.3,CASH_DEPOSIT,cash_deposit,0,,normal
TXN007006,2026-07-12 17:38:03,ACC00001,ACC00123,49500.0,IMPS,transfer,1,STRUCT004,structuring
TXN007007,2026-07-12 17:57:58,ACC00548,ACC00477,3766.11,UPI,transfer,0,,normal
TXN007008,2026-07-12 18:14:45,ACC00455,ACC00274,2355.97,IMPS,transfer,0,,normal
TXN007009,2026-07-12 18:21:51,ACC00311,ACC00255,1820.05,UPI,transfer,0,,normal
TXN007010,2026-07-12 18:31:33,ACC00660,ACC00029,11924.82,UPI,transfer,0,,normal
TXN007011,2026-07-12 19:08:27,ACC00591,ACC00077,24215.97,RTGS,transfer,0,,normal
TXN007012,2026-07-12 19:29:52,ACC00461,ACC00651,1879.44,UPI,transfer,0,,normal
TXN007013,2026-07-12 19:35:26,ACC00697,ACC00613,10282.03,UPI,transfer,0,,normal
TXN007014,2026-07-12 19:36:53,ACC00103,ACC00211,3439.05,UPI,transfer,0,,normal
TXN007015,2026-07-12 19:38:06,ACC00077,ACC00576,47072.25,IMPS,transfer,1,STRUCT013,structuring
TXN007016,2026-07-12 19:39:20,ACC00441,ACC00370,10743.16,CASH_DEPOSIT,cash_deposit,0,,normal
TXN007017,2026-07-12 19:44:36,ACC00325,ACC00140,1710.3,UPI,transfer,0,,normal
TXN007018,2026-07-12 20:13:42,ACC00539,ACC00337,3343.11,RTGS,transfer,0,,normal
TXN007019,2026-07-12 20:19:09,ACC00114,ACC00471,2217.46,IMPS,transfer,0,,normal
TXN007020,2026-07-12 20:22:28,ACC00077,ACC00004,47758.97,IMPS,transfer,1,STRUCT013,structuring
TXN007021,2026-07-12 20:33:00,ACC00001,ACC00374,49500.0,UPI,transfer,1,STRUCT004,structuring
TXN007022,2026-07-12 20:33:50,ACC00399,ACC00488,2793.33,NEFT,transfer,0,,normal
TXN007023,2026-07-12 20:33:50,ACC00270,ACC00530,3749.49,RTGS,transfer,0,,normal
TXN007024,2026-07-12 20:38:26,ACC00049,ACC00285,7150.3,NEFT,transfer,0,,normal
TXN007025,2026-07-12 20:38:53,ACC00544,ACC00491,3120.2,NEFT,transfer,0,,normal
TXN007026,2026-07-12 20:45:42,ACC00647,ACC00700,6378.25,UPI,transfer,0,,normal
TXN007027,2026-07-12 20:56:16,ACC00001,ACC00416,49500.0,UPI,transfer,1,STRUCT004,structuring
TXN007028,2026-07-12 21:09:02,ACC00252,ACC00466,5645.28,UPI,transfer,0,,normal
TXN007029,2026-07-12 21:11:24,ACC00289,ACC00293,3523.03,UPI,transfer,0,,normal
TXN007030,2026-07-12 21:24:20,ACC00085,ACC00551,7401.68,RTGS,transfer,0,,normal
TXN007031,2026-07-12 21:25:39,ACC00610,ACC00583,1079.26,RTGS,transfer,0,,normal
TXN007032,2026-07-12 21:26:09,ACC00082,ACC00530,2461.26,UPI,transfer,0,,normal
TXN007033,2026-07-12 21:40:03,ACC00077,ACC00675,49500.0,IMPS,transfer,1,STRUCT013,structuring
TXN007034,2026-07-12 21:47:14,ACC00068,ACC00259,1667.07,UPI,transfer,0,,normal
TXN007035,2026-07-12 21:54:20,ACC00404,ACC00050,4389.96,IMPS,transfer,0,,normal
TXN007036,2026-07-12 22:14:27,ACC00077,ACC00067,49500.0,IMPS,transfer,1,STRUCT013,structuring
TXN007037,2026-07-12 22:39:54,ACC00357,ACC00676,2322.72,UPI,transfer,0,,normal
TXN007038,2026-07-12 23:19:34,ACC00401,ACC00057,6380.91,RTGS,transfer,0,,normal
TXN007039,2026-07-12 23:28:44,ACC00001,ACC00032,49500.0,IMPS,transfer,1,STRUCT004,structuring
TXN007040,2026-07-12 23:28:48,ACC00429,ACC00624,2703.47,NEFT,transfer,0,,normal
TXN007041,2026-07-12 23:34:08,ACC00321,ACC00536,1408.7,CASH_DEPOSIT,cash_deposit,0,,normal
TXN007042,2026-07-12 23:34:44,ACC00017,ACC00128,8927.69,RTGS,transfer,0,,normal
TXN007043,2026-07-12 23:41:48,ACC00468,ACC00374,1108.98,RTGS,transfer,0,,normal
TXN007044,2026-07-12 23:42:29,ACC00627,ACC00484,3773.44,IMPS,transfer,0,,normal
TXN007045,2026-07-12 23:58:33,ACC00528,ACC00688,959.1,RTGS,transfer,0,,normal
TXN007046,2026-07-13 00:04:53,ACC00268,ACC00033,4633.46,IMPS,transfer,0,,normal
TXN007047,2026-07-13 00:16:12,ACC00101,ACC00638,4906.54,IMPS,transfer,0,,normal
TXN007048,2026-07-13 00:27:56,ACC00082,ACC00536,2458.08,CASH_DEPOSIT,cash_deposit,0,,normal
TXN007049,2026-07-13 00:31:57,ACC00157,ACC00450,1354.83,NEFT,transfer,0,,normal
TXN007050,2026-07-13 00:35:24,ACC00689,ACC00491,23414.62,IMPS,transfer,0,,normal
TXN007051,2026-07-13 00:36:08,ACC00483,ACC00423,1036.69,RTGS,transfer,0,,normal
TXN007052,2026-07-13 00:37:38,ACC00317,ACC00312,888.68,CASH_DEPOSIT,cash_deposit,0,,normal
TXN007053,2026-07-13 00:40:19,ACC00077,ACC00027,48576.34,UPI,transfer,1,STRUCT013,structuring
TXN007054,2026-07-13 00:48:20,ACC00013,ACC00638,21869.17,NEFT,transfer,0,,normal
TXN007055,2026-07-13 01:00:31,ACC00463,ACC00342,2187.81,NEFT,transfer,0,,normal
TXN007056,2026-07-13 01:00:32,ACC00077,ACC00480,49500.0,UPI,transfer,1,STRUCT013,structuring
TXN007057,2026-07-13 01:05:33,ACC00430,ACC00108,3053.7,RTGS,transfer,0,,normal
TXN007058,2026-07-13 01:07:16,ACC00001,ACC00275,49500.0,UPI,transfer,1,STRUCT004,structuring
TXN007059,2026-07-13 01:25:47,ACC00077,ACC00070,49500.0,UPI,transfer,1,STRUCT013,structuring
TXN007060,2026-07-13 01:26:22,ACC00460,ACC00436,2984.97,RTGS,transfer,0,,normal
TXN007061,2026-07-13 01:45:03,ACC00430,ACC00022,6389.51,RTGS,transfer,0,,normal
TXN007062,2026-07-13 01:54:17,ACC00681,ACC00049,2604.28,NEFT,transfer,0,,normal
TXN007063,2026-07-13 02:02:18,ACC00085,ACC00633,495.6,UPI,transfer,0,,normal
TXN007064,2026-07-13 02:18:39,ACC00694,ACC00521,9252.72,RTGS,transfer,0,,normal
TXN007065,2026-07-13 02:23:05,ACC00438,ACC00244,3863.04,UPI,transfer,0,,normal
TXN007066,2026-07-13 02:31:29,ACC00523,ACC00098,1336.8,RTGS,transfer,0,,normal
TXN007067,2026-07-13 02:33:42,ACC00028,ACC00290,1204.03,NEFT,transfer,0,,normal
TXN007068,2026-07-13 02:53:37,ACC00541,ACC00626,4978.11,RTGS,transfer,0,,normal
TXN007069,2026-07-13 03:00:21,ACC00555,ACC00062,729.76,RTGS,transfer,0,,normal
TXN007070,2026-07-13 03:00:40,ACC00273,ACC00129,772.76,IMPS,transfer,0,,normal
TXN007071,2026-07-13 03:13:26,ACC00320,ACC00278,2098.17,CASH_DEPOSIT,cash_deposit,0,,normal
TXN007072,2026-07-13 03:38:24,ACC00289,ACC00599,5091.78,RTGS,transfer,0,,normal
TXN007073,2026-07-13 03:53:50,ACC00087,ACC00275,437.45,UPI,transfer,0,,normal
TXN007074,2026-07-13 04:03:28,ACC00077,ACC00287,49500.0,IMPS,transfer,1,STRUCT013,structuring
TXN007075,2026-07-13 04:05:09,ACC00443,ACC00626,3098.94,NEFT,transfer,0,,normal
TXN007076,2026-07-13 04:08:06,ACC00096,ACC00349,2068.69,UPI,transfer,0,,normal
TXN007077,2026-07-13 04:20:55,ACC00484,ACC00243,4914.93,RTGS,transfer,0,,normal
TXN007078,2026-07-13 04:46:42,ACC00077,ACC00587,49500.0,IMPS,transfer,1,STRUCT013,structuring
TXN007079,2026-07-13 05:34:07,ACC00102,ACC00300,1827.11,RTGS,transfer,0,,normal
TXN007080,2026-07-13 05:37:08,ACC00553,ACC00275,6583.55,RTGS,transfer,0,,normal
TXN007081,2026-07-13 05:40:09,ACC00077,ACC00069,49500.0,UPI,transfer,1,STRUCT013,structuring
TXN007082,2026-07-13 05:51:13,ACC00078,ACC00308,2341.27,RTGS,transfer,0,,normal
TXN007083,2026-07-13 06:04:13,ACC00666,ACC00236,7149.44,CASH_DEPOSIT,cash_deposit,0,,normal
TXN007084,2026-07-13 06:06:12,ACC00662,ACC00048,8718.11,NEFT,transfer,0,,normal
TXN007085,2026-07-13 06:20:21,ACC00589,ACC00019,3831.71,RTGS,transfer,0,,normal
TXN007086,2026-07-13 06:31:15,ACC00031,ACC00075,6252.02,NEFT,transfer,0,,normal
TXN007087,2026-07-13 06:31:19,ACC00276,ACC00421,11110.27,UPI,transfer,0,,normal
TXN007088,2026-07-13 06:38:54,ACC00093,ACC00321,3126.88,IMPS,transfer,0,,normal
TXN007089,2026-07-13 06:39:02,ACC00052,ACC00024,1187.92,CASH_DEPOSIT,cash_deposit,0,,normal
TXN007090,2026-07-13 06:39:09,ACC00022,ACC00009,11973.73,NEFT,transfer,0,,normal
TXN007091,2026-07-13 06:40:04,ACC00476,ACC00020,2209.24,UPI,transfer,0,,normal
TXN007092,2026-07-13 06:52:01,ACC00462,ACC00358,5524.16,RTGS,transfer,0,,normal
TXN007093,2026-07-13 06:55:08,ACC00698,ACC00320,4408.62,UPI,transfer,0,,normal
TXN007094,2026-07-13 07:22:21,ACC00292,ACC00173,295515.46,RTGS,transfer,1,LAYER004,cyclic_layering
TXN007095,2026-07-13 07:23:24,ACC00124,ACC00675,1027.61,UPI,transfer,0,,normal
TXN007096,2026-07-13 07:49:30,ACC00258,ACC00537,3745.62,RTGS,transfer,0,,normal
TXN007097,2026-07-13 07:52:59,ACC00077,ACC00028,49500.0,UPI,transfer,1,STRUCT013,structuring
TXN007098,2026-07-13 08:01:00,ACC00639,ACC00363,11516.85,RTGS,transfer,0,,normal
TXN007099,2026-07-13 08:04:42,ACC00077,ACC00571,49500.0,IMPS,transfer,1,STRUCT013,structuring
TXN007100,2026-07-13 08:05:23,ACC00139,ACC00422,8838.79,IMPS,transfer,0,,normal
TXN007101,2026-07-13 08:06:24,ACC00159,ACC00628,1385.76,CASH_DEPOSIT,cash_deposit,0,,normal
TXN007102,2026-07-13 08:17:20,ACC00131,ACC00099,941.45,IMPS,transfer,0,,normal
TXN007103,2026-07-13 08:17:59,ACC00077,ACC00203,43408.62,IMPS,transfer,1,STRUCT013,structuring
TXN007104,2026-07-13 08:20:07,ACC00663,ACC00081,2832.75,UPI,transfer,0,,normal
TXN007105,2026-07-13 08:25:12,ACC00278,ACC00239,3585.65,NEFT,transfer,0,,normal
TXN007106,2026-07-13 08:30:21,ACC00077,ACC00394,44496.49,UPI,transfer,1,STRUCT013,structuring
TXN007107,2026-07-13 08:52:14,ACC00479,ACC00196,2713.56,CASH_DEPOSIT,cash_deposit,0,,normal
TXN007108,2026-07-13 08:52:22,ACC00476,ACC00157,3073.64,CASH_DEPOSIT,cash_deposit,0,,normal
TXN007109,2026-07-13 08:58:18,ACC00586,ACC00237,12372.98,IMPS,transfer,0,,normal
TXN007110,2026-07-13 09:11:22,ACC00008,ACC00184,2633.23,CASH_DEPOSIT,cash_deposit,0,,normal
TXN007111,2026-07-13 09:20:42,ACC00078,ACC00568,9993.32,NEFT,transfer,0,,normal
TXN007112,2026-07-13 09:38:52,ACC00082,ACC00154,2950.57,IMPS,transfer,0,,normal
TXN007113,2026-07-13 09:46:32,ACC00664,ACC00159,944.72,CASH_DEPOSIT,cash_deposit,0,,normal
TXN007114,2026-07-13 09:53:19,ACC00200,ACC00466,17766.49,NEFT,transfer,0,,normal
TXN007115,2026-07-13 10:04:09,ACC00677,ACC00566,4925.9,CASH_DEPOSIT,cash_deposit,0,,normal
TXN007116,2026-07-13 10:04:54,ACC00323,ACC00068,1812.63,RTGS,transfer,0,,normal
TXN007117,2026-07-13 10:05:07,ACC00457,ACC00455,10839.11,RTGS,transfer,0,,normal
TXN007118,2026-07-13 10:09:31,ACC00669,ACC00617,12229.46,RTGS,transfer,0,,normal
TXN007119,2026-07-13 10:15:42,ACC00416,ACC00515,2348.47,NEFT,transfer,0,,normal
TXN007120,2026-07-13 10:27:49,ACC00283,ACC00034,3973.65,RTGS,transfer,0,,normal
TXN007121,2026-07-13 10:35:25,ACC00372,ACC00313,4217.61,NEFT,transfer,0,,normal
TXN007122,2026-07-13 10:40:08,ACC00222,ACC00094,799.35,IMPS,transfer,0,,normal
TXN007123,2026-07-13 10:46:11,ACC00444,ACC00510,3932.52,CASH_DEPOSIT,cash_deposit,0,,normal
TXN007124,2026-07-13 11:19:02,ACC00586,ACC00161,1808.7,CASH_DEPOSIT,cash_deposit,0,,normal
TXN007125,2026-07-13 11:23:17,ACC00333,ACC00095,1208.94,RTGS,transfer,0,,normal
TXN007126,2026-07-13 11:25:55,ACC00077,ACC00603,44072.27,IMPS,transfer,1,STRUCT013,structuring
TXN007127,2026-07-13 11:34:31,ACC00134,ACC00514,5889.42,NEFT,transfer,0,,normal
TXN007128,2026-07-13 11:36:24,ACC00371,ACC00266,7406.9,RTGS,transfer,0,,normal
TXN007129,2026-07-13 11:39:16,ACC00212,ACC00405,3938.88,NEFT,transfer,0,,normal
TXN007130,2026-07-13 12:03:08,ACC00390,ACC00064,1701.66,RTGS,transfer,0,,normal
TXN007131,2026-07-13 12:10:23,ACC00499,ACC00067,593.83,CASH_DEPOSIT,cash_deposit,0,,normal
TXN007132,2026-07-13 12:15:26,ACC00439,ACC00624,3680.09,NEFT,transfer,0,,normal
TXN007133,2026-07-13 12:17:42,ACC00077,ACC00648,49456.88,IMPS,transfer,1,STRUCT013,structuring
TXN007134,2026-07-13 12:23:34,ACC00096,ACC00141,1471.1,UPI,transfer,0,,normal
TXN007135,2026-07-13 12:24:35,ACC00043,ACC00324,7035.22,CASH_DEPOSIT,cash_deposit,0,,normal
TXN007136,2026-07-13 12:28:24,ACC00424,ACC00318,8288.87,RTGS,transfer,0,,normal
TXN007137,2026-07-13 12:42:15,ACC00255,ACC00272,9710.03,NEFT,transfer,0,,normal
TXN007138,2026-07-13 12:49:39,ACC00252,ACC00644,2016.34,RTGS,transfer,0,,normal
TXN007139,2026-07-13 13:02:24,ACC00058,ACC00081,4200.17,IMPS,transfer,0,,normal
TXN007140,2026-07-13 13:22:28,ACC00544,ACC00312,6832.99,IMPS,transfer,0,,normal
TXN007141,2026-07-13 13:41:52,ACC00419,ACC00103,7995.15,NEFT,transfer,0,,normal
TXN007142,2026-07-13 13:47:51,ACC00032,ACC00442,1059.44,RTGS,transfer,0,,normal
TXN007143,2026-07-13 14:27:16,ACC00676,ACC00394,2111.93,RTGS,transfer,0,,normal
TXN007144,2026-07-13 14:34:31,ACC00139,ACC00679,23202.84,UPI,transfer,0,,normal
TXN007145,2026-07-13 14:38:07,ACC00616,ACC00610,13575.6,NEFT,transfer,0,,normal
TXN007146,2026-07-13 14:38:45,ACC00672,ACC00504,4078.81,RTGS,transfer,0,,normal
TXN007147,2026-07-13 14:43:18,ACC00181,ACC00180,15441.6,UPI,transfer,0,,normal
TXN007148,2026-07-13 14:44:47,ACC00507,ACC00466,10678.4,NEFT,transfer,0,,normal
TXN007149,2026-07-13 14:52:44,ACC00107,ACC00536,697.71,CASH_DEPOSIT,cash_deposit,0,,normal
TXN007150,2026-07-13 15:21:56,ACC00167,ACC00141,5444.08,RTGS,transfer,0,,normal
TXN007151,2026-07-13 15:37:10,ACC00548,ACC00111,3107.21,RTGS,transfer,0,,normal
TXN007152,2026-07-13 15:44:17,ACC00009,ACC00403,11689.62,NEFT,transfer,0,,normal
TXN007153,2026-07-13 16:04:19,ACC00084,ACC00208,8039.0,UPI,transfer,0,,normal
TXN007154,2026-07-13 16:22:47,ACC00077,ACC00671,48075.93,IMPS,transfer,1,STRUCT013,structuring
TXN007155,2026-07-13 16:29:18,ACC00305,ACC00376,2332.12,NEFT,transfer,0,,normal
TXN007156,2026-07-13 16:55:35,ACC00068,ACC00182,2773.98,CASH_DEPOSIT,cash_deposit,0,,normal
TXN007157,2026-07-13 17:18:38,ACC00486,ACC00428,284.37,CASH_DEPOSIT,cash_deposit,0,,normal
TXN007158,2026-07-13 17:28:53,ACC00674,ACC00057,4954.26,RTGS,transfer,0,,normal
TXN007159,2026-07-13 17:30:27,ACC00077,ACC00448,49226.84,IMPS,transfer,1,STRUCT013,structuring
TXN007160,2026-07-13 17:44:03,ACC00486,ACC00129,8226.75,NEFT,transfer,0,,normal
TXN007161,2026-07-13 18:07:01,ACC00391,ACC00210,3295.35,RTGS,transfer,0,,normal
TXN007162,2026-07-13 18:12:06,ACC00371,ACC00393,9639.17,IMPS,transfer,0,,normal
TXN007163,2026-07-13 18:14:18,ACC00077,ACC00126,48885.02,IMPS,transfer,1,STRUCT013,structuring
TXN007164,2026-07-13 18:22:00,ACC00449,ACC00037,5081.22,NEFT,transfer,0,,normal
TXN007165,2026-07-13 18:25:48,ACC00350,ACC00279,5803.94,NEFT,transfer,0,,normal
TXN007166,2026-07-13 18:41:36,ACC00482,ACC00238,6480.08,CASH_DEPOSIT,cash_deposit,0,,normal
TXN007167,2026-07-13 18:56:03,ACC00155,ACC00608,3754.19,UPI,transfer,0,,normal
TXN007168,2026-07-13 18:56:59,ACC00550,ACC00376,3570.03,CASH_DEPOSIT,cash_deposit,0,,normal
TXN007169,2026-07-13 18:57:11,ACC00444,ACC00446,10363.38,UPI,transfer,0,,normal
TXN007170,2026-07-13 18:58:10,ACC00678,ACC00378,629.8,UPI,transfer,0,,normal
TXN007171,2026-07-13 19:07:17,ACC00694,ACC00134,4958.42,UPI,transfer,0,,normal
TXN007172,2026-07-13 19:14:17,ACC00233,ACC00673,12094.39,CASH_DEPOSIT,cash_deposit,0,,normal
TXN007173,2026-07-13 19:21:28,ACC00443,ACC00224,4427.04,RTGS,transfer,0,,normal
TXN007174,2026-07-13 19:25:12,ACC00049,ACC00667,15939.46,CASH_DEPOSIT,cash_deposit,0,,normal
TXN007175,2026-07-13 19:29:06,ACC00109,ACC00392,4875.15,CASH_DEPOSIT,cash_deposit,0,,normal
TXN007176,2026-07-13 19:47:22,ACC00422,ACC00245,4822.95,UPI,transfer,0,,normal
TXN007177,2026-07-13 19:48:51,ACC00053,ACC00259,7569.52,UPI,transfer,0,,normal
TXN007178,2026-07-13 19:56:31,ACC00259,ACC00641,3338.94,RTGS,transfer,0,,normal
TXN007179,2026-07-13 19:59:48,ACC00404,ACC00627,3436.59,CASH_DEPOSIT,cash_deposit,0,,normal
TXN007180,2026-07-13 20:01:22,ACC00378,ACC00272,2637.48,IMPS,transfer,0,,normal
TXN007181,2026-07-13 20:14:36,ACC00236,ACC00547,5796.33,RTGS,transfer,0,,normal
TXN007182,2026-07-13 20:37:48,ACC00077,ACC00666,49500.0,IMPS,transfer,1,STRUCT013,structuring
TXN007183,2026-07-13 20:46:47,ACC00131,ACC00266,1454.29,CASH_DEPOSIT,cash_deposit,0,,normal
TXN007184,2026-07-13 20:47:10,ACC00424,ACC00446,540.19,NEFT,transfer,0,,normal
TXN007185,2026-07-13 20:52:37,ACC00077,ACC00622,49500.0,IMPS,transfer,1,STRUCT013,structuring
TXN007186,2026-07-13 20:55:22,ACC00077,ACC00227,49500.0,UPI,transfer,1,STRUCT013,structuring
TXN007187,2026-07-13 20:55:50,ACC00077,ACC00605,49500.0,IMPS,transfer,1,STRUCT013,structuring
TXN007188,2026-07-13 21:16:50,ACC00364,ACC00597,1262.05,IMPS,transfer,0,,normal
TXN007189,2026-07-13 21:29:11,ACC00567,ACC00163,9574.89,UPI,transfer,0,,normal
TXN007190,2026-07-13 21:30:25,ACC00626,ACC00261,10137.52,CASH_DEPOSIT,cash_deposit,0,,normal
TXN007191,2026-07-13 21:40:17,ACC00551,ACC00006,2781.47,NEFT,transfer,0,,normal
TXN007192,2026-07-13 22:01:07,ACC00203,ACC00300,1407.5,RTGS,transfer,0,,normal
TXN007193,2026-07-13 22:06:06,ACC00312,ACC00413,1107.42,RTGS,transfer,0,,normal
TXN007194,2026-07-13 22:07:41,ACC00110,ACC00057,5032.97,IMPS,transfer,0,,normal
TXN007195,2026-07-13 22:11:35,ACC00001,ACC00304,2809.21,RTGS,transfer,0,,normal
TXN007196,2026-07-13 22:19:07,ACC00630,ACC00138,11149.19,IMPS,transfer,0,,normal
TXN007197,2026-07-13 22:54:58,ACC00417,ACC00669,5482.23,RTGS,transfer,0,,normal
TXN007198,2026-07-13 22:55:14,ACC00165,ACC00374,3854.16,IMPS,transfer,0,,normal
TXN007199,2026-07-13 22:56:48,ACC00031,ACC00459,334432.12,RTGS,transfer,1,LAYER007,cyclic_layering
TXN007200,2026-07-13 23:09:38,ACC00690,ACC00018,2278.86,IMPS,transfer,0,,normal
TXN007201,2026-07-13 23:19:09,ACC00100,ACC00251,1926.0,UPI,transfer,0,,normal
TXN007202,2026-07-13 23:21:16,ACC00077,ACC00526,48338.33,UPI,transfer,1,STRUCT013,structuring
TXN007203,2026-07-13 23:40:56,ACC00145,ACC00308,6819.31,NEFT,transfer,0,,normal
TXN007204,2026-07-13 23:51:50,ACC00586,ACC00378,8707.09,RTGS,transfer,0,,normal
TXN007205,2026-07-13 23:53:06,ACC00139,ACC00052,1572.16,CASH_DEPOSIT,cash_deposit,0,,normal
TXN007206,2026-07-14 00:02:55,ACC00077,ACC00021,49500.0,UPI,transfer,1,STRUCT013,structuring
TXN007207,2026-07-14 00:13:55,ACC00323,ACC00246,891.82,RTGS,transfer,0,,normal
TXN007208,2026-07-14 00:45:23,ACC00056,ACC00598,13389.82,RTGS,transfer,0,,normal
TXN007209,2026-07-14 00:54:39,ACC00486,ACC00197,567.49,IMPS,transfer,0,,normal
TXN007210,2026-07-14 00:55:13,ACC00190,ACC00259,2268.63,NEFT,transfer,0,,normal
TXN007211,2026-07-14 00:56:44,ACC00077,ACC00051,49500.0,UPI,transfer,1,STRUCT013,structuring
TXN007212,2026-07-14 01:00:19,ACC00077,ACC00133,47654.3,IMPS,transfer,1,STRUCT013,structuring
TXN007213,2026-07-14 01:07:46,ACC00151,ACC00647,2738.01,RTGS,transfer,0,,normal
TXN007214,2026-07-14 01:10:56,ACC00453,ACC00065,10388.89,UPI,transfer,0,,normal
TXN007215,2026-07-14 01:18:55,ACC00598,ACC00254,15208.39,RTGS,transfer,0,,normal
TXN007216,2026-07-14 01:27:04,ACC00622,ACC00465,27359.91,NEFT,transfer,0,,normal
TXN007217,2026-07-14 01:30:34,ACC00371,ACC00408,1283.39,CASH_DEPOSIT,cash_deposit,0,,normal
TXN007218,2026-07-14 01:39:27,ACC00696,ACC00461,1117.67,UPI,transfer,0,,normal
TXN007219,2026-07-14 01:46:21,ACC00077,ACC00122,43038.81,UPI,transfer,1,STRUCT013,structuring
TXN007220,2026-07-14 02:00:25,ACC00483,ACC00017,1825.89,NEFT,transfer,0,,normal
TXN007221,2026-07-14 02:02:35,ACC00555,ACC00357,3385.22,NEFT,transfer,0,,normal
TXN007222,2026-07-14 02:34:40,ACC00520,ACC00151,1649.11,IMPS,transfer,0,,normal
TXN007223,2026-07-14 02:36:05,ACC00641,ACC00096,901.12,IMPS,transfer,0,,normal
TXN007224,2026-07-14 02:42:04,ACC00390,ACC00157,5301.36,IMPS,transfer,0,,normal
TXN007225,2026-07-14 02:44:42,ACC00170,ACC00616,30658.74,NEFT,transfer,0,,normal
TXN007226,2026-07-14 03:07:17,ACC00238,ACC00092,5463.62,NEFT,transfer,0,,normal
TXN007227,2026-07-14 03:11:14,ACC00523,ACC00037,37323.47,UPI,transfer,0,,normal
TXN007228,2026-07-14 03:20:09,ACC00299,ACC00041,2560.81,NEFT,transfer,0,,normal
TXN007229,2026-07-14 03:23:43,ACC00671,ACC00561,12293.62,RTGS,transfer,0,,normal
TXN007230,2026-07-14 03:27:02,ACC00421,ACC00392,4988.7,RTGS,transfer,0,,normal
TXN007231,2026-07-14 03:31:10,ACC00597,ACC00483,5850.07,UPI,transfer,0,,normal
TXN007232,2026-07-14 03:34:23,ACC00502,ACC00501,1432.92,NEFT,transfer,0,,normal
TXN007233,2026-07-14 03:34:51,ACC00399,ACC00459,2475.1,UPI,transfer,0,,normal
TXN007234,2026-07-14 03:38:48,ACC00518,ACC00433,53826.95,RTGS,transfer,0,,normal
TXN007235,2026-07-14 03:58:19,ACC00151,ACC00124,3701.75,IMPS,transfer,0,,normal
TXN007236,2026-07-14 04:15:57,ACC00613,ACC00345,1926.2,RTGS,transfer,0,,normal
TXN007237,2026-07-14 04:17:50,ACC00065,ACC00581,1825.55,NEFT,transfer,0,,normal
TXN007238,2026-07-14 05:03:41,ACC00370,ACC00258,556.5,RTGS,transfer,0,,normal
TXN007239,2026-07-14 05:10:37,ACC00525,ACC00640,11561.49,RTGS,transfer,0,,normal
TXN007240,2026-07-14 05:34:05,ACC00491,ACC00630,2589.23,RTGS,transfer,0,,normal
TXN007241,2026-07-14 05:56:36,ACC00194,ACC00559,962.28,CASH_DEPOSIT,cash_deposit,0,,normal
TXN007242,2026-07-14 05:58:59,ACC00184,ACC00612,1782.7,UPI,transfer,0,,normal
TXN007243,2026-07-14 06:23:30,ACC00098,ACC00559,5611.25,IMPS,transfer,0,,normal
TXN007244,2026-07-14 06:24:22,ACC00062,ACC00265,1718.33,RTGS,transfer,0,,normal
TXN007245,2026-07-14 06:24:52,ACC00003,ACC00569,6146.29,UPI,transfer,0,,normal
TXN007246,2026-07-14 06:26:26,ACC00245,ACC00481,5273.29,NEFT,transfer,0,,normal
TXN007247,2026-07-14 06:29:30,ACC00265,ACC00385,1010.99,UPI,transfer,0,,normal
TXN007248,2026-07-14 06:55:40,ACC00025,ACC00645,2167.27,UPI,transfer,0,,normal
TXN007249,2026-07-14 06:59:31,ACC00499,ACC00415,2459.44,NEFT,transfer,0,,normal
TXN007250,2026-07-14 07:09:35,ACC00037,ACC00650,18945.19,RTGS,transfer,0,,normal
TXN007251,2026-07-14 07:15:28,ACC00147,ACC00064,4779.5,CASH_DEPOSIT,cash_deposit,0,,normal
TXN007252,2026-07-14 07:17:56,ACC00062,ACC00625,8702.51,IMPS,transfer,0,,normal
TXN007253,2026-07-14 07:20:01,ACC00547,ACC00505,718.11,CASH_DEPOSIT,cash_deposit,0,,normal
TXN007254,2026-07-14 07:26:47,ACC00202,ACC00651,6392.99,NEFT,transfer,0,,normal
TXN007255,2026-07-14 07:40:05,ACC00362,ACC00168,3904.27,NEFT,transfer,0,,normal
TXN007256,2026-07-14 07:54:18,ACC00677,ACC00176,3232.62,CASH_DEPOSIT,cash_deposit,0,,normal
TXN007257,2026-07-14 08:22:43,ACC00306,ACC00231,1840.05,NEFT,transfer,0,,normal
TXN007258,2026-07-14 08:23:56,ACC00696,ACC00591,516.61,NEFT,transfer,0,,normal
TXN007259,2026-07-14 08:36:19,ACC00584,ACC00259,2703.5,CASH_DEPOSIT,cash_deposit,0,,normal
TXN007260,2026-07-14 08:36:43,ACC00008,ACC00169,4172.47,RTGS,transfer,0,,normal
TXN007261,2026-07-14 08:46:59,ACC00515,ACC00392,1749.42,IMPS,transfer,0,,normal
TXN007262,2026-07-14 08:56:06,ACC00587,ACC00274,15067.66,UPI,transfer,0,,normal
TXN007263,2026-07-14 08:57:33,ACC00662,ACC00255,4197.65,UPI,transfer,0,,normal
TXN007264,2026-07-14 09:08:08,ACC00220,ACC00171,12383.3,IMPS,transfer,0,,normal
TXN007265,2026-07-14 09:15:25,ACC00570,ACC00544,23623.56,NEFT,transfer,0,,normal
TXN007266,2026-07-14 09:16:11,ACC00219,ACC00451,3056.29,RTGS,transfer,0,,normal
TXN007267,2026-07-14 09:20:55,ACC00583,ACC00200,6245.52,CASH_DEPOSIT,cash_deposit,0,,normal
TXN007268,2026-07-14 09:24:34,ACC00429,ACC00086,1320.1,RTGS,transfer,0,,normal
TXN007269,2026-07-14 09:25:59,ACC00097,ACC00453,2721.22,RTGS,transfer,0,,normal
TXN007270,2026-07-14 09:28:01,ACC00364,ACC00370,8105.02,RTGS,transfer,0,,normal
TXN007271,2026-07-14 09:29:18,ACC00636,ACC00360,12829.95,UPI,transfer,0,,normal
TXN007272,2026-07-14 09:30:44,ACC00691,ACC00244,8884.58,CASH_DEPOSIT,cash_deposit,0,,normal
TXN007273,2026-07-14 09:37:23,ACC00377,ACC00526,9014.36,RTGS,transfer,0,,normal
TXN007274,2026-07-14 09:44:38,ACC00226,ACC00377,6203.71,NEFT,transfer,0,,normal
TXN007275,2026-07-14 09:45:20,ACC00052,ACC00298,1866.4,RTGS,transfer,0,,normal
TXN007276,2026-07-14 09:46:15,ACC00170,ACC00211,3326.15,RTGS,transfer,0,,normal
TXN007277,2026-07-14 09:53:27,ACC00512,ACC00321,6748.2,RTGS,transfer,0,,normal
TXN007278,2026-07-14 10:00:26,ACC00370,ACC00544,10928.89,IMPS,transfer,0,,normal
TXN007279,2026-07-14 10:02:50,ACC00302,ACC00349,1256.79,NEFT,transfer,0,,normal
TXN007280,2026-07-14 10:07:44,ACC00390,ACC00080,10985.5,RTGS,transfer,0,,normal
TXN007281,2026-07-14 10:26:47,ACC00397,ACC00031,4192.38,IMPS,transfer,0,,normal
TXN007282,2026-07-14 11:02:17,ACC00079,ACC00211,2163.29,NEFT,transfer,0,,normal
TXN007283,2026-07-14 11:18:10,ACC00118,ACC00480,1626.5,IMPS,transfer,0,,normal
TXN007284,2026-07-14 11:34:55,ACC00337,ACC00667,749.06,RTGS,transfer,0,,normal
TXN007285,2026-07-14 11:42:35,ACC00368,ACC00096,2363.81,IMPS,transfer,0,,normal
TXN007286,2026-07-14 11:53:36,ACC00084,ACC00143,8046.21,UPI,transfer,0,,normal
TXN007287,2026-07-14 12:11:22,ACC00447,ACC00525,2126.22,NEFT,transfer,0,,normal
TXN007288,2026-07-14 12:14:54,ACC00166,ACC00289,1457.06,RTGS,transfer,0,,normal
TXN007289,2026-07-14 12:17:53,ACC00544,ACC00469,1261.45,NEFT,transfer,0,,normal
TXN007290,2026-07-14 12:28:28,ACC00682,ACC00352,2803.41,RTGS,transfer,0,,normal
TXN007291,2026-07-14 12:37:28,ACC00158,ACC00315,2284.9,UPI,transfer,0,,normal
TXN007292,2026-07-14 12:46:22,ACC00297,ACC00658,1403.86,RTGS,transfer,0,,normal
TXN007293,2026-07-14 12:57:02,ACC00566,ACC00313,14509.24,UPI,transfer,0,,normal
TXN007294,2026-07-14 13:04:33,ACC00068,ACC00277,1989.5,RTGS,transfer,0,,normal
TXN007295,2026-07-14 13:09:09,ACC00514,ACC00155,5208.95,NEFT,transfer,0,,normal
TXN007296,2026-07-14 13:18:55,ACC00036,ACC00268,3651.28,IMPS,transfer,0,,normal
TXN007297,2026-07-14 13:25:32,ACC00227,ACC00225,1820.75,RTGS,transfer,0,,normal
TXN007298,2026-07-14 13:33:47,ACC00240,ACC00506,5187.34,RTGS,transfer,0,,normal
TXN007299,2026-07-14 13:33:55,ACC00054,ACC00684,2714.57,CASH_DEPOSIT,cash_deposit,0,,normal
TXN007300,2026-07-14 13:34:27,ACC00684,ACC00390,5540.28,RTGS,transfer,0,,normal
TXN007301,2026-07-14 13:42:37,ACC00345,ACC00014,9084.67,UPI,transfer,0,,normal
TXN007302,2026-07-14 13:49:27,ACC00283,ACC00340,5023.57,UPI,transfer,0,,normal
TXN007303,2026-07-14 13:52:42,ACC00465,ACC00644,3238.76,UPI,transfer,0,,normal
TXN007304,2026-07-14 13:54:21,ACC00460,ACC00415,15510.36,IMPS,transfer,0,,normal
TXN007305,2026-07-14 14:04:14,ACC00281,ACC00184,17533.03,NEFT,transfer,0,,normal
TXN007306,2026-07-14 14:12:06,ACC00447,ACC00402,4173.42,UPI,transfer,0,,normal
TXN007307,2026-07-14 14:23:31,ACC00138,ACC00289,1146.02,IMPS,transfer,0,,normal
TXN007308,2026-07-14 14:48:16,ACC00367,ACC00509,17624.81,RTGS,transfer,0,,normal
TXN007309,2026-07-14 14:59:12,ACC00357,ACC00356,5041.68,CASH_DEPOSIT,cash_deposit,0,,normal
TXN007310,2026-07-14 15:03:27,ACC00081,ACC00383,1356.18,IMPS,transfer,0,,normal
TXN007311,2026-07-14 15:04:44,ACC00389,ACC00027,2065.19,NEFT,transfer,0,,normal
TXN007312,2026-07-14 15:08:53,ACC00095,ACC00616,8476.67,IMPS,transfer,0,,normal
TXN007313,2026-07-14 15:14:10,ACC00002,ACC00153,4716.43,UPI,transfer,0,,normal
TXN007314,2026-07-14 15:26:19,ACC00506,ACC00657,1204.4,NEFT,transfer,0,,normal
TXN007315,2026-07-14 15:26:35,ACC00366,ACC00290,4754.84,NEFT,transfer,0,,normal
TXN007316,2026-07-14 15:46:07,ACC00076,ACC00364,3705.02,RTGS,transfer,0,,normal
TXN007317,2026-07-14 15:57:31,ACC00252,ACC00267,5666.35,UPI,transfer,0,,normal
TXN007318,2026-07-14 16:15:45,ACC00622,ACC00077,10368.78,RTGS,transfer,0,,normal
TXN007319,2026-07-14 16:20:43,ACC00267,ACC00167,3704.89,IMPS,transfer,0,,normal
TXN007320,2026-07-14 16:23:34,ACC00118,ACC00016,13628.07,UPI,transfer,0,,normal
TXN007321,2026-07-14 16:39:51,ACC00515,ACC00682,9764.05,UPI,transfer,0,,normal
TXN007322,2026-07-14 16:42:51,ACC00318,ACC00545,2221.1,IMPS,transfer,0,,normal
TXN007323,2026-07-14 17:06:44,ACC00202,ACC00420,2189.54,UPI,transfer,0,,normal
TXN007324,2026-07-14 17:07:55,ACC00571,ACC00379,2734.37,NEFT,transfer,0,,normal
TXN007325,2026-07-14 17:11:36,ACC00181,ACC00535,2957.86,CASH_DEPOSIT,cash_deposit,0,,normal
TXN007326,2026-07-14 17:37:36,ACC00434,ACC00438,31708.94,UPI,transfer,0,,normal
TXN007327,2026-07-14 17:51:40,ACC00297,ACC00669,1017.8,RTGS,transfer,0,,normal
TXN007328,2026-07-14 17:54:05,ACC00640,ACC00652,3964.59,CASH_DEPOSIT,cash_deposit,0,,normal
TXN007329,2026-07-14 18:00:18,ACC00004,ACC00337,8795.57,RTGS,transfer,0,,normal
TXN007330,2026-07-14 18:09:15,ACC00176,ACC00258,4677.48,RTGS,transfer,0,,normal
TXN007331,2026-07-14 18:29:47,ACC00543,ACC00653,1712.38,UPI,transfer,0,,normal
TXN007332,2026-07-14 18:42:12,ACC00333,ACC00230,2063.66,NEFT,transfer,0,,normal
TXN007333,2026-07-14 18:45:57,ACC00495,ACC00586,5881.71,RTGS,transfer,0,,normal
TXN007334,2026-07-14 18:57:10,ACC00080,ACC00077,7695.99,UPI,transfer,0,,normal
TXN007335,2026-07-14 19:03:00,ACC00044,ACC00364,2382.29,RTGS,transfer,0,,normal
TXN007336,2026-07-14 19:36:35,ACC00060,ACC00217,6393.43,CASH_DEPOSIT,cash_deposit,0,,normal
TXN007337,2026-07-14 19:51:29,ACC00264,ACC00494,4581.79,NEFT,transfer,0,,normal
TXN007338,2026-07-14 19:57:40,ACC00193,ACC00144,3423.92,RTGS,transfer,0,,normal
TXN007339,2026-07-14 19:59:23,ACC00637,ACC00250,7059.01,NEFT,transfer,0,,normal
TXN007340,2026-07-14 20:07:22,ACC00131,ACC00383,3129.19,IMPS,transfer,0,,normal
TXN007341,2026-07-14 20:09:10,ACC00392,ACC00534,4263.13,IMPS,transfer,0,,normal
TXN007342,2026-07-14 20:37:49,ACC00085,ACC00146,4172.48,UPI,transfer,0,,normal
TXN007343,2026-07-14 20:40:59,ACC00270,ACC00069,926.8,RTGS,transfer,0,,normal
TXN007344,2026-07-14 20:42:13,ACC00602,ACC00534,2281.4,IMPS,transfer,0,,normal
TXN007345,2026-07-14 20:43:35,ACC00427,ACC00060,2049.34,CASH_DEPOSIT,cash_deposit,0,,normal
TXN007346,2026-07-14 20:44:47,ACC00675,ACC00323,7929.47,IMPS,transfer,0,,normal
TXN007347,2026-07-14 20:46:19,ACC00538,ACC00480,2410.52,CASH_DEPOSIT,cash_deposit,0,,normal
TXN007348,2026-07-14 21:19:04,ACC00135,ACC00113,2198.03,IMPS,transfer,0,,normal
TXN007349,2026-07-14 21:19:11,ACC00549,ACC00165,3645.3,CASH_DEPOSIT,cash_deposit,0,,normal
TXN007350,2026-07-14 21:41:30,ACC00063,ACC00266,3646.26,NEFT,transfer,0,,normal
TXN007351,2026-07-14 21:57:22,ACC00110,ACC00120,20042.97,CASH_DEPOSIT,cash_deposit,0,,normal
TXN007352,2026-07-14 21:58:59,ACC00615,ACC00481,1200.88,CASH_DEPOSIT,cash_deposit,0,,normal
TXN007353,2026-07-14 22:00:20,ACC00408,ACC00601,19360.35,IMPS,transfer,0,,normal
TXN007354,2026-07-14 22:16:01,ACC00610,ACC00407,10527.57,NEFT,transfer,0,,normal
TXN007355,2026-07-14 22:16:14,ACC00232,ACC00107,5855.02,UPI,transfer,0,,normal
TXN007356,2026-07-14 22:27:07,ACC00495,ACC00309,2473.35,NEFT,transfer,0,,normal
TXN007357,2026-07-14 22:33:31,ACC00143,ACC00605,4828.79,RTGS,transfer,0,,normal
TXN007358,2026-07-14 22:36:02,ACC00665,ACC00081,2524.51,IMPS,transfer,0,,normal
TXN007359,2026-07-14 22:40:52,ACC00478,ACC00038,8621.86,CASH_DEPOSIT,cash_deposit,0,,normal
TXN007360,2026-07-14 22:44:33,ACC00036,ACC00079,4266.44,CASH_DEPOSIT,cash_deposit,0,,normal
TXN007361,2026-07-14 22:53:48,ACC00205,ACC00370,2218.25,CASH_DEPOSIT,cash_deposit,0,,normal
TXN007362,2026-07-14 23:05:05,ACC00649,ACC00519,4167.71,IMPS,transfer,0,,normal
TXN007363,2026-07-14 23:12:26,ACC00467,ACC00146,11855.23,RTGS,transfer,0,,normal
TXN007364,2026-07-14 23:18:23,ACC00051,ACC00565,5870.03,IMPS,transfer,0,,normal
TXN007365,2026-07-14 23:22:13,ACC00204,ACC00694,15472.51,CASH_DEPOSIT,cash_deposit,0,,normal
TXN007366,2026-07-14 23:24:10,ACC00619,ACC00508,1800.21,IMPS,transfer,0,,normal
TXN007367,2026-07-14 23:31:23,ACC00430,ACC00618,2914.34,UPI,transfer,0,,normal
TXN007368,2026-07-14 23:35:29,ACC00117,ACC00418,10629.92,CASH_DEPOSIT,cash_deposit,0,,normal
TXN007369,2026-07-14 23:36:41,ACC00289,ACC00482,3989.68,CASH_DEPOSIT,cash_deposit,0,,normal
TXN007370,2026-07-14 23:43:43,ACC00643,ACC00509,1220.08,UPI,transfer,0,,normal
TXN007371,2026-07-14 23:59:15,ACC00524,ACC00209,2179.14,NEFT,transfer,0,,normal
TXN007372,2026-07-14 23:59:36,ACC00248,ACC00570,2500.67,RTGS,transfer,0,,normal
TXN007373,2026-07-15 00:12:23,ACC00150,ACC00592,710.46,CASH_DEPOSIT,cash_deposit,0,,normal
TXN007374,2026-07-15 00:13:53,ACC00674,ACC00448,1211.23,IMPS,transfer,0,,normal
TXN007375,2026-07-15 00:18:42,ACC00544,ACC00615,2410.95,CASH_DEPOSIT,cash_deposit,0,,normal
TXN007376,2026-07-15 01:02:12,ACC00421,ACC00310,2765.37,UPI,transfer,0,,normal
TXN007377,2026-07-15 01:04:47,ACC00215,ACC00108,7172.97,NEFT,transfer,0,,normal
TXN007378,2026-07-15 01:14:49,ACC00522,ACC00403,18117.16,IMPS,transfer,0,,normal
TXN007379,2026-07-15 01:30:48,ACC00415,ACC00674,5520.56,RTGS,transfer,0,,normal
TXN007380,2026-07-15 01:38:10,ACC00239,ACC00298,5724.27,UPI,transfer,0,,normal
TXN007381,2026-07-15 01:40:12,ACC00669,ACC00013,1654.03,NEFT,transfer,0,,normal
TXN007382,2026-07-15 02:00:24,ACC00390,ACC00040,2067.74,UPI,transfer,0,,normal
TXN007383,2026-07-15 02:07:01,ACC00004,ACC00353,1943.13,UPI,transfer,0,,normal
TXN007384,2026-07-15 02:12:00,ACC00098,ACC00473,2867.76,CASH_DEPOSIT,cash_deposit,0,,normal
TXN007385,2026-07-15 02:24:05,ACC00593,ACC00133,3456.28,RTGS,transfer,0,,normal
TXN007386,2026-07-15 02:27:12,ACC00648,ACC00368,3376.7,IMPS,transfer,0,,normal
TXN007387,2026-07-15 02:41:46,ACC00200,ACC00429,1382.56,NEFT,transfer,0,,normal
TXN007388,2026-07-15 02:44:17,ACC00139,ACC00503,16408.94,IMPS,transfer,0,,normal
TXN007389,2026-07-15 02:46:03,ACC00623,ACC00219,12519.52,CASH_DEPOSIT,cash_deposit,0,,normal
TXN007390,2026-07-15 02:54:25,ACC00278,ACC00567,28264.95,CASH_DEPOSIT,cash_deposit,0,,normal
TXN007391,2026-07-15 02:59:57,ACC00408,ACC00352,1804.11,IMPS,transfer,0,,normal
TXN007392,2026-07-15 03:00:06,ACC00296,ACC00113,1638.28,IMPS,transfer,0,,normal
TXN007393,2026-07-15 03:01:17,ACC00695,ACC00028,2716.09,NEFT,transfer,0,,normal
TXN007394,2026-07-15 03:04:10,ACC00675,ACC00184,4310.09,CASH_DEPOSIT,cash_deposit,0,,normal
TXN007395,2026-07-15 03:13:46,ACC00264,ACC00501,2845.25,RTGS,transfer,0,,normal
TXN007396,2026-07-15 03:18:08,ACC00516,ACC00298,2834.06,CASH_DEPOSIT,cash_deposit,0,,normal
TXN007397,2026-07-15 03:39:13,ACC00188,ACC00356,1021.01,CASH_DEPOSIT,cash_deposit,0,,normal
TXN007398,2026-07-15 03:44:24,ACC00583,ACC00034,3562.74,RTGS,transfer,0,,normal
TXN007399,2026-07-15 03:52:12,ACC00030,ACC00298,10643.55,RTGS,transfer,0,,normal
TXN007400,2026-07-15 04:08:06,ACC00301,ACC00427,1114.06,IMPS,transfer,0,,normal
TXN007401,2026-07-15 04:10:20,ACC00193,ACC00524,3958.59,IMPS,transfer,0,,normal
TXN007402,2026-07-15 04:16:21,ACC00402,ACC00544,2862.86,UPI,transfer,0,,normal
TXN007403,2026-07-15 04:19:53,ACC00179,ACC00532,3906.14,IMPS,transfer,0,,normal
TXN007404,2026-07-15 04:26:56,ACC00135,ACC00158,1652.86,IMPS,transfer,0,,normal
TXN007405,2026-07-15 04:26:56,ACC00528,ACC00145,2149.06,NEFT,transfer,0,,normal
TXN007406,2026-07-15 04:28:44,ACC00526,ACC00179,433.39,RTGS,transfer,0,,normal
TXN007407,2026-07-15 04:32:40,ACC00350,ACC00192,4590.94,NEFT,transfer,0,,normal
TXN007408,2026-07-15 04:34:41,ACC00392,ACC00525,3052.97,NEFT,transfer,0,,normal
TXN007409,2026-07-15 05:00:33,ACC00614,ACC00440,1806.32,UPI,transfer,0,,normal
TXN007410,2026-07-15 05:00:52,ACC00562,ACC00163,10669.38,NEFT,transfer,0,,normal
TXN007411,2026-07-15 05:01:16,ACC00520,ACC00359,2357.4,UPI,transfer,0,,normal
TXN007412,2026-07-15 05:21:36,ACC00515,ACC00243,7685.92,NEFT,transfer,0,,normal
TXN007413,2026-07-15 05:29:46,ACC00140,ACC00415,6320.23,CASH_DEPOSIT,cash_deposit,0,,normal
TXN007414,2026-07-15 05:37:58,ACC00512,ACC00547,1754.78,UPI,transfer,0,,normal
TXN007415,2026-07-15 05:41:09,ACC00620,ACC00284,1079.77,CASH_DEPOSIT,cash_deposit,0,,normal
TXN007416,2026-07-15 05:51:58,ACC00629,ACC00481,4333.22,RTGS,transfer,0,,normal
TXN007417,2026-07-15 06:05:10,ACC00416,ACC00614,8048.71,NEFT,transfer,0,,normal
TXN007418,2026-07-15 06:35:30,ACC00072,ACC00504,7241.81,RTGS,transfer,0,,normal
TXN007419,2026-07-15 06:47:29,ACC00138,ACC00308,4131.2,NEFT,transfer,0,,normal
TXN007420,2026-07-15 06:50:54,ACC00246,ACC00064,3003.3,UPI,transfer,0,,normal
TXN007421,2026-07-15 07:16:37,ACC00614,ACC00622,3417.96,IMPS,transfer,0,,normal
TXN007422,2026-07-15 07:18:21,ACC00265,ACC00259,2753.54,CASH_DEPOSIT,cash_deposit,0,,normal
TXN007423,2026-07-15 07:20:11,ACC00027,ACC00082,1079.05,CASH_DEPOSIT,cash_deposit,0,,normal
TXN007424,2026-07-15 07:44:26,ACC00655,ACC00111,283.23,CASH_DEPOSIT,cash_deposit,0,,normal
TXN007425,2026-07-15 07:45:17,ACC00574,ACC00411,6162.02,CASH_DEPOSIT,cash_deposit,0,,normal
TXN007426,2026-07-15 07:50:33,ACC00650,ACC00515,8518.08,NEFT,transfer,0,,normal
TXN007427,2026-07-15 08:17:05,ACC00490,ACC00069,2358.82,CASH_DEPOSIT,cash_deposit,0,,normal
TXN007428,2026-07-15 08:24:50,ACC00387,ACC00552,941.3,CASH_DEPOSIT,cash_deposit,0,,normal
TXN007429,2026-07-15 08:24:50,ACC00491,ACC00682,3488.99,RTGS,transfer,0,,normal
TXN007430,2026-07-15 08:32:35,ACC00630,ACC00122,15692.39,RTGS,transfer,0,,normal
TXN007431,2026-07-15 08:32:38,ACC00032,ACC00564,10849.36,RTGS,transfer,0,,normal
TXN007432,2026-07-15 08:32:56,ACC00582,ACC00408,752.09,UPI,transfer,0,,normal
TXN007433,2026-07-15 08:38:17,ACC00425,ACC00485,5307.54,NEFT,transfer,0,,normal
TXN007434,2026-07-15 08:42:20,ACC00203,ACC00334,1621.46,NEFT,transfer,0,,normal
TXN007435,2026-07-15 08:44:47,ACC00044,ACC00069,1420.87,NEFT,transfer,0,,normal
TXN007436,2026-07-15 08:58:04,ACC00330,ACC00194,1592.69,RTGS,transfer,0,,normal
TXN007437,2026-07-15 09:04:57,ACC00308,ACC00612,11654.77,IMPS,transfer,0,,normal
TXN007438,2026-07-15 09:28:10,ACC00175,ACC00568,1930.24,CASH_DEPOSIT,cash_deposit,0,,normal
TXN007439,2026-07-15 09:45:55,ACC00103,ACC00052,3034.78,RTGS,transfer,0,,normal
TXN007440,2026-07-15 09:47:21,ACC00341,ACC00082,4857.09,NEFT,transfer,0,,normal
TXN007441,2026-07-15 10:30:53,ACC00026,ACC00232,1547.17,UPI,transfer,0,,normal
TXN007442,2026-07-15 10:38:08,ACC00353,ACC00463,5871.0,IMPS,transfer,0,,normal
TXN007443,2026-07-15 10:41:23,ACC00214,ACC00130,6261.82,CASH_DEPOSIT,cash_deposit,0,,normal
TXN007444,2026-07-15 10:47:29,ACC00690,ACC00403,28146.86,CASH_DEPOSIT,cash_deposit,0,,normal
TXN007445,2026-07-15 10:54:37,ACC00672,ACC00597,10158.45,UPI,transfer,0,,normal
TXN007446,2026-07-15 10:58:50,ACC00173,ACC00592,278819.05,NEFT,transfer,1,LAYER004,cyclic_layering
TXN007447,2026-07-15 11:12:17,ACC00199,ACC00327,6352.0,IMPS,transfer,0,,normal
TXN007448,2026-07-15 11:33:13,ACC00489,ACC00085,10863.89,CASH_DEPOSIT,cash_deposit,0,,normal
TXN007449,2026-07-15 11:36:57,ACC00294,ACC00354,1089.59,RTGS,transfer,0,,normal
TXN007450,2026-07-15 11:44:41,ACC00333,ACC00124,4164.81,IMPS,transfer,0,,normal
TXN007451,2026-07-15 12:04:51,ACC00050,ACC00010,1072.39,CASH_DEPOSIT,cash_deposit,0,,normal
TXN007452,2026-07-15 12:13:04,ACC00372,ACC00102,8930.01,NEFT,transfer,0,,normal
TXN007453,2026-07-15 12:16:00,ACC00175,ACC00592,11007.07,UPI,transfer,0,,normal
TXN007454,2026-07-15 12:20:46,ACC00082,ACC00617,1061.01,RTGS,transfer,0,,normal
TXN007455,2026-07-15 12:27:28,ACC00332,ACC00003,1288.52,NEFT,transfer,0,,normal
TXN007456,2026-07-15 12:37:21,ACC00401,ACC00365,11394.5,UPI,transfer,0,,normal
TXN007457,2026-07-15 12:52:47,ACC00284,ACC00010,6950.55,CASH_DEPOSIT,cash_deposit,0,,normal
TXN007458,2026-07-15 13:03:44,ACC00345,ACC00427,8076.64,CASH_DEPOSIT,cash_deposit,0,,normal
TXN007459,2026-07-15 13:14:53,ACC00666,ACC00084,2822.89,CASH_DEPOSIT,cash_deposit,0,,normal
TXN007460,2026-07-15 13:26:23,ACC00055,ACC00655,4184.09,IMPS,transfer,0,,normal
TXN007461,2026-07-15 13:31:11,ACC00347,ACC00046,2430.82,CASH_DEPOSIT,cash_deposit,0,,normal
TXN007462,2026-07-15 13:43:04,ACC00326,ACC00315,3747.96,IMPS,transfer,0,,normal
TXN007463,2026-07-15 13:43:07,ACC00013,ACC00125,1890.42,RTGS,transfer,0,,normal
TXN007464,2026-07-15 13:51:46,ACC00252,ACC00679,3568.6,RTGS,transfer,0,,normal
TXN007465,2026-07-15 13:56:40,ACC00095,ACC00430,2362.36,RTGS,transfer,0,,normal
TXN007466,2026-07-15 14:07:09,ACC00587,ACC00693,2400.75,CASH_DEPOSIT,cash_deposit,0,,normal
TXN007467,2026-07-15 14:32:19,ACC00203,ACC00664,6310.46,RTGS,transfer,0,,normal
TXN007468,2026-07-15 14:42:27,ACC00238,ACC00655,1771.71,NEFT,transfer,0,,normal
TXN007469,2026-07-15 14:47:54,ACC00490,ACC00526,5353.51,IMPS,transfer,0,,normal
TXN007470,2026-07-15 15:14:03,ACC00664,ACC00156,6591.78,IMPS,transfer,0,,normal
TXN007471,2026-07-15 15:18:50,ACC00395,ACC00055,3964.26,UPI,transfer,0,,normal
TXN007472,2026-07-15 15:23:31,ACC00469,ACC00114,3348.78,CASH_DEPOSIT,cash_deposit,0,,normal
TXN007473,2026-07-15 15:24:56,ACC00560,ACC00224,3055.73,IMPS,transfer,0,,normal
TXN007474,2026-07-15 15:29:22,ACC00195,ACC00620,2290.57,UPI,transfer,0,,normal
TXN007475,2026-07-15 15:29:44,ACC00353,ACC00591,10383.47,IMPS,transfer,0,,normal
TXN007476,2026-07-15 15:50:43,ACC00399,ACC00435,7116.19,RTGS,transfer,0,,normal
TXN007477,2026-07-15 15:51:43,ACC00401,ACC00161,15907.15,RTGS,transfer,0,,normal
TXN007478,2026-07-15 15:58:39,ACC00303,ACC00023,1666.59,NEFT,transfer,0,,normal
TXN007479,2026-07-15 16:04:25,ACC00668,ACC00166,2001.82,UPI,transfer,0,,normal
TXN007480,2026-07-15 16:09:24,ACC00453,ACC00213,4928.79,RTGS,transfer,0,,normal
TXN007481,2026-07-15 16:18:18,ACC00025,ACC00171,7457.92,CASH_DEPOSIT,cash_deposit,0,,normal
TXN007482,2026-07-15 16:27:01,ACC00411,ACC00549,484.09,RTGS,transfer,0,,normal
TXN007483,2026-07-15 16:28:09,ACC00356,ACC00168,2201.91,CASH_DEPOSIT,cash_deposit,0,,normal
TXN007484,2026-07-15 16:40:40,ACC00148,ACC00553,31055.84,UPI,transfer,0,,normal
TXN007485,2026-07-15 16:54:09,ACC00146,ACC00037,6978.19,RTGS,transfer,0,,normal
TXN007486,2026-07-15 16:54:11,ACC00603,ACC00649,10380.19,RTGS,transfer,0,,normal
TXN007487,2026-07-15 16:59:24,ACC00655,ACC00398,9649.87,CASH_DEPOSIT,cash_deposit,0,,normal
TXN007488,2026-07-15 17:00:24,ACC00197,ACC00449,493.83,NEFT,transfer,0,,normal
TXN007489,2026-07-15 17:02:36,ACC00518,ACC00424,5214.19,NEFT,transfer,0,,normal
TXN007490,2026-07-15 17:12:41,ACC00659,ACC00651,4348.4,NEFT,transfer,0,,normal
TXN007491,2026-07-15 17:21:31,ACC00502,ACC00570,1024.51,RTGS,transfer,0,,normal
TXN007492,2026-07-15 17:31:54,ACC00109,ACC00446,5674.22,NEFT,transfer,0,,normal
TXN007493,2026-07-15 18:02:10,ACC00493,ACC00507,1985.43,UPI,transfer,0,,normal
TXN007494,2026-07-15 18:07:50,ACC00364,ACC00618,1508.9,CASH_DEPOSIT,cash_deposit,0,,normal
TXN007495,2026-07-15 18:16:31,ACC00313,ACC00334,17094.77,CASH_DEPOSIT,cash_deposit,0,,normal
TXN007496,2026-07-15 18:16:59,ACC00626,ACC00059,1259.52,UPI,transfer,0,,normal
TXN007497,2026-07-15 18:22:24,ACC00308,ACC00511,2838.4,UPI,transfer,0,,normal
TXN007498,2026-07-15 18:23:34,ACC00515,ACC00086,7208.99,NEFT,transfer,0,,normal
TXN007499,2026-07-15 18:25:30,ACC00588,ACC00143,10568.03,RTGS,transfer,0,,normal
TXN007500,2026-07-15 18:36:50,ACC00259,ACC00574,6512.02,RTGS,transfer,0,,normal
TXN007501,2026-07-15 18:37:31,ACC00361,ACC00103,724.35,RTGS,transfer,0,,normal
TXN007502,2026-07-15 18:42:10,ACC00436,ACC00354,2866.93,NEFT,transfer,0,,normal
TXN007503,2026-07-15 18:46:31,ACC00052,ACC00186,834.84,UPI,transfer,0,,normal
TXN007504,2026-07-15 18:51:13,ACC00093,ACC00445,2758.29,UPI,transfer,0,,normal
TXN007505,2026-07-15 18:52:11,ACC00344,ACC00573,10092.26,UPI,transfer,0,,normal
TXN007506,2026-07-15 18:55:13,ACC00093,ACC00140,2091.15,CASH_DEPOSIT,cash_deposit,0,,normal
TXN007507,2026-07-15 18:58:12,ACC00170,ACC00012,4333.11,CASH_DEPOSIT,cash_deposit,0,,normal
TXN007508,2026-07-15 18:59:00,ACC00027,ACC00154,1127.14,UPI,transfer,0,,normal
TXN007509,2026-07-15 18:59:51,ACC00651,ACC00268,2982.86,NEFT,transfer,0,,normal
TXN007510,2026-07-15 19:18:20,ACC00475,ACC00112,2741.95,NEFT,transfer,0,,normal
TXN007511,2026-07-15 19:48:13,ACC00137,ACC00657,10779.43,CASH_DEPOSIT,cash_deposit,0,,normal
TXN007512,2026-07-15 19:51:53,ACC00626,ACC00656,1848.48,NEFT,transfer,0,,normal
TXN007513,2026-07-15 19:53:28,ACC00001,ACC00036,2107.76,CASH_DEPOSIT,cash_deposit,0,,normal
TXN007514,2026-07-15 19:59:58,ACC00411,ACC00588,4431.75,UPI,transfer,0,,normal
TXN007515,2026-07-15 20:28:05,ACC00088,ACC00405,1958.24,IMPS,transfer,0,,normal
TXN007516,2026-07-15 20:33:46,ACC00305,ACC00603,6084.82,CASH_DEPOSIT,cash_deposit,0,,normal
TXN007517,2026-07-15 20:42:31,ACC00360,ACC00316,2411.34,UPI,transfer,0,,normal
TXN007518,2026-07-15 20:44:02,ACC00200,ACC00255,2309.14,IMPS,transfer,0,,normal
TXN007519,2026-07-15 21:20:32,ACC00182,ACC00570,1854.79,CASH_DEPOSIT,cash_deposit,0,,normal
TXN007520,2026-07-15 21:22:08,ACC00409,ACC00410,5163.49,NEFT,transfer,0,,normal
TXN007521,2026-07-15 21:24:40,ACC00336,ACC00469,9963.61,IMPS,transfer,0,,normal
TXN007522,2026-07-15 21:34:47,ACC00381,ACC00313,2729.11,RTGS,transfer,0,,normal
TXN007523,2026-07-15 21:35:28,ACC00563,ACC00584,2672.1,CASH_DEPOSIT,cash_deposit,0,,normal
TXN007524,2026-07-15 21:53:58,ACC00549,ACC00512,13492.52,UPI,transfer,0,,normal
TXN007525,2026-07-15 21:56:38,ACC00218,ACC00598,12760.49,CASH_DEPOSIT,cash_deposit,0,,normal
TXN007526,2026-07-15 21:58:59,ACC00324,ACC00451,6086.64,IMPS,transfer,0,,normal
TXN007527,2026-07-15 22:05:31,ACC00130,ACC00533,5742.31,UPI,transfer,0,,normal
TXN007528,2026-07-15 22:22:39,ACC00674,ACC00099,3858.58,RTGS,transfer,0,,normal
TXN007529,2026-07-15 22:34:55,ACC00144,ACC00516,3277.74,CASH_DEPOSIT,cash_deposit,0,,normal
TXN007530,2026-07-15 22:45:50,ACC00033,ACC00576,1529.88,IMPS,transfer,0,,normal
TXN007531,2026-07-15 23:17:05,ACC00143,ACC00158,9540.76,CASH_DEPOSIT,cash_deposit,0,,normal
TXN007532,2026-07-15 23:20:40,ACC00308,ACC00153,3365.42,NEFT,transfer,0,,normal
TXN007533,2026-07-15 23:28:21,ACC00589,ACC00060,11632.75,CASH_DEPOSIT,cash_deposit,0,,normal
TXN007534,2026-07-15 23:35:24,ACC00511,ACC00048,6567.34,UPI,transfer,0,,normal
TXN007535,2026-07-15 23:40:44,ACC00233,ACC00360,5215.48,NEFT,transfer,0,,normal
TXN007536,2026-07-15 23:45:56,ACC00364,ACC00632,2675.97,CASH_DEPOSIT,cash_deposit,0,,normal
TXN007537,2026-07-15 23:48:11,ACC00605,ACC00428,2849.31,NEFT,transfer,0,,normal
TXN007538,2026-07-15 23:57:01,ACC00256,ACC00287,3214.22,UPI,transfer,0,,normal
TXN007539,2026-07-15 23:59:03,ACC00087,ACC00159,4927.81,UPI,transfer,0,,normal
TXN007540,2026-07-16 00:10:20,ACC00060,ACC00490,10120.85,RTGS,transfer,0,,normal
TXN007541,2026-07-16 00:12:44,ACC00063,ACC00314,5189.98,CASH_DEPOSIT,cash_deposit,0,,normal
TXN007542,2026-07-16 00:18:31,ACC00278,ACC00147,5338.98,CASH_DEPOSIT,cash_deposit,0,,normal
TXN007543,2026-07-16 00:21:55,ACC00594,ACC00028,8546.94,IMPS,transfer,0,,normal
TXN007544,2026-07-16 00:24:48,ACC00229,ACC00032,3455.88,NEFT,transfer,0,,normal
TXN007545,2026-07-16 00:40:53,ACC00627,ACC00283,13051.76,IMPS,transfer,0,,normal
TXN007546,2026-07-16 01:03:28,ACC00251,ACC00538,894.72,RTGS,transfer,0,,normal
TXN007547,2026-07-16 01:12:37,ACC00541,ACC00413,5241.39,IMPS,transfer,0,,normal
TXN007548,2026-07-16 01:15:59,ACC00292,ACC00466,2340.13,RTGS,transfer,0,,normal
TXN007549,2026-07-16 01:21:36,ACC00418,ACC00115,1328.26,IMPS,transfer,0,,normal
TXN007550,2026-07-16 01:27:12,ACC00313,ACC00174,15210.85,RTGS,transfer,0,,normal
TXN007551,2026-07-16 01:33:07,ACC00693,ACC00691,2521.75,CASH_DEPOSIT,cash_deposit,0,,normal
TXN007552,2026-07-16 02:12:57,ACC00519,ACC00069,5177.18,RTGS,transfer,0,,normal
TXN007553,2026-07-16 02:14:30,ACC00550,ACC00024,6851.89,UPI,transfer,0,,normal
TXN007554,2026-07-16 02:20:17,ACC00037,ACC00355,11445.06,CASH_DEPOSIT,cash_deposit,0,,normal
TXN007555,2026-07-16 02:29:02,ACC00173,ACC00068,841.7,RTGS,transfer,0,,normal
TXN007556,2026-07-16 02:31:54,ACC00199,ACC00376,7855.44,RTGS,transfer,0,,normal
TXN007557,2026-07-16 02:34:52,ACC00218,ACC00282,4289.34,CASH_DEPOSIT,cash_deposit,0,,normal
TXN007558,2026-07-16 02:49:08,ACC00568,ACC00685,1977.32,IMPS,transfer,0,,normal
TXN007559,2026-07-16 02:59:28,ACC00416,ACC00463,1967.91,NEFT,transfer,0,,normal
TXN007560,2026-07-16 03:14:32,ACC00523,ACC00346,4518.21,NEFT,transfer,0,,normal
TXN007561,2026-07-16 03:19:33,ACC00262,ACC00474,2295.42,CASH_DEPOSIT,cash_deposit,0,,normal
TXN007562,2026-07-16 03:29:34,ACC00672,ACC00510,1888.16,RTGS,transfer,0,,normal
TXN007563,2026-07-16 03:41:36,ACC00197,ACC00232,14290.58,NEFT,transfer,0,,normal
TXN007564,2026-07-16 03:48:12,ACC00194,ACC00700,2509.64,CASH_DEPOSIT,cash_deposit,0,,normal
TXN007565,2026-07-16 04:07:16,ACC00618,ACC00533,2101.12,RTGS,transfer,0,,normal
TXN007566,2026-07-16 04:07:52,ACC00303,ACC00605,6034.97,UPI,transfer,0,,normal
TXN007567,2026-07-16 04:09:00,ACC00549,ACC00204,6405.07,RTGS,transfer,0,,normal
TXN007568,2026-07-16 04:18:13,ACC00215,ACC00222,9260.04,IMPS,transfer,0,,normal
TXN007569,2026-07-16 04:26:00,ACC00606,ACC00600,1425.04,IMPS,transfer,0,,normal
TXN007570,2026-07-16 04:45:51,ACC00406,ACC00227,3208.32,UPI,transfer,0,,normal
TXN007571,2026-07-16 04:48:55,ACC00512,ACC00641,3710.73,NEFT,transfer,0,,normal
TXN007572,2026-07-16 04:51:43,ACC00379,ACC00523,2649.33,RTGS,transfer,0,,normal
TXN007573,2026-07-16 05:12:06,ACC00457,ACC00676,3576.66,NEFT,transfer,0,,normal
TXN007574,2026-07-16 05:12:57,ACC00300,ACC00260,2923.03,CASH_DEPOSIT,cash_deposit,0,,normal
TXN007575,2026-07-16 05:13:46,ACC00158,ACC00681,4746.9,IMPS,transfer,0,,normal
TXN007576,2026-07-16 05:14:06,ACC00017,ACC00464,2384.67,IMPS,transfer,0,,normal
TXN007577,2026-07-16 05:18:48,ACC00419,ACC00353,1238.72,CASH_DEPOSIT,cash_deposit,0,,normal
TXN007578,2026-07-16 05:19:47,ACC00635,ACC00097,545.2,IMPS,transfer,0,,normal
TXN007579,2026-07-16 05:23:25,ACC00557,ACC00698,5247.2,NEFT,transfer,0,,normal
TXN007580,2026-07-16 05:34:51,ACC00316,ACC00007,7787.67,UPI,transfer,0,,normal
TXN007581,2026-07-16 05:53:47,ACC00387,ACC00625,1688.44,CASH_DEPOSIT,cash_deposit,0,,normal
TXN007582,2026-07-16 05:57:33,ACC00265,ACC00389,2324.43,RTGS,transfer,0,,normal
TXN007583,2026-07-16 06:39:43,ACC00256,ACC00646,2425.9,UPI,transfer,0,,normal
TXN007584,2026-07-16 06:50:39,ACC00676,ACC00339,8732.89,IMPS,transfer,0,,normal
TXN007585,2026-07-16 07:31:01,ACC00611,ACC00047,4403.21,CASH_DEPOSIT,cash_deposit,0,,normal
TXN007586,2026-07-16 07:31:43,ACC00411,ACC00608,3990.25,UPI,transfer,0,,normal
TXN007587,2026-07-16 08:40:41,ACC00439,ACC00499,2666.93,NEFT,transfer,0,,normal
TXN007588,2026-07-16 08:54:32,ACC00356,ACC00496,4424.95,UPI,transfer,0,,normal
TXN007589,2026-07-16 08:54:33,ACC00512,ACC00665,1536.25,NEFT,transfer,0,,normal
TXN007590,2026-07-16 08:58:29,ACC00197,ACC00121,7032.11,CASH_DEPOSIT,cash_deposit,0,,normal
TXN007591,2026-07-16 09:06:19,ACC00155,ACC00354,4419.83,NEFT,transfer,0,,normal
TXN007592,2026-07-16 09:17:49,ACC00436,ACC00492,87216.57,UPI,transfer,0,,normal
TXN007593,2026-07-16 09:56:14,ACC00534,ACC00004,7871.72,IMPS,transfer,0,,normal
TXN007594,2026-07-16 10:15:14,ACC00504,ACC00307,733.21,UPI,transfer,0,,normal
TXN007595,2026-07-16 10:25:14,ACC00184,ACC00014,2218.32,UPI,transfer,0,,normal
TXN007596,2026-07-16 10:55:54,ACC00391,ACC00343,2682.28,CASH_DEPOSIT,cash_deposit,0,,normal
TXN007597,2026-07-16 10:56:03,ACC00308,ACC00557,9043.09,CASH_DEPOSIT,cash_deposit,0,,normal
TXN007598,2026-07-16 11:18:42,ACC00154,ACC00114,1691.73,IMPS,transfer,0,,normal
TXN007599,2026-07-16 11:37:56,ACC00027,ACC00145,3806.23,RTGS,transfer,0,,normal
TXN007600,2026-07-16 11:55:44,ACC00040,ACC00281,6199.96,RTGS,transfer,0,,normal
TXN007601,2026-07-16 11:56:28,ACC00086,ACC00503,3427.03,IMPS,transfer,0,,normal
TXN007602,2026-07-16 12:45:56,ACC00579,ACC00516,2250.08,RTGS,transfer,0,,normal
TXN007603,2026-07-16 12:53:59,ACC00034,ACC00303,2427.88,IMPS,transfer,0,,normal
TXN007604,2026-07-16 13:11:43,ACC00514,ACC00161,2934.82,NEFT,transfer,0,,normal
TXN007605,2026-07-16 13:14:53,ACC00507,ACC00567,3707.44,NEFT,transfer,0,,normal
TXN007606,2026-07-16 13:20:02,ACC00158,ACC00296,12066.7,IMPS,transfer,0,,normal
TXN007607,2026-07-16 13:41:48,ACC00143,ACC00108,3687.61,RTGS,transfer,0,,normal
TXN007608,2026-07-16 13:57:30,ACC00609,ACC00647,1172.44,RTGS,transfer,0,,normal
TXN007609,2026-07-16 14:01:25,ACC00140,ACC00596,3034.05,RTGS,transfer,0,,normal
TXN007610,2026-07-16 14:02:20,ACC00341,ACC00680,4791.68,CASH_DEPOSIT,cash_deposit,0,,normal
TXN007611,2026-07-16 15:40:22,ACC00602,ACC00022,5966.98,NEFT,transfer,0,,normal
TXN007612,2026-07-16 16:02:47,ACC00247,ACC00509,693.23,NEFT,transfer,0,,normal
TXN007613,2026-07-16 16:07:48,ACC00544,ACC00487,16325.8,UPI,transfer,0,,normal
TXN007614,2026-07-16 16:44:50,ACC00340,ACC00694,10117.87,UPI,transfer,0,,normal
TXN007615,2026-07-16 16:48:55,ACC00317,ACC00408,14869.57,CASH_DEPOSIT,cash_deposit,0,,normal
TXN007616,2026-07-16 17:34:16,ACC00049,ACC00632,2722.07,NEFT,transfer,0,,normal
TXN007617,2026-07-16 18:04:33,ACC00164,ACC00536,4693.02,UPI,transfer,0,,normal
TXN007618,2026-07-16 19:01:20,ACC00483,ACC00363,4776.82,CASH_DEPOSIT,cash_deposit,0,,normal
TXN007619,2026-07-16 19:01:37,ACC00342,ACC00204,904.13,IMPS,transfer,0,,normal
TXN007620,2026-07-16 19:25:13,ACC00656,ACC00168,2605.55,RTGS,transfer,0,,normal
TXN007621,2026-07-16 22:02:42,ACC00421,ACC00156,2068.68,IMPS,transfer,0,,normal
TXN007622,2026-07-16 22:40:45,ACC00388,ACC00313,1496.37,CASH_DEPOSIT,cash_deposit,0,,normal
